2026-05-10 11:59:21,673 - INFO - Configurações carregadas de config.yaml
2026-05-10 11:59:21,682 - INFO - Dados carregados de data/latest_market_data.json
2026-05-10 11:59:21,682 - INFO - Albion Market Tracker inicializado
2026-05-10 11:59:22,615 - INFO - 
=== MODO AUTOMÁTICO DE COLETA ===
2026-05-10 11:59:25,804 - INFO - Interrompido pelo usuário
2026-05-10 11:59:29,089 - INFO - Configurações carregadas de config.yaml
2026-05-10 11:59:29,098 - INFO - Dados carregados de data/latest_market_data.json
2026-05-10 11:59:29,098 - INFO - Albion Market Tracker inicializado
2026-05-10 11:59:30,054 - INFO - 
=== MODO AUTOMÁTICO DE COLETA ===
2026-05-10 11:59:33,246 - INFO - Iniciando coleta de 38 itens.
2026-05-10 11:59:33,247 - INFO - 
[1/38] Robe de Erudito
2026-05-10 11:59:39,252 - INFO - Robe de Erudito 5.0
Preco: 15079 Vendidos: 834
2026-05-10 11:59:42,083 - INFO - Robe de Erudito 5.1
Preco: 24670 Vendidos: 244
2026-05-10 11:59:44,890 - INFO - Robe de Erudito 5.2
Preco: 75692 Vendidos: 54
2026-05-10 11:59:47,744 - INFO - Robe de Erudito 5.3
Preco: 375000 Vendidos: 3
2026-05-10 11:59:52,593 - INFO - Robe de Erudito 6.0
Preco: 35303 Vendidos: 717
2026-05-10 11:59:55,425 - INFO - Robe de Erudito 6.1
Preco: 68000 Vendidos: 100
2026-05-10 11:59:58,251 - INFO - Robe de Erudito 6.2
Preco: 319976 Vendidos: 2
2026-05-10 12:00:01,045 - INFO - Robe de Erudito 6.3
Preco: 651990 Vendidos: 1
2026-05-10 12:00:05,885 - INFO - Robe de Erudito 7.0
Preco: 98957 Vendidos: 146
2026-05-10 12:00:08,725 - INFO - Robe de Erudito 7.1
Preco: 246064 Vendidos: 19
2026-05-10 12:00:11,562 - INFO - Robe de Erudito 7.2
Preco: 733900 Vendidos: 4
2026-05-10 12:00:14,382 - INFO - Robe de Erudito 7.3
Preco: 2499997 Vendidos: 0
2026-05-10 12:00:19,221 - INFO - Robe de Erudito 8.0
Preco: 289988 Vendidos: 18
2026-05-10 12:00:22,054 - INFO - Robe de Erudito 8.1
Preco: 606987 Vendidos: 5
2026-05-10 12:00:24,856 - INFO - Robe de Erudito 8.2
Preco: 2698887 Vendidos: 2
2026-05-10 12:00:27,688 - INFO - Robe de Erudito 8.3
Preco: 6999997 Vendidos: 1
2026-05-10 12:00:28,642 - INFO - 
[2/38] Robe de Clérigo
2026-05-10 12:00:34,009 - INFO - Robe de Clérigo 5.0
Preco: 14748 Vendidos: 1016
2026-05-10 12:00:36,834 - INFO - Robe de Clérigo 5.1
Preco: 27379 Vendidos: 201
2026-05-10 12:00:39,640 - INFO - Robe de Clérigo 5.2
Preco: 66996 Vendidos: 27
2026-05-10 12:00:42,450 - INFO - Robe de Clérigo 5.3
Preco: 303396 Vendidos: 2
2026-05-10 12:00:47,338 - INFO - Robe de Clérigo 6.0
Preco: 34988 Vendidos: 657
2026-05-10 12:00:50,173 - INFO - Robe de Clérigo 6.1
Preco: 68479 Vendidos: 83
2026-05-10 12:00:52,982 - INFO - Robe de Clérigo 6.2
Preco: 237959 Vendidos: 7
2026-05-10 12:00:55,802 - INFO - Robe de Clérigo 6.3
Preco: 601968 Vendidos: 3
2026-05-10 12:01:00,659 - INFO - Robe de Clérigo 7.0
Preco: 99989 Vendidos: 102
2026-05-10 12:01:03,474 - INFO - Robe de Clérigo 7.1
Preco: 234797 Vendidos: 18
2026-05-10 12:01:06,285 - INFO - Robe de Clérigo 7.2
Preco: 697314 Vendidos: 3
2026-05-10 12:01:09,103 - INFO - Robe de Clérigo 7.3
Preco: 2190899 Vendidos: 0
2026-05-10 12:01:13,951 - INFO - Robe de Clérigo 8.0
Preco: 267971 Vendidos: 12
2026-05-10 12:01:16,783 - INFO - Robe de Clérigo 8.1
Preco: 802434 Vendidos: 4
2026-05-10 12:01:19,611 - INFO - Robe de Clérigo 8.2
Preco: 2625990 Vendidos: 1
2026-05-10 12:01:22,451 - INFO - Robe de Clérigo 8.3
Preco: 6999781 Vendidos: 0
2026-05-10 12:01:23,409 - INFO - 
[3/38] Robe de Mago
2026-05-10 12:01:28,733 - INFO - Robe de Mago 5.0
Preco: 16014 Vendidos: 854
2026-05-10 12:01:31,547 - INFO - Robe de Mago 5.1
Preco: 25915 Vendidos: 211
2026-05-10 12:01:34,368 - INFO - Robe de Mago 5.2
Preco: 68000 Vendidos: 30
2026-05-10 12:01:37,177 - INFO - Robe de Mago 5.3
Preco: 415474 Vendidos: 3
2026-05-10 12:01:42,025 - INFO - Robe de Mago 6.0
Preco: 37162 Vendidos: 436
2026-05-10 12:01:44,856 - INFO - Robe de Mago 6.1
Preco: 67997 Vendidos: 133
2026-05-10 12:01:47,706 - INFO - Robe de Mago 6.2
Preco: 322983 Vendidos: 22
2026-05-10 12:01:50,541 - INFO - Robe de Mago 6.3
Preco: 610570 Vendidos: 3
2026-05-10 12:01:55,406 - INFO - Robe de Mago 7.0
Preco: 112215 Vendidos: 213
2026-05-10 12:01:58,232 - INFO - Robe de Mago 7.1
Preco: 279998 Vendidos: 61
2026-05-10 12:02:01,051 - INFO - Robe de Mago 7.2
Preco: 680177 Vendidos: 10
2026-05-10 12:02:03,866 - INFO - Robe de Mago 7.3
Preco: 2385016 Vendidos: 1
2026-05-10 12:02:08,699 - INFO - Robe de Mago 8.0
Preco: 318942 Vendidos: 18
2026-05-10 12:02:11,525 - INFO - Robe de Mago 8.1
Preco: 619967 Vendidos: 7
2026-05-10 12:02:14,374 - INFO - Robe de Mago 8.2
Preco: 2485949 Vendidos: 1
2026-05-10 12:02:17,163 - INFO - Robe de Mago 8.3
Preco: 7479985 Vendidos: 1
2026-05-10 12:02:18,109 - INFO - 
[4/38] Robe de Druida
2026-05-10 12:02:23,457 - INFO - Robe de Druida 5.0
Preco: 29996 Vendidos: 401
2026-05-10 12:02:26,270 - INFO - Robe de Druida 5.1
Preco: 40567 Vendidos: 85
2026-05-10 12:02:29,080 - INFO - Robe de Druida 5.2
Preco: 60980 Vendidos: 37
2026-05-10 12:02:31,861 - INFO - Robe de Druida 5.3
Preco: 359790 Vendidos: 3
2026-05-10 12:02:36,692 - INFO - Robe de Druida 6.0
Preco: 76983 Vendidos: 389
2026-05-10 12:02:39,532 - INFO - Robe de Druida 6.1
Preco: 119546 Vendidos: 138
2026-05-10 12:02:42,355 - INFO - Robe de Druida 6.2
Preco: 282998 Vendidos: 17
2026-05-10 12:02:45,196 - INFO - Robe de Druida 6.3
Preco: 719975 Vendidos: 7
2026-05-10 12:02:50,032 - INFO - Robe de Druida 7.0
Preco: 124996 Vendidos: 134
2026-05-10 12:02:52,878 - INFO - Robe de Druida 7.1
Preco: 258999 Vendidos: 24
2026-05-10 12:02:55,681 - INFO - Robe de Druida 7.2
Preco: 659996 Vendidos: 2
2026-05-10 12:02:58,527 - INFO - Robe de Druida 7.3
Preco: 2299993 Vendidos: 0
2026-05-10 12:03:03,369 - INFO - Robe de Druida 8.0
Preco: 419999 Vendidos: 59
2026-05-10 12:03:06,200 - INFO - Robe de Druida 8.1
Preco: 1149771 Vendidos: 9
2026-05-10 12:03:09,022 - INFO - Robe de Druida 8.2
Preco: 2570660 Vendidos: 2
2026-05-10 12:03:11,842 - INFO - Robe de Druida 8.3
Preco: 6454542 Vendidos: 0
2026-05-10 12:03:12,791 - INFO - 
[5/38] Casaco de Mercenário
2026-05-10 12:03:18,160 - INFO - Casaco de Mercenário 5.0
Preco: 18754 Vendidos: 818
2026-05-10 12:03:20,990 - INFO - Casaco de Mercenário 5.1
Preco: 27316 Vendidos: 247
2026-05-10 12:03:23,817 - INFO - Casaco de Mercenário 5.2
Preco: 85799 Vendidos: 25
2026-05-10 12:03:26,671 - INFO - Casaco de Mercenário 5.3
Preco: 329994 Vendidos: 5
2026-05-10 12:03:31,515 - INFO - Casaco de Mercenário 6.0
Preco: 49123 Vendidos: 385
2026-05-10 12:03:34,350 - INFO - Casaco de Mercenário 6.1
Preco: 98569 Vendidos: 86
2026-05-10 12:03:37,153 - INFO - Casaco de Mercenário 6.2
Preco: 303278 Vendidos: 8
2026-05-10 12:03:40,006 - INFO - Casaco de Mercenário 6.3
Preco: 859995 Vendidos: 2
2026-05-10 12:03:44,840 - INFO - Casaco de Mercenário 7.0
Preco: 164876 Vendidos: 102
2026-05-10 12:03:47,676 - INFO - Casaco de Mercenário 7.1
Preco: 347777 Vendidos: 13
2026-05-10 12:03:50,499 - INFO - Casaco de Mercenário 7.2
Preco: 984466 Vendidos: 2
2026-05-10 12:03:53,340 - INFO - Casaco de Mercenário 7.3
Preco: 3095976 Vendidos: 2
2026-05-10 12:03:58,133 - INFO - Casaco de Mercenário 8.0
Preco: 354990 Vendidos: 5
2026-05-10 12:04:00,965 - INFO - Casaco de Mercenário 8.1
Preco: 999998 Vendidos: 3
2026-05-10 12:04:03,764 - INFO - Casaco de Mercenário 8.2
Preco: 2744922 Vendidos: 1
2026-05-10 12:04:06,550 - INFO - Casaco de Mercenário 8.3
Preco: 6999985 Vendidos: 0
2026-05-10 12:04:07,506 - INFO - 
[6/38] Casaco de Caçador
2026-05-10 12:04:14,016 - INFO - Casaco de Caçador 5.0
Preco: 188860 Vendidos: 822
2026-05-10 12:04:16,838 - INFO - Casaco de Caçador 5.1
Preco: 28818 Vendidos: 165
2026-05-10 12:04:19,651 - INFO - Casaco de Caçador 5.2
Preco: 91887 Vendidos: 18
2026-05-10 12:04:22,472 - INFO - Casaco de Caçador 5.3
Preco: 415475 Vendidos: 4
2026-05-10 12:04:30,210 - INFO - Casaco de Caçador 6.0
Preco: 47971 Vendidos: 373
2026-05-10 12:04:33,041 - INFO - Casaco de Caçador 6.1
Preco: 93786 Vendidos: 77
2026-05-10 12:04:35,865 - INFO - Casaco de Caçador 6.2
Preco: 312200 Vendidos: 15
2026-05-10 12:04:38,692 - INFO - Casaco de Caçador 6.3
Preco: 1143206 Vendidos: 6
2026-05-10 12:04:43,551 - INFO - Casaco de Caçador 7.0
Preco: 164881 Vendidos: 148
2026-05-10 12:04:46,408 - INFO - Casaco de Caçador 7.1
Preco: 326999 Vendidos: 27
2026-05-10 12:04:49,239 - INFO - Casaco de Caçador 7.2
Preco: 965897 Vendidos: 4
2026-05-10 12:04:52,074 - INFO - Casaco de Caçador 7.3
Preco: 3152070 Vendidos: 2
2026-05-10 12:04:56,884 - INFO - Casaco de Caçador 8.0
Preco: 539979 Vendidos: 14
2026-05-10 12:04:59,712 - INFO - Casaco de Caçador 8.1
Preco: 999986 Vendidos: 9
2026-05-10 12:05:02,525 - INFO - Casaco de Caçador 8.2
Preco: 2885997 Vendidos: 0
2026-05-10 12:05:19,720 - WARNING - [ERRO] Não foi possível extrair dados de Casaco de Caçador T8.3
2026-05-10 12:05:19,747 - INFO - Screenshot de falha salvo em screenshots\failures\fail_Casaco de Caçador_T8.3_20260510_120519.png
2026-05-10 12:05:20,706 - INFO - 
[7/38] Casaco de Assassino
2026-05-10 12:05:26,093 - INFO - Casaco de Assassino 5.0
Preco: 18544 Vendidos: 917
2026-05-10 12:05:28,972 - INFO - Casaco de Assassino 5.1
Preco: 29524 Vendidos: 230
2026-05-10 12:05:31,788 - INFO - Casaco de Assassino 5.2
Preco: 90851 Vendidos: 12
2026-05-10 12:05:34,599 - INFO - Casaco de Assassino 5.3
Preco: 439998 Vendidos: 2
2026-05-10 12:05:39,427 - INFO - Casaco de Assassino 6.0
Preco: 48585 Vendidos: 347
2026-05-10 12:05:42,258 - INFO - Casaco de Assassino 6.1
Preco: 9988 Vendidos: 38
2026-05-10 12:05:45,097 - INFO - Casaco de Assassino 6.2
Preco: 339998 Vendidos: 18
2026-05-10 12:05:47,925 - INFO - Casaco de Assassino 6.3
Preco: 979999 Vendidos: 3
2026-05-10 12:05:52,784 - INFO - Casaco de Assassino 7.0
Preco: 159880 Vendidos: 56
2026-05-10 12:05:55,631 - INFO - Casaco de Assassino 7.1
Preco: 496887 Vendidos: 13
2026-05-10 12:05:58,451 - INFO - Casaco de Assassino 7.2
Preco: 964992 Vendidos: 4
2026-05-10 12:06:01,254 - INFO - Casaco de Assassino 7.3
Preco: 311111 Vendidos: 1
2026-05-10 12:06:06,076 - INFO - Casaco de Assassino 8.0
Preco: 389884 Vendidos: 7
2026-05-10 12:06:08,913 - INFO - Casaco de Assassino 8.1
Preco: 975888 Vendidos: 4
2026-05-10 12:06:11,740 - INFO - Casaco de Assassino 8.2
Preco: 2790977 Vendidos: 1
2026-05-10 12:06:14,584 - INFO - Casaco de Assassino 8.3
Preco: 7187989 Vendidos: 0
2026-05-10 12:06:15,539 - INFO - 
[8/38] Casaco de Espreitador
2026-05-10 12:06:20,931 - INFO - Casaco de Espreitador 5.0
Preco: 23992 Vendidos: 289
2026-05-10 12:06:23,771 - INFO - Casaco de Espreitador 5.1
Preco: 29972 Vendidos: 67
2026-05-10 12:06:26,606 - INFO - Casaco de Espreitador 5.2
Preco: 120978 Vendidos: 9
2026-05-10 12:06:29,438 - INFO - Casaco de Espreitador 5.3
Preco: 459993 Vendidos: 2
2026-05-10 12:06:34,287 - INFO - Casaco de Espreitador 6.0
Preco: 86979 Vendidos: 216
2026-05-10 12:06:37,122 - INFO - Casaco de Espreitador 6.1
Preco: 111996 Vendidos: 17
2026-05-10 12:06:39,948 - INFO - Casaco de Espreitador 6.2
Preco: 307955 Vendidos: 4
2026-05-10 12:06:42,773 - INFO - Casaco de Espreitador 6.3
Preco: 944000 Vendidos: 1
2026-05-10 12:06:47,635 - INFO - Casaco de Espreitador 7.0
Preco: 190735 Vendidos: 53
2026-05-10 12:06:50,470 - INFO - Casaco de Espreitador 7.1
Preco: 365949 Vendidos: 7
2026-05-10 12:06:53,313 - INFO - Casaco de Espreitador 7.2
Preco: 1395992 Vendidos: 2
2026-05-10 12:06:56,129 - INFO - Casaco de Espreitador 7.3
Preco: 2998986 Vendidos: 0
2026-05-10 12:07:00,972 - INFO - Casaco de Espreitador 8.0
Preco: 534000 Vendidos: 4
2026-05-10 12:07:03,761 - INFO - Casaco de Espreitador 8.1
Preco: 1008000 Vendidos: 1
2026-05-10 12:07:06,601 - INFO - Casaco de Espreitador 8.2
Preco: 3079985 Vendidos: 0
2026-05-10 12:07:09,411 - INFO - Casaco de Espreitador 8.3
Preco: 7249000 Vendidos: 0
2026-05-10 12:07:10,355 - INFO - 
[9/38] Armadura de Soldado
2026-05-10 12:07:15,770 - INFO - Armadura de Soldado 5.0
Preco: 19000 Vendidos: 706
2026-05-10 12:07:18,584 - INFO - Armadura de Soldado 5.1
Preco: 24915 Vendidos: 148
2026-05-10 12:07:21,417 - INFO - Armadura de Soldado 5.2
Preco: 97979 Vendidos: 11
2026-05-10 12:07:24,240 - INFO - Armadura de Soldado 5.3
Preco: 489976 Vendidos: 4
2026-05-10 12:07:29,081 - INFO - Armadura de Soldado 6.0
Preco: 44995 Vendidos: 405
2026-05-10 12:07:31,884 - INFO - Armadura de Soldado 6.1
Preco: 79968 Vendidos: 92
2026-05-10 12:07:34,713 - INFO - Armadura de Soldado 6.2
Preco: 340000 Vendidos: 15
2026-05-10 12:07:37,530 - INFO - Armadura de Soldado 6.3
Preco: 1045982 Vendidos: 2
2026-05-10 12:07:42,398 - INFO - Armadura de Soldado 7.0
Preco: 95630 Vendidos: 281
2026-05-10 12:07:45,258 - INFO - Armadura de Soldado 7.1
Preco: 285888 Vendidos: 32
2026-05-10 12:07:48,063 - INFO - Armadura de Soldado 7.2
Preco: 1188887 Vendidos: 1
2026-05-10 12:07:50,912 - INFO - Armadura de Soldado 7.3
Preco: 2398887 Vendidos: 2
2026-05-10 12:07:55,773 - INFO - Armadura de Soldado 8.0
Preco: 294996 Vendidos: 17
2026-05-10 12:07:58,614 - INFO - Armadura de Soldado 8.1
Preco: 980973 Vendidos: 7
2026-05-10 12:08:01,414 - INFO - Armadura de Soldado 8.2
Preco: 2629965 Vendidos: 0
2026-05-10 12:08:04,216 - INFO - Armadura de Soldado 8.3
Preco: 5599999 Vendidos: 1
2026-05-10 12:08:05,172 - INFO - 
[10/38] Armadura de Cavaleiro
2026-05-10 12:08:10,535 - INFO - Armadura de Cavaleiro 5.0
Preco: 18992 Vendidos: 649
2026-05-10 12:08:13,386 - INFO - Armadura de Cavaleiro 5.1
Preco: 29986 Vendidos: 279
2026-05-10 12:08:16,232 - INFO - Armadura de Cavaleiro 5.2
Preco: 99999 Vendidos: 31
2026-05-10 12:08:19,063 - INFO - Armadura de Cavaleiro 5.3
Preco: 497996 Vendidos: 3
2026-05-10 12:08:23,937 - INFO - Armadura de Cavaleiro 6.0
Preco: 39639 Vendidos: 490
2026-05-10 12:08:32,412 - INFO - Armadura de Cavaleiro 6.1
Preco: 81986 Vendidos: 85
2026-05-10 12:08:35,229 - INFO - Armadura de Cavaleiro 6.2
Preco: 328888 Vendidos: 17
2026-05-10 12:08:38,045 - INFO - Armadura de Cavaleiro 6.3
Preco: 1019996 Vendidos: 3
2026-05-10 12:08:42,902 - INFO - Armadura de Cavaleiro 7.0
Preco: 87837 Vendidos: 179
2026-05-10 12:08:45,751 - INFO - Armadura de Cavaleiro 7.1
Preco: 307466 Vendidos: 24
2026-05-10 12:08:48,612 - INFO - Armadura de Cavaleiro 7.2
Preco: 1007777 Vendidos: 2
2026-05-10 12:08:51,417 - INFO - Armadura de Cavaleiro 7.3
Preco: 2708979 Vendidos: 2
2026-05-10 12:08:56,239 - INFO - Armadura de Cavaleiro 8.0
Preco: 290810 Vendidos: 5
2026-05-10 12:08:59,032 - INFO - Armadura de Cavaleiro 8.1
Preco: 839988 Vendidos: 0
2026-05-10 12:09:01,838 - INFO - Armadura de Cavaleiro 8.2
Preco: 2454115 Vendidos: 1
2026-05-10 12:09:04,677 - INFO - Armadura de Cavaleiro 8.3
Preco: 6199999 Vendidos: 0
2026-05-10 12:09:05,638 - INFO - 
[11/38] Armadura de Guardião
2026-05-10 12:09:12,162 - INFO - Armadura de Guardião 5.0
Preco: 15999 Vendidos: 772
2026-05-10 12:09:14,980 - INFO - Armadura de Guardião 5.1
Preco: 23996 Vendidos: 297
2026-05-10 12:09:17,817 - INFO - Armadura de Guardião 5.2
Preco: 97888 Vendidos: 19
2026-05-10 12:09:20,672 - INFO - Armadura de Guardião 5.3
Preco: 411470 Vendidos: 3
2026-05-10 12:09:25,515 - INFO - Armadura de Guardião 6.0
Preco: 39996 Vendidos: 525
2026-05-10 12:09:28,363 - INFO - Armadura de Guardião 6.1
Preco: 80946 Vendidos: 117
2026-05-10 12:09:31,153 - INFO - Armadura de Guardião 6.2
Preco: 443997 Vendidos: 6
2026-05-10 12:09:33,985 - INFO - Armadura de Guardião 6.3
Preco: 985941 Vendidos: 6
2026-05-10 12:09:38,814 - INFO - Armadura de Guardião 7.0
Preco: 89997 Vendidos: 208
2026-05-10 12:09:41,657 - INFO - Armadura de Guardião 7.1
Preco: 291877 Vendidos: 22
2026-05-10 12:09:44,470 - INFO - Armadura de Guardião 7.2
Preco: 1011028 Vendidos: 2
2026-05-10 12:09:47,292 - INFO - Armadura de Guardião 7.3
Preco: 2829971 Vendidos: 0
2026-05-10 12:09:52,143 - INFO - Armadura de Guardião 8.0
Preco: 344980 Vendidos: 17
2026-05-10 12:09:54,987 - INFO - Armadura de Guardião 8.1
Preco: 1008997 Vendidos: 3
2026-05-10 12:09:57,820 - INFO - Armadura de Guardião 8.2
Preco: 3068976 Vendidos: 2
2026-05-10 12:10:00,655 - INFO - Armadura de Guardião 8.3
Preco: 6249000 Vendidos: 0
2026-05-10 12:10:01,605 - INFO - 
[12/38] Armadura de Guarda-tumbas
2026-05-10 12:10:06,983 - INFO - Armadura de Guarda-tumbas 5.0
Preco: 21934 Vendidos: 198
2026-05-10 12:10:09,832 - INFO - Armadura de Guarda-tumbas 5.1
Preco: 36779 Vendidos: 64
2026-05-10 12:10:26,079 - INFO - Armadura de Guarda-tumbas 5.2
Preco: 148947 Vendidos: 4
2026-05-10 12:10:28,934 - INFO - Armadura de Guarda-tumbas 5.3
Preco: 440000 Vendidos: 2
2026-05-10 12:10:33,768 - INFO - Armadura de Guarda-tumbas 6.0
Preco: 60997 Vendidos: 267
2026-05-10 12:10:36,616 - INFO - Armadura de Guarda-tumbas 6.1
Preco: 105879 Vendidos: 44
2026-05-10 12:10:39,430 - INFO - Armadura de Guarda-tumbas 6.2
Preco: 438996 Vendidos: 3
2026-05-10 12:10:42,268 - INFO - Armadura de Guarda-tumbas 6.3
Preco: 939996 Vendidos: 3
2026-05-10 12:10:47,113 - INFO - Armadura de Guarda-tumbas 7.0
Preco: 119998 Vendidos: 77
2026-05-10 12:10:49,936 - INFO - Armadura de Guarda-tumbas 7.1
Preco: 369999 Vendidos: 8
2026-05-10 12:10:52,763 - INFO - Armadura de Guarda-tumbas 7.2
Preco: 1068987 Vendidos: 3
2026-05-10 12:10:55,660 - INFO - Armadura de Guarda-tumbas 7.3
Preco: 2949986 Vendidos: 0
2026-05-10 12:11:00,527 - INFO - Armadura de Guarda-tumbas 8.0
Preco: 434987 Vendidos: 18
2026-05-10 12:11:03,350 - INFO - Armadura de Guarda-tumbas 8.1
Preco: 1159699 Vendidos: 1
2026-05-10 12:11:06,183 - INFO - Armadura de Guarda-tumbas 8.2
Preco: 3489997 Vendidos: 0
2026-05-10 12:11:09,028 - INFO - Armadura de Guarda-tumbas 8.3
Preco: 5150000 Vendidos: 1
2026-05-10 12:11:09,987 - INFO - 
[13/38] Capote de Erudito
2026-05-10 12:11:15,387 - INFO - Capote de Erudito 5.0
Preco: 8718 Vendidos: 764
2026-05-10 12:11:18,200 - INFO - Capote de Erudito 5.1
Preco: 19326 Vendidos: 335
2026-05-10 12:11:35,014 - INFO - Capote de Erudito 5.2
Preco: 37497 Vendidos: 19
2026-05-10 12:11:37,845 - INFO - Capote de Erudito 5.3
Preco: 171910 Vendidos: 0
2026-05-10 12:11:42,672 - INFO - Capote de Erudito 6.0
Preco: 19966 Vendidos: 393
2026-05-10 12:11:45,522 - INFO - Capote de Erudito 6.1
Preco: 36399 Vendidos: 97
2026-05-10 12:11:48,312 - INFO - Capote de Erudito 6.2
Preco: 141055 Vendidos: 5
2026-05-10 12:12:04,738 - INFO - Capote de Erudito 6.3
Preco: 305699 Vendidos: 1
2026-05-10 12:12:17,127 - INFO - Capote de Erudito 7.0
Preco: 52979 Vendidos: 146
2026-05-10 12:12:19,930 - INFO - Capote de Erudito 7.1
Preco: 139768 Vendidos: 28
2026-05-10 12:12:22,779 - INFO - Capote de Erudito 7.2
Preco: 559997 Vendidos: 5
2026-05-10 12:12:25,638 - INFO - Capote de Erudito 7.3
Preco: 1226995 Vendidos: 2
2026-05-10 12:12:30,442 - INFO - Capote de Erudito 8.0
Preco: 200991 Vendidos: 59
2026-05-10 12:12:33,256 - INFO - Capote de Erudito 8.1
Preco: 348339 Vendidos: 4
2026-05-10 12:12:36,087 - INFO - Capote de Erudito 8.2
Preco: 1106969 Vendidos: 1
2026-05-10 12:12:38,912 - INFO - Capote de Erudito 8.3
Preco: 2999000 Vendidos: 0
2026-05-10 12:12:39,869 - INFO - 
[14/38] Capote de Clérigo
2026-05-10 12:12:45,262 - INFO - Capote de Clérigo 5.0
Preco: 9522 Vendidos: 644
2026-05-10 12:12:48,124 - INFO - Capote de Clérigo 5.1
Preco: 16478 Vendidos: 155
2026-05-10 12:12:50,965 - INFO - Capote de Clérigo 5.2
Preco: 29106 Vendidos: 41
2026-05-10 12:12:53,791 - INFO - Capote de Clérigo 5.3
Preco: 164991 Vendidos: 4
2026-05-10 12:12:58,642 - INFO - Capote de Clérigo 6.0
Preco: 22837 Vendidos: 433
2026-05-10 12:13:01,453 - INFO - Capote de Clérigo 6.1
Preco: 37524 Vendidos: 124
2026-05-10 12:13:04,303 - INFO - Capote de Clérigo 6.2
Preco: 144429 Vendidos: 11
2026-05-10 12:13:07,118 - INFO - Capote de Clérigo 6.3
Preco: 415413 Vendidos: 1
2026-05-10 12:13:11,984 - INFO - Capote de Clérigo 7.0
Preco: 50999 Vendidos: 145
2026-05-10 12:13:14,810 - INFO - Capote de Clérigo 7.1
Preco: 157997 Vendidos: 18
2026-05-10 12:13:17,653 - INFO - Capote de Clérigo 7.2
Preco: 451996 Vendidos: 7
2026-05-10 12:13:20,514 - INFO - Capote de Clérigo 7.3
Preco: 1306999 Vendidos: 0
2026-05-10 12:13:39,266 - INFO - Capote de Clérigo 8.0
Preco: 209993 Vendidos: 10
2026-05-10 12:13:42,092 - INFO - Capote de Clérigo 8.1
Preco: 549999 Vendidos: 6
2026-05-10 12:13:44,913 - INFO - Capote de Clérigo 8.2
Preco: 1117969 Vendidos: 3
2026-05-10 12:14:02,105 - INFO - Capote de Clérigo 8.3
Preco: 2729825 Vendidos: 0
2026-05-10 12:14:03,052 - INFO - 
[15/38] Capote de Mago
2026-05-10 12:14:08,427 - INFO - Capote de Mago 5.0
Preco: 10111 Vendidos: 565
2026-05-10 12:14:11,245 - INFO - Capote de Mago 5.1
Preco: 16832 Vendidos: 179
2026-05-10 12:14:14,087 - INFO - Capote de Mago 5.2
Preco: 44993 Vendidos: 22
2026-05-10 12:14:16,921 - INFO - Capote de Mago 5.3
Preco: 208980 Vendidos: 5
2026-05-10 12:14:21,773 - INFO - Capote de Mago 6.0
Preco: 21495 Vendidos: 457
2026-05-10 12:14:24,610 - INFO - Capote de Mago 6.1
Preco: 40989 Vendidos: 8
2026-05-10 12:14:27,461 - INFO - Capote de Mago 6.2
Preco: 158845 Vendidos: 6
2026-05-10 12:14:30,330 - INFO - Capote de Mago 6.3
Preco: 438598 Vendidos: 0
2026-05-10 12:14:35,213 - INFO - Capote de Mago 7.0
Preco: 48899 Vendidos: 161
2026-05-10 12:14:38,043 - INFO - Capote de Mago 7.1
Preco: 140000 Vendidos: 33
2026-05-10 12:14:40,877 - INFO - Capote de Mago 7.2
Preco: 354878 Vendidos: 3
2026-05-10 12:14:43,687 - INFO - Capote de Mago 7.3
Preco: 1289986 Vendidos: 3
2026-05-10 12:15:02,131 - INFO - Capote de Mago 8.0
Preco: 184993 Vendidos: 19
2026-05-10 12:15:04,981 - INFO - Capote de Mago 8.1
Preco: 318822 Vendidos: 9
2026-05-10 12:15:07,821 - INFO - Capote de Mago 8.2
Preco: 1299941 Vendidos: 0
2026-05-10 12:15:10,671 - INFO - Capote de Mago 8.3
Preco: 2688995 Vendidos: 2
2026-05-10 12:15:11,618 - INFO - 
[16/38] Capote de Druida
2026-05-10 12:15:18,147 - INFO - Capote de Druida 5.0
Preco: 15811 Vendidos: 278
2026-05-10 12:15:21,015 - INFO - Capote de Druida 5.1
Preco: 22895 Vendidos: 26
2026-05-10 12:15:23,858 - INFO - Capote de Druida 5.2
Preco: 58897 Vendidos: 2
2026-05-10 12:15:26,662 - INFO - Capote de Druida 5.3
Preco: 174089 Vendidos: 1
2026-05-10 12:15:31,516 - INFO - Capote de Druida 6.0
Preco: 42992 Vendidos: 198
2026-05-10 12:15:34,361 - INFO - Capote de Druida 6.1
Preco: 84418 Vendidos: 11
2026-05-10 12:15:37,192 - INFO - Capote de Druida 6.2
Preco: 178962 Vendidos: 2
2026-05-10 12:15:40,044 - INFO - Capote de Druida 6.3
Preco: 369996 Vendidos: 4
2026-05-10 12:15:44,912 - INFO - Capote de Druida 7.0
Preco: 70899 Vendidos: 31
2026-05-10 12:15:47,762 - INFO - Capote de Druida 7.1
Preco: 224888 Vendidos: 10
2026-05-10 12:15:50,618 - INFO - Capote de Druida 7.2
Preco: 478000 Vendidos: 0
2026-05-10 12:15:53,489 - INFO - Capote de Druida 7.3
Preco: 1388998 Vendidos: 0
2026-05-10 12:15:58,348 - INFO - Capote de Druida 8.0
Preco: 374974 Vendidos: 1
2026-05-10 12:16:01,177 - INFO - Capote de Druida 8.1
Preco: 409539 Vendidos: 1
2026-05-10 12:16:04,020 - INFO - Capote de Druida 8.2
Preco: 1697000 Vendidos: 2
2026-05-10 12:16:37,908 - WARNING - OCR de quantidade vazio: '—\n'
2026-05-10 12:16:37,909 - WARNING - [ERRO] Não foi possível extrair dados de Capote de Druida T8.3
2026-05-10 12:16:37,931 - INFO - Screenshot de falha salvo em screenshots\failures\fail_Capote de Druida_T8.3_20260510_121637.png
2026-05-10 12:16:38,884 - INFO - 
[17/38] Capuz de Mercenário
2026-05-10 12:16:44,287 - INFO - Capuz de Mercenário 5.0
Preco: 10391 Vendidos: 937
2026-05-10 12:16:47,129 - INFO - Capuz de Mercenário 5.1
Preco: 16137 Vendidos: 174
2026-05-10 12:16:50,008 - INFO - Capuz de Mercenário 5.2
Preco: 44280 Vendidos: 29
2026-05-10 12:16:52,859 - INFO - Capuz de Mercenário 5.3
Preco: 188774 Vendidos: 4
2026-05-10 12:16:57,710 - INFO - Capuz de Mercenário 6.0
Preco: 28948 Vendidos: 433
2026-05-10 12:17:00,554 - INFO - Capuz de Mercenário 6.1
Preco: 47985 Vendidos: 84
2026-05-10 12:17:03,443 - INFO - Capuz de Mercenário 6.2
Preco: 170153 Vendidos: 3
2026-05-10 12:17:06,296 - INFO - Capuz de Mercenário 6.3
Preco: 490989 Vendidos: 5
2026-05-10 12:17:11,156 - INFO - Capuz de Mercenário 7.0
Preco: 74882 Vendidos: 90
2026-05-10 12:17:13,981 - INFO - Capuz de Mercenário 7.1
Preco: 180609 Vendidos: 12
2026-05-10 12:17:16,824 - INFO - Capuz de Mercenário 7.2
Preco: 444997 Vendidos: 7
2026-05-10 12:17:19,651 - INFO - Capuz de Mercenário 7.3
Preco: 1589902 Vendidos: 2
2026-05-10 12:17:24,524 - INFO - Capuz de Mercenário 8.0
Preco: 190981 Vendidos: 16
2026-05-10 12:17:27,362 - INFO - Capuz de Mercenário 8.1
Preco: 459999 Vendidos: 5
2026-05-10 12:17:30,176 - INFO - Capuz de Mercenário 8.2
Preco: 1400000 Vendidos: 0
2026-05-10 12:17:46,652 - INFO - Capuz de Mercenário 8.3
Preco: 3198996 Vendidos: 1
2026-05-10 12:17:47,600 - INFO - 
[18/38] Capuz de Caçador
2026-05-10 12:17:52,998 - INFO - Capuz de Caçador 5.0
Preco: 13678 Vendidos: 1630
2026-05-10 12:17:55,844 - INFO - Capuz de Caçador 5.1
Preco: 175260 Vendidos: 493
2026-05-10 12:17:58,684 - INFO - Capuz de Caçador 5.2
Preco: 44995 Vendidos: 64
2026-05-10 12:18:01,508 - INFO - Capuz de Caçador 5.3
Preco: 193783 Vendidos: 12
2026-05-10 12:18:06,381 - INFO - Capuz de Caçador 6.0
Preco: 30890 Vendidos: 1143
2026-05-10 12:18:09,209 - INFO - Capuz de Caçador 6.1
Preco: 53940 Vendidos: 465
2026-05-10 12:18:12,036 - INFO - Capuz de Caçador 6.2
Preco: 181999 Vendidos: 84
2026-05-10 12:18:14,863 - INFO - Capuz de Caçador 6.3
Preco: 480478 Vendidos: 9
2026-05-10 12:18:19,731 - INFO - Capuz de Caçador 7.0
Preco: 91869 Vendidos: 217
2026-05-10 12:18:36,619 - INFO - Capuz de Caçador 7.1
Preco: 186990 Vendidos: 74
2026-05-10 12:18:39,431 - INFO - Capuz de Caçador 7.2
Preco: 480000 Vendidos: 20
2026-05-10 12:18:42,264 - INFO - Capuz de Caçador 7.3
Preco: 1598864 Vendidos: 3
2026-05-10 12:18:47,124 - INFO - Capuz de Caçador 8.0
Preco: 179996 Vendidos: 175
2026-05-10 12:18:49,958 - INFO - Capuz de Caçador 8.1
Preco: 595000 Vendidos: 26
2026-05-10 12:18:52,794 - INFO - Capuz de Caçador 8.2
Preco: 1659998 Vendidos: 6
2026-05-10 12:18:55,650 - INFO - Capuz de Caçador 8.3
Preco: 4997996 Vendidos: 0
2026-05-10 12:18:56,599 - INFO - 
[19/38] Capuz de Assassino
2026-05-10 12:19:01,958 - INFO - Capuz de Assassino 5.0
Preco: 9440 Vendidos: 1973
2026-05-10 12:19:04,801 - INFO - Capuz de Assassino 5.1
Preco: 13199 Vendidos: 771
2026-05-10 12:19:07,659 - INFO - Capuz de Assassino 5.2
Preco: 43566 Vendidos: 89
2026-05-10 12:19:10,519 - INFO - Capuz de Assassino 5.3
Preco: 159139 Vendidos: 7
2026-05-10 12:19:15,385 - INFO - Capuz de Assassino 6.0
Preco: 28923 Vendidos: 1247
2026-05-10 12:19:18,218 - INFO - Capuz de Assassino 6.1
Preco: 48968 Vendidos: 318
2026-05-10 12:19:21,045 - INFO - Capuz de Assassino 6.2
Preco: 183854 Vendidos: 73
2026-05-10 12:19:23,880 - INFO - Capuz de Assassino 6.3
Preco: 494000 Vendidos: 6
2026-05-10 12:19:28,719 - INFO - Capuz de Assassino 7.0
Preco: 89772 Vendidos: 338
2026-05-10 12:19:31,551 - INFO - Capuz de Assassino 7.1
Preco: 159967 Vendidos: 86
2026-05-10 12:19:34,390 - INFO - Capuz de Assassino 7.2
Preco: 534996 Vendidos: 24
2026-05-10 12:19:37,229 - INFO - Capuz de Assassino 7.3
Preco: 1620000 Vendidos: 3
2026-05-10 12:19:42,095 - INFO - Capuz de Assassino 8.0
Preco: 189472 Vendidos: 175
2026-05-10 12:19:44,933 - INFO - Capuz de Assassino 8.1
Preco: 482894 Vendidos: 29
2026-05-10 12:19:47,792 - INFO - Capuz de Assassino 8.2
Preco: 1436630 Vendidos: 2
2026-05-10 12:19:50,651 - INFO - Capuz de Assassino 8.3
Preco: 3248787 Vendidos: 0
2026-05-10 12:19:51,599 - INFO - 
[20/38] Capuz de Espreitador
2026-05-10 12:19:56,941 - INFO - Capuz de Espreitador 5.0
Preco: 16294 Vendidos: 185
2026-05-10 12:19:59,754 - INFO - Capuz de Espreitador 5.1
Preco: 23996 Vendidos: 17
2026-05-10 12:20:16,500 - INFO - Capuz de Espreitador 5.2
Preco: 54996 Vendidos: 4
2026-05-10 12:20:19,338 - INFO - Capuz de Espreitador 5.3
Preco: 230000 Vendidos: 2
2026-05-10 12:20:38,302 - INFO - Capuz de Espreitador 6.0
Preco: 41185 Vendidos: 218
2026-05-10 12:20:41,128 - INFO - Capuz de Espreitador 6.1
Preco: 85169 Vendidos: 18
2026-05-10 12:20:43,961 - INFO - Capuz de Espreitador 6.2
Preco: 183429 Vendidos: 2
2026-05-10 12:20:46,811 - INFO - Capuz de Espreitador 6.3
Preco: 500905 Vendidos: 2
2026-05-10 12:20:51,658 - INFO - Capuz de Espreitador 7.0
Preco: 110970 Vendidos: 47
2026-05-10 12:20:54,501 - INFO - Capuz de Espreitador 7.1
Preco: 186185 Vendidos: 4
2026-05-10 12:20:57,318 - INFO - Capuz de Espreitador 7.2
Preco: 609981 Vendidos: 1
2026-05-10 12:21:00,157 - INFO - Capuz de Espreitador 7.3
Preco: 1589990 Vendidos: 0
2026-05-10 12:21:04,986 - INFO - Capuz de Espreitador 8.0
Preco: 378998 Vendidos: 3
2026-05-10 12:21:07,801 - INFO - Capuz de Espreitador 8.1
Preco: 588981 Vendidos: 0
2026-05-10 12:21:10,629 - INFO - Capuz de Espreitador 8.2
Preco: 1759993 Vendidos: 0
2026-05-10 12:21:13,465 - INFO - Capuz de Espreitador 8.3
Preco: 3639777 Vendidos: 0
2026-05-10 12:21:14,415 - INFO - 
[21/38] Elmo de Soldado
2026-05-10 12:21:20,931 - INFO - Elmo de Soldado 5.0
Preco: 6727 Vendidos: 701
2026-05-10 12:21:23,770 - INFO - Elmo de Soldado 5.1
Preco: 104500 Vendidos: 178
2026-05-10 12:21:26,599 - INFO - Elmo de Soldado 5.2
Preco: 44852 Vendidos: 10
2026-05-10 12:21:29,424 - INFO - Elmo de Soldado 5.3
Preco: 160643 Vendidos: 6
2026-05-10 12:21:34,289 - INFO - Elmo de Soldado 6.0
Preco: 16108 Vendidos: 501
2026-05-10 12:21:37,116 - INFO - Elmo de Soldado 6.1
Preco: 40749 Vendidos: 96
2026-05-10 12:21:39,973 - INFO - Elmo de Soldado 6.2
Preco: 161533 Vendidos: 15
2026-05-10 12:21:42,780 - INFO - Elmo de Soldado 6.3
Preco: 499923 Vendidos: 2
2026-05-10 12:21:47,656 - INFO - Elmo de Soldado 7.0
Preco: 59811 Vendidos: 143
2026-05-10 12:21:50,501 - INFO - Elmo de Soldado 7.1
Preco: 199916 Vendidos: 11
2026-05-10 12:21:53,347 - INFO - Elmo de Soldado 7.2
Preco: 542995 Vendidos: 0
2026-05-10 12:21:56,169 - INFO - Elmo de Soldado 7.3
Preco: 1549997 Vendidos: 0
2026-05-10 12:22:00,997 - INFO - Elmo de Soldado 8.0
Preco: 128825 Vendidos: 18
2026-05-10 12:22:03,806 - INFO - Elmo de Soldado 8.1
Preco: 449767 Vendidos: 1
2026-05-10 12:22:06,610 - INFO - Elmo de Soldado 8.2
Preco: 1540000 Vendidos: 2
2026-05-10 12:22:09,458 - INFO - Elmo de Soldado 8.3
Preco: 2962219 Vendidos: 0
2026-05-10 12:22:10,414 - INFO - 
[22/38] Elmo de Cavaleiro
2026-05-10 12:22:15,790 - INFO - Elmo de Cavaleiro 5.0
Preco: 7469 Vendidos: 885
2026-05-10 12:22:18,645 - INFO - Elmo de Cavaleiro 5.1
Preco: 105800 Vendidos: 108
2026-05-10 12:22:21,491 - INFO - Elmo de Cavaleiro 5.2
Preco: 48586 Vendidos: 23
2026-05-10 12:22:24,337 - INFO - Elmo de Cavaleiro 5.3
Preco: 198551 Vendidos: 7
2026-05-10 12:22:29,200 - INFO - Elmo de Cavaleiro 6.0
Preco: 16951 Vendidos: 551
2026-05-10 12:22:32,021 - INFO - Elmo de Cavaleiro 6.1
Preco: 41296 Vendidos: 153
2026-05-10 12:22:34,830 - INFO - Elmo de Cavaleiro 6.2
Preco: 177769 Vendidos: 7
2026-05-10 12:22:37,659 - INFO - Elmo de Cavaleiro 6.3
Preco: 530000 Vendidos: 4
2026-05-10 12:22:56,383 - INFO - Elmo de Cavaleiro 7.0
Preco: 57888 Vendidos: 135
2026-05-10 12:22:59,175 - INFO - Elmo de Cavaleiro 7.1
Preco: 144997 Vendidos: 15
2026-05-10 12:23:01,973 - INFO - Elmo de Cavaleiro 7.2
Preco: 578951 Vendidos: 5
2026-05-10 12:23:04,809 - INFO - Elmo de Cavaleiro 7.3
Preco: 1580978 Vendidos: 0
2026-05-10 12:23:09,619 - INFO - Elmo de Cavaleiro 8.0
Preco: 127978 Vendidos: 14
2026-05-10 12:23:12,452 - INFO - Elmo de Cavaleiro 8.1
Preco: 450398 Vendidos: 1
2026-05-10 12:23:15,304 - INFO - Elmo de Cavaleiro 8.2
Preco: 1229999 Vendidos: 5
2026-05-10 12:23:18,102 - INFO - Elmo de Cavaleiro 8.3
Preco: 2819881 Vendidos: 1
2026-05-10 12:23:19,046 - INFO - 
[23/38] Elmo de Guardião
2026-05-10 12:23:24,440 - INFO - Elmo de Guardião 5.0
Preco: 6485 Vendidos: 334
2026-05-10 12:23:27,260 - INFO - Elmo de Guardião 5.1
Preco: 1759 Vendidos: 123
2026-05-10 12:23:30,096 - INFO - Elmo de Guardião 5.2
Preco: 48775 Vendidos: 15
2026-05-10 12:23:32,925 - INFO - Elmo de Guardião 5.3
Preco: 188200 Vendidos: 1
2026-05-10 12:23:37,770 - INFO - Elmo de Guardião 6.0
Preco: 18577 Vendidos: 730
2026-05-10 12:23:40,600 - INFO - Elmo de Guardião 6.1
Preco: 43992 Vendidos: 71
2026-05-10 12:23:43,422 - INFO - Elmo de Guardião 6.2
Preco: 161949 Vendidos: 23
2026-05-10 12:23:46,257 - INFO - Elmo de Guardião 6.3
Preco: 487751 Vendidos: 0
2026-05-10 12:23:51,091 - INFO - Elmo de Guardião 7.0
Preco: 53879 Vendidos: 109
2026-05-10 12:23:53,915 - INFO - Elmo de Guardião 7.1
Preco: 160899 Vendidos: 12
2026-05-10 12:23:56,723 - INFO - Elmo de Guardião 7.2
Preco: 589993 Vendidos: 0
2026-05-10 12:23:59,569 - INFO - Elmo de Guardião 7.3
Preco: 1399790 Vendidos: 1
2026-05-10 12:24:04,392 - INFO - Elmo de Guardião 8.0
Preco: 136444 Vendidos: 18
2026-05-10 12:24:07,221 - INFO - Elmo de Guardião 8.1
Preco: 522215 Vendidos: 4
2026-05-10 12:24:10,058 - INFO - Elmo de Guardião 8.2
Preco: 1394990 Vendidos: 3
2026-05-10 12:24:26,677 - INFO - Elmo de Guardião 8.3
Preco: 4299981 Vendidos: 1
2026-05-10 12:24:27,631 - INFO - 
[24/38] Elmo de Guarda-tumbas
2026-05-10 12:24:32,996 - INFO - Elmo de Guarda-tumbas 5.0
Preco: 1819 Vendidos: 184
2026-05-10 12:24:35,838 - INFO - Elmo de Guarda-tumbas 5.1
Preco: 15771 Vendidos: 35
2026-05-10 12:24:38,669 - INFO - Elmo de Guarda-tumbas 5.2
Preco: 40495 Vendidos: 7
2026-05-10 12:24:41,522 - INFO - Elmo de Guarda-tumbas 5.3
Preco: 399993 Vendidos: 4
2026-05-10 12:24:46,367 - INFO - Elmo de Guarda-tumbas 6.0
Preco: 31560 Vendidos: 213
2026-05-10 12:24:49,227 - INFO - Elmo de Guarda-tumbas 6.1
Preco: 59990 Vendidos: 45
2026-05-10 12:24:52,078 - INFO - Elmo de Guarda-tumbas 6.2
Preco: 198756 Vendidos: 2
2026-05-10 12:24:54,875 - INFO - Elmo de Guarda-tumbas 6.3
Preco: 503984 Vendidos: 0
2026-05-10 12:24:59,706 - INFO - Elmo de Guarda-tumbas 7.0
Preco: 68995 Vendidos: 69
2026-05-10 12:25:02,542 - INFO - Elmo de Guarda-tumbas 7.1
Preco: 166993 Vendidos: 14
2026-05-10 12:25:05,408 - INFO - Elmo de Guarda-tumbas 7.2
Preco: 599890 Vendidos: 3
2026-05-10 12:25:08,219 - INFO - Elmo de Guarda-tumbas 7.3
Preco: 1498970 Vendidos: 0
2026-05-10 12:25:13,104 - INFO - Elmo de Guarda-tumbas 8.0
Preco: 303990 Vendidos: 5
2026-05-10 12:25:15,936 - INFO - Elmo de Guarda-tumbas 8.1
Preco: 651190 Vendidos: 0
2026-05-10 12:25:18,785 - INFO - Elmo de Guarda-tumbas 8.2
Preco: 1419983 Vendidos: 2
2026-05-10 12:25:21,596 - INFO - Elmo de Guarda-tumbas 8.3
Preco: 2499979 Vendidos: 0
2026-05-10 12:25:22,546 - INFO - 
[25/38] Sandálias de Erudito
2026-05-10 12:25:27,883 - INFO - Sandálias de Erudito 5.0
Preco: 8494 Vendidos: 511
2026-05-10 12:25:30,737 - INFO - Sandálias de Erudito 5.1
Preco: 16908 Vendidos: 95
2026-05-10 12:25:33,557 - INFO - Sandálias de Erudito 5.2
Preco: 48499 Vendidos: 37
2026-05-10 12:25:36,430 - INFO - Sandálias de Erudito 5.3
Preco: 183900 Vendidos: 0
2026-05-10 12:25:41,256 - INFO - Sandálias de Erudito 6.0
Preco: 27312 Vendidos: 292
2026-05-10 12:25:44,080 - INFO - Sandálias de Erudito 6.1
Preco: 418000 Vendidos: 57
2026-05-10 12:25:46,906 - INFO - Sandálias de Erudito 6.2
Preco: 164435 Vendidos: 7
2026-05-10 12:25:49,755 - INFO - Sandálias de Erudito 6.3
Preco: 431994 Vendidos: 1
2026-05-10 12:25:54,615 - INFO - Sandálias de Erudito 7.0
Preco: 53955 Vendidos: 105
2026-05-10 12:25:57,453 - INFO - Sandálias de Erudito 7.1
Preco: 139998 Vendidos: 8
2026-05-10 12:26:00,272 - INFO - Sandálias de Erudito 7.2
Preco: 457988 Vendidos: 6
2026-05-10 12:26:03,119 - INFO - Sandálias de Erudito 7.3
Preco: 1387000 Vendidos: 1
2026-05-10 12:26:07,955 - INFO - Sandálias de Erudito 8.0
Preco: 160989 Vendidos: 16
2026-05-10 12:26:10,787 - INFO - Sandálias de Erudito 8.1
Preco: 349981 Vendidos: 3
2026-05-10 12:26:13,595 - INFO - Sandálias de Erudito 8.2
Preco: 1120000 Vendidos: 3
2026-05-10 12:26:16,443 - INFO - Sandálias de Erudito 8.3
Preco: 3759432 Vendidos: 0
2026-05-10 12:26:17,396 - INFO - 
[26/38] Sandálias de Clérigo
2026-05-10 12:26:23,884 - INFO - Sandálias de Clérigo 5.0
Preco: 8970 Vendidos: 525
2026-05-10 12:26:26,690 - INFO - Sandálias de Clérigo 5.1
Preco: 19880 Vendidos: 166
2026-05-10 12:26:29,504 - INFO - Sandálias de Clérigo 5.2
Preco: 50493 Vendidos: 10
2026-05-10 12:26:32,294 - INFO - Sandálias de Clérigo 5.3
Preco: 181303 Vendidos: 2
2026-05-10 12:26:37,141 - INFO - Sandálias de Clérigo 6.0
Preco: 22698 Vendidos: 417
2026-05-10 12:26:39,987 - INFO - Sandálias de Clérigo 6.1
Preco: 40693 Vendidos: 140
2026-05-10 12:26:42,811 - INFO - Sandálias de Clérigo 6.2
Preco: 156655 Vendidos: 30
2026-05-10 12:26:45,641 - INFO - Sandálias de Clérigo 6.3
Preco: 414944 Vendidos: 4
2026-05-10 12:26:50,524 - INFO - Sandálias de Clérigo 7.0
Preco: 51995 Vendidos: 97
2026-05-10 12:26:53,375 - INFO - Sandálias de Clérigo 7.1
Preco: 143997 Vendidos: 17
2026-05-10 12:26:56,203 - INFO - Sandálias de Clérigo 7.2
Preco: 432216 Vendidos: 3
2026-05-10 12:26:59,017 - INFO - Sandálias de Clérigo 7.3
Preco: 1480914 Vendidos: 0
2026-05-10 12:27:03,821 - INFO - Sandálias de Clérigo 8.0
Preco: 241982 Vendidos: 10
2026-05-10 12:27:06,624 - INFO - Sandálias de Clérigo 8.1
Preco: 442210 Vendidos: 2
2026-05-10 12:27:09,463 - INFO - Sandálias de Clérigo 8.2
Preco: 1179995 Vendidos: 1
2026-05-10 12:27:12,275 - INFO - Sandálias de Clérigo 8.3
Preco: 3596990 Vendidos: 0
2026-05-10 12:27:13,228 - INFO - 
[27/38] Sandálias de Mago
2026-05-10 12:27:18,599 - INFO - Sandálias de Mago 5.0
Preco: 9722 Vendidos: 593
2026-05-10 12:27:21,434 - INFO - Sandálias de Mago 5.1
Preco: 13985 Vendidos: 226
2026-05-10 12:27:24,303 - INFO - Sandálias de Mago 5.2
Preco: 45500 Vendidos: 34
2026-05-10 12:27:27,091 - INFO - Sandálias de Mago 5.3
Preco: 220969 Vendidos: 8
2026-05-10 12:27:31,926 - INFO - Sandálias de Mago 6.0
Preco: 22568 Vendidos: 382
2026-05-10 12:27:34,735 - INFO - Sandálias de Mago 6.1
Preco: 45991 Vendidos: 58
2026-05-10 12:27:37,564 - INFO - Sandálias de Mago 6.2
Preco: 164424 Vendidos: 8
2026-05-10 12:27:40,405 - INFO - Sandálias de Mago 6.3
Preco: 419966 Vendidos: 3
2026-05-10 12:27:45,249 - INFO - Sandálias de Mago 7.0
Preco: 51989 Vendidos: 125
2026-05-10 12:27:48,070 - INFO - Sandálias de Mago 7.1
Preco: 146987 Vendidos: 27
2026-05-10 12:27:50,896 - INFO - Sandálias de Mago 7.2
Preco: 335978 Vendidos: 4
2026-05-10 12:27:53,772 - INFO - Sandálias de Mago 7.3
Preco: 1499999 Vendidos: 0
2026-05-10 12:27:58,601 - INFO - Sandálias de Mago 8.0
Preco: 165999 Vendidos: 13
2026-05-10 12:28:01,410 - INFO - Sandálias de Mago 8.1
Preco: 369996 Vendidos: 9
2026-05-10 12:28:04,211 - INFO - Sandálias de Mago 8.2
Preco: 1237689 Vendidos: 1
2026-05-10 12:28:07,053 - INFO - Sandálias de Mago 8.3
Preco: 3999960 Vendidos: 1
2026-05-10 12:28:08,011 - INFO - 
[28/38] Sandálias de Druida
2026-05-10 12:28:13,397 - INFO - Sandálias de Druida 5.0
Preco: 14498 Vendidos: 554
2026-05-10 12:28:16,228 - INFO - Sandálias de Druida 5.1
Preco: 29981 Vendidos: 86
2026-05-10 12:28:19,067 - INFO - Sandálias de Druida 5.2
Preco: 558800 Vendidos: 15
2026-05-10 12:28:21,898 - INFO - Sandálias de Druida 5.3
Preco: 188937 Vendidos: 4
2026-05-10 12:28:26,715 - INFO - Sandálias de Druida 6.0
Preco: 36757 Vendidos: 543
2026-05-10 12:28:29,530 - INFO - Sandálias de Druida 6.1
Preco: 83999 Vendidos: 91
2026-05-10 12:28:32,368 - INFO - Sandálias de Druida 6.2
Preco: 196196 Vendidos: 17
2026-05-10 12:28:35,182 - INFO - Sandálias de Druida 6.3
Preco: 499973 Vendidos: 2
2026-05-10 12:28:41,323 - INFO - Sandálias de Druida 7.0
Preco: 65873 Vendidos: 120
2026-05-10 12:28:44,181 - INFO - Sandálias de Druida 7.1
Preco: 154988 Vendidos: 30
2026-05-10 12:28:47,006 - INFO - Sandálias de Druida 7.2
Preco: 504957 Vendidos: 3
2026-05-10 12:28:49,884 - INFO - Sandálias de Druida 7.3
Preco: 1499990 Vendidos: 0
2026-05-10 12:28:54,722 - INFO - Sandálias de Druida 8.0
Preco: 278992 Vendidos: 46
2026-05-10 12:28:57,575 - INFO - Sandálias de Druida 8.1
Preco: 618533 Vendidos: 5
2026-05-10 12:29:00,418 - INFO - Sandálias de Druida 8.2
Preco: 1498986 Vendidos: 1
2026-05-10 12:29:03,222 - INFO - Sandálias de Druida 8.3
Preco: 2599995 Vendidos: 1
2026-05-10 12:29:04,178 - INFO - 
[29/38] Sapatos de Mercenário
2026-05-10 12:29:23,481 - INFO - Sapatos de Mercenário 5.0
Preco: 8064 Vendidos: 2874
2026-05-10 12:29:26,303 - INFO - Sapatos de Mercenário 5.1
Preco: 13388 Vendidos: 718
2026-05-10 12:29:29,136 - INFO - Sapatos de Mercenário 5.2
Preco: 43886 Vendidos: 108
2026-05-10 12:29:31,952 - INFO - Sapatos de Mercenário 5.3
Preco: 159678 Vendidos: 11
2026-05-10 12:29:36,821 - INFO - Sapatos de Mercenário 6.0
Preco: 24999 Vendidos: 1500
2026-05-10 12:29:39,667 - INFO - Sapatos de Mercenário 6.1
Preco: 49990 Vendidos: 490
2026-05-10 12:29:42,494 - INFO - Sapatos de Mercenário 6.2
Preco: 173797 Vendidos: 59
2026-05-10 12:29:45,339 - INFO - Sapatos de Mercenário 6.3
Preco: 417595 Vendidos: 8
2026-05-10 12:29:50,203 - INFO - Sapatos de Mercenário 7.0
Preco: 73885 Vendidos: 395
2026-05-10 12:29:53,025 - INFO - Sapatos de Mercenário 7.1
Preco: 163903 Vendidos: 85
2026-05-10 12:29:55,903 - INFO - Sapatos de Mercenário 7.2
Preco: 469988 Vendidos: 19
2026-05-10 12:29:58,730 - INFO - Sapatos de Mercenário 7.3
Preco: 1393596 Vendidos: 2
2026-05-10 12:30:17,536 - INFO - Sapatos de Mercenário 8.0
Preco: 176993 Vendidos: 178
2026-05-10 12:30:20,385 - INFO - Sapatos de Mercenário 8.1
Preco: 484992 Vendidos: 30
2026-05-10 12:30:23,211 - INFO - Sapatos de Mercenário 8.2
Preco: 1374998 Vendidos: 8
2026-05-10 12:30:26,017 - INFO - Sapatos de Mercenário 8.3
Preco: 3599890 Vendidos: 1
2026-05-10 12:30:26,977 - INFO - 
[30/38] Sapatos de Caçador
2026-05-10 12:30:32,311 - INFO - Sapatos de Caçador 5.0
Preco: 8920 Vendidos: 601
2026-05-10 12:30:35,153 - INFO - Sapatos de Caçador 5.1
Preco: 12872 Vendidos: 185
2026-05-10 12:30:37,956 - INFO - Sapatos de Caçador 5.2
Preco: 43882 Vendidos: 16
2026-05-10 12:30:40,769 - INFO - Sapatos de Caçador 5.3
Preco: 192494 Vendidos: 0
2026-05-10 12:30:45,645 - INFO - Sapatos de Caçador 6.0
Preco: 24415 Vendidos: 348
2026-05-10 12:30:48,427 - INFO - Sapatos de Caçador 6.1
Preco: 41877 Vendidos: 52
2026-05-10 12:30:51,258 - INFO - Sapatos de Caçador 6.2
Preco: 209999 Vendidos: 6
2026-05-10 12:30:54,087 - INFO - Sapatos de Caçador 6.3
Preco: 477098 Vendidos: 0
2026-05-10 12:30:58,905 - INFO - Sapatos de Caçador 7.0
Preco: 85880 Vendidos: 75
2026-05-10 12:31:01,722 - INFO - Sapatos de Caçador 7.1
Preco: 170774 Vendidos: 23
2026-05-10 12:31:04,555 - INFO - Sapatos de Caçador 7.2
Preco: 477964 Vendidos: 2
2026-05-10 12:31:07,354 - INFO - Sapatos de Caçador 7.3
Preco: 1645899 Vendidos: 0
2026-05-10 12:31:12,154 - INFO - Sapatos de Caçador 8.0
Preco: 179990 Vendidos: 28
2026-05-10 12:31:14,956 - INFO - Sapatos de Caçador 8.1
Preco: 399300 Vendidos: 5
2026-05-10 12:31:17,774 - INFO - Sapatos de Caçador 8.2
Preco: 1462979 Vendidos: 1
2026-05-10 12:31:20,600 - INFO - Sapatos de Caçador 8.3
Preco: 3399892 Vendidos: 0
2026-05-10 12:31:21,560 - INFO - 
[31/38] Sapatos de Assassino
2026-05-10 12:31:28,024 - INFO - Sapatos de Assassino 5.0
Preco: 31997 Vendidos: 123
2026-05-10 12:31:30,826 - INFO - Sapatos de Assassino 5.1
Preco: 34990 Vendidos: 40
2026-05-10 12:31:47,615 - INFO - Sapatos de Assassino 5.2
Preco: 62439 Vendidos: 4
2026-05-10 12:31:50,420 - INFO - Sapatos de Assassino 5.3
Preco: 183985 Vendidos: 0
2026-05-10 12:31:55,292 - INFO - Sapatos de Assassino 6.0
Preco: 103995 Vendidos: 103
2026-05-10 12:31:58,122 - INFO - Sapatos de Assassino 6.1
Preco: 138976 Vendidos: 16
2026-05-10 12:32:00,930 - INFO - Sapatos de Assassino 6.2
Preco: 225971 Vendidos: 5
2026-05-10 12:32:03,749 - INFO - Sapatos de Assassino 6.3
Preco: 548999 Vendidos: 0
2026-05-10 12:32:08,588 - INFO - Sapatos de Assassino 7.0
Preco: 125089 Vendidos: 24
2026-05-10 12:32:11,436 - INFO - Sapatos de Assassino 7.1
Preco: 202998 Vendidos: 0
2026-05-10 12:32:41,945 - WARNING - [ERRO] Não foi possível extrair dados de Sapatos de Assassino T7.2
2026-05-10 12:32:41,968 - INFO - Screenshot de falha salvo em screenshots\failures\fail_Sapatos de Assassino_T7.2_20260510_123241.png
2026-05-10 12:32:44,782 - INFO - Sapatos de Assassino 7.3
Preco: 1550000 Vendidos: 0
2026-05-10 12:32:49,657 - INFO - Sapatos de Assassino 8.0
Preco: 604997 Vendidos: 2
2026-05-10 12:33:05,921 - INFO - Sapatos de Assassino 8.1
Preco: 834996 Vendidos: 0
2026-05-10 12:33:08,734 - INFO - Sapatos de Assassino 8.2
Preco: 1999990 Vendidos: 0
2026-05-10 12:33:11,542 - INFO - Sapatos de Assassino 8.3
Preco: 4199994 Vendidos: 0
2026-05-10 12:33:12,493 - INFO - 
[32/38] Sapatos de Espreitador
2026-05-10 12:33:17,864 - INFO - Sapatos de Espreitador 5.0
Preco: 1305 Vendidos: 1706
2026-05-10 12:33:20,702 - INFO - Sapatos de Espreitador 5.1
Preco: 1305 Vendidos: 1706
2026-05-10 12:33:23,530 - INFO - Sapatos de Espreitador 5.2
Preco: 1305 Vendidos: 1706
2026-05-10 12:33:26,336 - INFO - Sapatos de Espreitador 5.3
Preco: 1305 Vendidos: 1706
2026-05-10 12:33:31,186 - INFO - Sapatos de Espreitador 6.0
Preco: 2167 Vendidos: 1907
2026-05-10 12:33:34,037 - INFO - Sapatos de Espreitador 6.1
Preco: 3284 Vendidos: 370
2026-05-10 12:33:36,872 - INFO - Sapatos de Espreitador 6.2
Preco: 9979 Vendidos: 72
2026-05-10 12:33:39,704 - INFO - Sapatos de Espreitador 6.3
Preco: 37991 Vendidos: 1
2026-05-10 12:33:44,565 - INFO - Sapatos de Espreitador 7.0
Preco: 6161 Vendidos: 577
2026-05-10 12:33:47,391 - INFO - Sapatos de Espreitador 7.1
Preco: 9656 Vendidos: 115
2026-05-10 12:33:50,211 - INFO - Sapatos de Espreitador 7.2
Preco: 43844 Vendidos: 24
2026-05-10 12:34:07,228 - INFO - Sapatos de Espreitador 7.3
Preco: 159920 Vendidos: 8
2026-05-10 12:34:12,063 - INFO - Sapatos de Espreitador 8.0
Preco: 161400 Vendidos: 403
2026-05-10 12:34:14,886 - INFO - Sapatos de Espreitador 8.1
Preco: 34868 Vendidos: 60
2026-05-10 12:34:17,721 - INFO - Sapatos de Espreitador 8.2
Preco: 143979 Vendidos: 8
2026-05-10 12:34:34,325 - INFO - Sapatos de Espreitador 8.3
Preco: 410147 Vendidos: 5
2026-05-10 12:34:35,274 - INFO - 
[33/38] Botas de Soldado
2026-05-10 12:34:40,661 - INFO - Botas de Soldado 5.0
Preco: 41886 Vendidos: 147
2026-05-10 12:34:43,481 - INFO - Botas de Soldado 5.1
Preco: 113996 Vendidos: 99
2026-05-10 12:34:46,282 - INFO - Botas de Soldado 5.2
Preco: 410110 Vendidos: 3
2026-05-10 12:34:49,116 - INFO - Botas de Soldado 5.3
Preco: 1137967 Vendidos: 1
2026-05-10 12:34:53,981 - INFO - Botas de Soldado 6.0
Preco: 121967 Vendidos: 18
2026-05-10 12:34:56,777 - INFO - Botas de Soldado 6.1
Preco: 333325 Vendidos: 3
2026-05-10 12:34:59,601 - INFO - Botas de Soldado 6.2
Preco: 1016997 Vendidos: 1
2026-05-10 12:35:02,438 - INFO - Botas de Soldado 6.3
Preco: 2949991 Vendidos: 1
2026-05-10 12:35:07,282 - INFO - Botas de Soldado 7.0
Preco: 121967 Vendidos: 18
2026-05-10 12:35:10,065 - INFO - Botas de Soldado 7.1
Preco: 333325 Vendidos: 3
2026-05-10 12:35:12,872 - INFO - Botas de Soldado 7.2
Preco: 1016997 Vendidos: 1
2026-05-10 12:35:15,707 - INFO - Botas de Soldado 7.3
Preco: 2949991 Vendidos: 1
2026-05-10 12:35:20,563 - INFO - Botas de Soldado 8.0
Preco: 121967 Vendidos: 18
2026-05-10 12:35:23,366 - INFO - Botas de Soldado 8.1
Preco: 333325 Vendidos: 3
2026-05-10 12:35:26,154 - INFO - Botas de Soldado 8.2
Preco: 1016997 Vendidos: 1
2026-05-10 12:35:28,956 - INFO - Botas de Soldado 8.3
Preco: 2949991 Vendidos: 1
2026-05-10 12:35:29,907 - INFO - 
[34/38] Botas de Cavaleiro
2026-05-10 12:35:35,300 - INFO - Botas de Cavaleiro 5.0
Preco: 1417 Vendidos: 811
2026-05-10 12:35:38,132 - INFO - Botas de Cavaleiro 5.1
Preco: 9700 Vendidos: 230
2026-05-10 12:35:40,926 - INFO - Botas de Cavaleiro 5.2
Preco: 44000 Vendidos: 10
2026-05-10 12:35:43,735 - INFO - Botas de Cavaleiro 5.3
Preco: 167938 Vendidos: 0
2026-05-10 12:35:48,554 - INFO - Botas de Cavaleiro 6.0
Preco: 16457 Vendidos: 595
2026-05-10 12:35:51,414 - INFO - Botas de Cavaleiro 6.1
Preco: 31863 Vendidos: 128
2026-05-10 12:35:54,226 - INFO - Botas de Cavaleiro 6.2
Preco: 131928 Vendidos: 15
2026-05-10 12:35:57,040 - INFO - Botas de Cavaleiro 6.3
Preco: 430420 Vendidos: 2
2026-05-10 12:36:01,868 - INFO - Botas de Cavaleiro 7.0
Preco: 43990 Vendidos: 149
2026-05-10 12:36:04,699 - INFO - Botas de Cavaleiro 7.1
Preco: 116991 Vendidos: 15
2026-05-10 12:36:07,499 - INFO - Botas de Cavaleiro 7.2
Preco: 399818 Vendidos: 3
2026-05-10 12:36:10,342 - INFO - Botas de Cavaleiro 7.3
Preco: 1149966 Vendidos: 1
2026-05-10 12:36:15,191 - INFO - Botas de Cavaleiro 8.0
Preco: 110000 Vendidos: 19
2026-05-10 12:36:18,037 - INFO - Botas de Cavaleiro 8.1
Preco: 325551 Vendidos: 9
2026-05-10 12:36:20,883 - INFO - Botas de Cavaleiro 8.2
Preco: 1042990 Vendidos: 0
2026-05-10 12:36:23,728 - INFO - Botas de Cavaleiro 8.3
Preco: 2899600 Vendidos: 0
2026-05-10 12:36:24,673 - INFO - 
[35/38] Botas de Guardião
2026-05-10 12:36:30,032 - INFO - Botas de Guardião 5.0
Preco: 18399 Vendidos: 182
2026-05-10 12:36:32,868 - INFO - Botas de Guardião 5.1
Preco: 22499 Vendidos: 14
2026-05-10 12:36:35,692 - INFO - Botas de Guardião 5.2
Preco: 59993 Vendidos: 2
2026-05-10 12:36:38,492 - INFO - Botas de Guardião 5.3
Preco: 168981 Vendidos: 1
2026-05-10 12:36:43,348 - INFO - Botas de Guardião 6.0
Preco: 35488 Vendidos: 289
2026-05-10 12:36:46,188 - INFO - Botas de Guardião 6.1
Preco: 67934 Vendidos: 71
2026-05-10 12:36:49,027 - INFO - Botas de Guardião 6.2
Preco: 165366 Vendidos: 1
2026-05-10 12:36:51,887 - INFO - Botas de Guardião 6.3
Preco: 289978 Vendidos: 0
2026-05-10 12:36:56,718 - INFO - Botas de Guardião 7.0
Preco: 69996 Vendidos: 15
2026-05-10 12:36:59,539 - INFO - Botas de Guardião 7.1
Preco: 139880 Vendidos: 9
2026-05-10 12:37:02,335 - INFO - Botas de Guardião 7.2
Preco: 527994 Vendidos: 0
2026-05-10 12:37:05,163 - INFO - Botas de Guardião 7.3
Preco: 1669997 Vendidos: 0
2026-05-10 12:37:09,967 - INFO - Botas de Guardião 8.0
Preco: 315990 Vendidos: 0
2026-05-10 12:37:40,799 - WARNING - [ERRO] Não foi possível extrair dados de Botas de Guardião T8.1
2026-05-10 12:37:40,824 - INFO - Screenshot de falha salvo em screenshots\failures\fail_Botas de Guardião_T8.1_20260510_123740.png
2026-05-10 12:37:43,627 - INFO - Botas de Guardião 8.2
Preco: 1759980 Vendidos: 0
2026-05-10 12:38:02,535 - WARNING - OCR de quantidade vazio: '—\n'
2026-05-10 12:38:02,535 - WARNING - [ERRO] Não foi possível extrair dados de Botas de Guardião T8.3
2026-05-10 12:38:02,559 - INFO - Screenshot de falha salvo em screenshots\failures\fail_Botas de Guardião_T8.3_20260510_123802.png
2026-05-10 12:38:03,506 - INFO - 
[36/38] Botas de Guarda-tumbas
2026-05-10 12:38:10,031 - INFO - Botas de Guarda-tumbas 5.0
Preco: 18399 Vendidos: 182
2026-05-10 12:38:12,845 - INFO - Botas de Guarda-tumbas 5.1
Preco: 22499 Vendidos: 14
2026-05-10 12:38:15,639 - INFO - Botas de Guarda-tumbas 5.2
Preco: 59993 Vendidos: 2
2026-05-10 12:38:18,437 - INFO - Botas de Guarda-tumbas 5.3
Preco: 168981 Vendidos: 1
2026-05-10 12:38:23,288 - INFO - Botas de Guarda-tumbas 6.0
Preco: 35488 Vendidos: 289
2026-05-10 12:38:26,109 - INFO - Botas de Guarda-tumbas 6.1
Preco: 67934 Vendidos: 71
2026-05-10 12:38:28,898 - INFO - Botas de Guarda-tumbas 6.2
Preco: 165366 Vendidos: 1
2026-05-10 12:38:31,717 - INFO - Botas de Guarda-tumbas 6.3
Preco: 289978 Vendidos: 0
2026-05-10 12:38:36,577 - INFO - Botas de Guarda-tumbas 7.0
Preco: 69996 Vendidos: 15
2026-05-10 12:38:39,371 - INFO - Botas de Guarda-tumbas 7.1
Preco: 139880 Vendidos: 9
2026-05-10 12:38:42,173 - INFO - Botas de Guarda-tumbas 7.2
Preco: 527994 Vendidos: 0
2026-05-10 12:38:44,951 - INFO - Botas de Guarda-tumbas 7.3
Preco: 1669997 Vendidos: 0
2026-05-10 12:38:49,789 - INFO - Botas de Guarda-tumbas 8.0
Preco: 315990 Vendidos: 0
2026-05-10 12:39:20,348 - WARNING - [ERRO] Não foi possível extrair dados de Botas de Guarda-tumbas T8.1
2026-05-10 12:39:20,372 - INFO - Screenshot de falha salvo em screenshots\failures\fail_Botas de Guarda-tumbas_T8.1_20260510_123920.png
2026-05-10 12:39:23,154 - INFO - Botas de Guarda-tumbas 8.2
Preco: 1759980 Vendidos: 0
2026-05-10 12:39:42,076 - WARNING - OCR de quantidade vazio: '—\n'
2026-05-10 12:39:42,076 - WARNING - [ERRO] Não foi possível extrair dados de Botas de Guarda-tumbas T8.3
2026-05-10 12:39:42,100 - INFO - Screenshot de falha salvo em screenshots\failures\fail_Botas de Guarda-tumbas_T8.3_20260510_123942.png
2026-05-10 12:39:43,054 - INFO - 
[37/38] Capa
2026-05-10 12:39:48,419 - INFO - Capa 5.0
Preco: 9798 Vendidos: 708
2026-05-10 12:39:51,264 - INFO - Capa 5.1
Preco: 175490 Vendidos: 247
2026-05-10 12:39:54,086 - INFO - Capa 5.2
Preco: 58990 Vendidos: 146
2026-05-10 12:39:56,904 - INFO - Capa 5.3
Preco: 225000 Vendidos: 14
2026-05-10 12:40:01,722 - INFO - Capa 6.0
Preco: 29960 Vendidos: 2429
2026-05-10 12:40:04,551 - INFO - Capa 6.1
Preco: 54933 Vendidos: 770
2026-05-10 12:40:07,397 - INFO - Capa 6.2
Preco: 192505 Vendidos: 146
2026-05-10 12:40:10,233 - INFO - Capa 6.3
Preco: 490000 Vendidos: 33
2026-05-10 12:40:15,060 - INFO - Capa 7.0
Preco: 74028 Vendidos: 663
2026-05-10 12:40:17,880 - INFO - Capa 7.1
Preco: 182875 Vendidos: 171
2026-05-10 12:40:20,728 - INFO - Capa 7.2
Preco: 449989 Vendidos: 36
2026-05-10 12:40:23,558 - INFO - Capa 7.3
Preco: 1689992 Vendidos: 7
2026-05-10 12:40:28,388 - INFO - Capa 8.0
Preco: 199999 Vendidos: 34
2026-05-10 12:40:31,209 - INFO - Capa 8.1
Preco: 519985 Vendidos: 7
2026-05-10 12:40:34,024 - INFO - Capa 8.2
Preco: 1487000 Vendidos: 3
2026-05-10 12:40:36,859 - INFO - Capa 8.3
Preco: 3499989 Vendidos: 1
2026-05-10 12:40:37,805 - INFO - 
[38/38] Bolsa
2026-05-10 12:40:43,173 - INFO - Bolsa 5.0
Preco: 18899 Vendidos: 2853
2026-05-10 12:40:45,996 - INFO - Bolsa 5.1
Preco: 33750 Vendidos: 402
2026-05-10 12:40:48,793 - INFO - Bolsa 5.2
Preco: 85476 Vendidos: 126
2026-05-10 12:40:51,604 - INFO - Bolsa 5.3
Preco: 321897 Vendidos: 8
2026-05-10 12:40:56,441 - INFO - Bolsa 6.0
Preco: 52235 Vendidos: 2100
2026-05-10 12:40:59,269 - INFO - Bolsa 6.1
Preco: 98118 Vendidos: 591
2026-05-10 12:41:02,117 - INFO - Bolsa 6.2
Preco: 374887 Vendidos: 129
2026-05-10 12:41:04,948 - INFO - Bolsa 6.3
Preco: 934998 Vendidos: 32
2026-05-10 12:41:09,775 - INFO - Bolsa 7.0
Preco: 147992 Vendidos: 1030
2026-05-10 12:41:12,613 - INFO - Bolsa 7.1
Preco: 306956 Vendidos: 267
2026-05-10 12:41:15,463 - INFO - Bolsa 7.2
Preco: 837996 Vendidos: 41
2026-05-10 12:41:18,331 - INFO - Bolsa 7.3
Preco: 2583000 Vendidos: 8
2026-05-10 12:41:23,303 - INFO - Bolsa 8.0
Preco: 344697 Vendidos: 37
2026-05-10 12:41:26,113 - INFO - Bolsa 8.1
Preco: 877975 Vendidos: 15
2026-05-10 12:41:28,909 - INFO - Bolsa 8.2
Preco: 2800000 Vendidos: 3
2026-05-10 12:41:31,710 - INFO - Bolsa 8.3
Preco: 7000000 Vendidos: 1
2026-05-10 12:41:32,671 - INFO - Coleta completa.
2026-05-10 12:41:32,679 - INFO - Dados salvos em data/latest_market_data.json
2026-05-10 12:41:32,683 - INFO - HTML gerado com 152 linhas
2026-05-10 12:41:32,685 - INFO - HTML salvo em reports/market_analysis.html
2026-05-10 12:41:32,691 - INFO - Dados salvos em data/latest_market_data.json
2026-05-10 12:41:32,691 - INFO - [OK] Relatório gerado: reports/market_analysis.html
2026-05-10 12:41:32,714 - ERROR - Erro ao gerar relatório: [WinError 2] O sistema não pode encontrar o arquivo especificado: 'reports/market_analysis.html'
2026-05-10 12:47:58,209 - INFO - Aplicação encerrada
2026-05-10 12:50:43,120 - INFO - Configurações carregadas de config.yaml
2026-05-10 12:50:43,150 - INFO - Dados carregados de data/latest_market_data.json
2026-05-10 12:50:43,150 - INFO - Albion Market Tracker inicializado
2026-05-10 12:50:43,721 - INFO - 
=== MODO AUTOMÁTICO DE COLETA ===
2026-05-10 12:50:45,877 - INFO - Interrompido pelo usuário
2026-05-10 12:50:48,022 - INFO - Configurações carregadas de config.yaml
2026-05-10 12:50:48,033 - INFO - Dados carregados de data/latest_market_data.json
2026-05-10 12:50:48,033 - INFO - Albion Market Tracker inicializado
2026-05-10 12:50:48,780 - INFO - 
=== MODO AUTOMÁTICO DE COLETA ===
2026-05-10 12:50:55,658 - INFO - Iniciando coleta de 38 itens.
2026-05-10 12:50:55,659 - INFO - 
[1/38] Robe de Erudito
2026-05-10 12:51:01,672 - INFO - Robe de Erudito 5.0
Preco: 14997 Vendidos: 834
2026-05-10 12:51:04,509 - INFO - Robe de Erudito 5.1
Preco: 230000 Vendidos: 244
2026-05-10 12:51:07,350 - INFO - Robe de Erudito 5.2
Preco: 71000 Vendidos: 54
2026-05-10 12:51:10,191 - INFO - Robe de Erudito 5.3
Preco: 374998 Vendidos: 3
2026-05-10 12:51:15,055 - INFO - Robe de Erudito 6.0
Preco: 31500 Vendidos: 717
2026-05-10 12:51:17,896 - INFO - Robe de Erudito 6.1
Preco: 67776 Vendidos: 100
2026-05-10 12:51:20,732 - INFO - Robe de Erudito 6.2
Preco: 319972 Vendidos: 2
2026-05-10 12:51:23,552 - INFO - Robe de Erudito 6.3
Preco: 651990 Vendidos: 1
2026-05-10 12:51:28,362 - INFO - Robe de Erudito 7.0
Preco: 98898 Vendidos: 146
2026-05-10 12:51:31,190 - INFO - Robe de Erudito 7.1
Preco: 240000 Vendidos: 19
2026-05-10 12:51:34,011 - INFO - Robe de Erudito 7.2
Preco: 680000 Vendidos: 4
2026-05-10 12:51:36,845 - INFO - Robe de Erudito 7.3
Preco: 2499997 Vendidos: 0
2026-05-10 12:51:41,694 - INFO - Robe de Erudito 8.0
Preco: 289984 Vendidos: 18
2026-05-10 12:51:44,524 - INFO - Robe de Erudito 8.1
Preco: 606000 Vendidos: 5
2026-05-10 12:51:47,332 - INFO - Robe de Erudito 8.2
Preco: 2694000 Vendidos: 2
2026-05-10 12:51:50,176 - INFO - Robe de Erudito 8.3
Preco: 6999997 Vendidos: 1
2026-05-10 12:51:51,132 - INFO - 
[2/38] Robe de Clérigo
2026-05-10 12:51:56,522 - INFO - Robe de Clérigo 5.0
Preco: 14749 Vendidos: 1016
2026-05-10 12:51:59,344 - INFO - Robe de Clérigo 5.1
Preco: 27379 Vendidos: 201
2026-05-10 12:52:02,173 - INFO - Robe de Clérigo 5.2
Preco: 66998 Vendidos: 27
2026-05-10 12:52:04,959 - INFO - Robe de Clérigo 5.3
Preco: 303380 Vendidos: 2
2026-05-10 12:52:09,791 - INFO - Robe de Clérigo 6.0
Preco: 34984 Vendidos: 657
2026-05-10 12:52:12,637 - INFO - Robe de Clérigo 6.1
Preco: 67000 Vendidos: 83
2026-05-10 12:52:15,447 - INFO - Robe de Clérigo 6.2
Preco: 237959 Vendidos: 7
2026-05-10 12:52:18,264 - INFO - Robe de Clérigo 6.3
Preco: 601968 Vendidos: 3
2026-05-10 12:52:23,121 - INFO - Robe de Clérigo 7.0
Preco: 99996 Vendidos: 102
2026-05-10 12:52:25,922 - INFO - Robe de Clérigo 7.1
Preco: 230000 Vendidos: 18
2026-05-10 12:52:28,726 - INFO - Robe de Clérigo 7.2
Preco: 697311 Vendidos: 3
2026-05-10 12:52:31,537 - INFO - Robe de Clérigo 7.3
Preco: 2190899 Vendidos: 0
2026-05-10 12:52:36,382 - INFO - Robe de Clérigo 8.0
Preco: 267900 Vendidos: 12
2026-05-10 12:52:39,210 - INFO - Robe de Clérigo 8.1
Preco: 802433 Vendidos: 4
2026-05-10 12:52:42,057 - INFO - Robe de Clérigo 8.2
Preco: 2625989 Vendidos: 1
2026-05-10 12:52:44,898 - INFO - Robe de Clérigo 8.3
Preco: 6999781 Vendidos: 0
2026-05-10 12:52:45,849 - INFO - 
[3/38] Robe de Mago
2026-05-10 12:52:51,218 - INFO - Robe de Mago 5.0
Preco: 16025 Vendidos: 854
2026-05-10 12:52:54,051 - INFO - Robe de Mago 5.1
Preco: 25893 Vendidos: 211
2026-05-10 12:52:56,876 - INFO - Robe de Mago 5.2
Preco: 68999 Vendidos: 30
2026-05-10 12:52:59,687 - INFO - Robe de Mago 5.3
Preco: 415474 Vendidos: 3
2026-05-10 12:53:04,517 - INFO - Robe de Mago 6.0
Preco: 35551 Vendidos: 436
2026-05-10 12:53:07,348 - INFO - Robe de Mago 6.1
Preco: 67996 Vendidos: 133
2026-05-10 12:53:10,182 - INFO - Robe de Mago 6.2
Preco: 322979 Vendidos: 22
2026-05-10 12:53:12,992 - INFO - Robe de Mago 6.3
Preco: 610569 Vendidos: 3
2026-05-10 12:53:17,816 - INFO - Robe de Mago 7.0
Preco: 112203 Vendidos: 213
2026-05-10 12:53:20,630 - INFO - Robe de Mago 7.1
Preco: 278000 Vendidos: 61
2026-05-10 12:53:23,464 - INFO - Robe de Mago 7.2
Preco: 680177 Vendidos: 10
2026-05-10 12:53:26,234 - INFO - Robe de Mago 7.3
Preco: 2385016 Vendidos: 1
2026-05-10 12:53:31,051 - INFO - Robe de Mago 8.0
Preco: 308000 Vendidos: 18
2026-05-10 12:53:33,874 - INFO - Robe de Mago 8.1
Preco: 619965 Vendidos: 7
2026-05-10 12:53:36,722 - INFO - Robe de Mago 8.2
Preco: 2485949 Vendidos: 1
2026-05-10 12:53:39,483 - INFO - Robe de Mago 8.3
Preco: 7479985 Vendidos: 1
2026-05-10 12:53:40,431 - INFO - 
[4/38] Robe de Druida
2026-05-10 12:53:45,781 - INFO - Robe de Druida 5.0
Preco: 29993 Vendidos: 401
2026-05-10 12:53:48,607 - INFO - Robe de Druida 5.1
Preco: 40567 Vendidos: 85
2026-05-10 12:53:51,418 - INFO - Robe de Druida 5.2
Preco: 60800 Vendidos: 37
2026-05-10 12:53:54,216 - INFO - Robe de Druida 5.3
Preco: 359789 Vendidos: 3
2026-05-10 12:53:59,016 - INFO - Robe de Druida 6.0
Preco: 76980 Vendidos: 389
2026-05-10 12:54:01,849 - INFO - Robe de Druida 6.1
Preco: 119542 Vendidos: 138
2026-05-10 12:54:04,722 - INFO - Robe de Druida 6.2
Preco: 282997 Vendidos: 17
2026-05-10 12:54:07,523 - INFO - Robe de Druida 6.3
Preco: 700000 Vendidos: 7
2026-05-10 12:54:12,385 - INFO - Robe de Druida 7.0
Preco: 124996 Vendidos: 134
2026-05-10 12:54:15,230 - INFO - Robe de Druida 7.1
Preco: 249999 Vendidos: 24
2026-05-10 12:54:18,037 - INFO - Robe de Druida 7.2
Preco: 659996 Vendidos: 2
2026-05-10 12:54:20,867 - INFO - Robe de Druida 7.3
Preco: 2299993 Vendidos: 0
2026-05-10 12:54:25,683 - INFO - Robe de Druida 8.0
Preco: 419676 Vendidos: 59
2026-05-10 12:54:28,507 - INFO - Robe de Druida 8.1
Preco: 1149770 Vendidos: 9
2026-05-10 12:54:31,333 - INFO - Robe de Druida 8.2
Preco: 2570660 Vendidos: 2
2026-05-10 12:54:34,145 - INFO - Robe de Druida 8.3
Preco: 6454542 Vendidos: 0
2026-05-10 12:54:35,097 - INFO - 
[5/38] Casaco de Mercenário
2026-05-10 12:54:40,489 - INFO - Casaco de Mercenário 5.0
Preco: 18750 Vendidos: 818
2026-05-10 12:54:43,308 - INFO - Casaco de Mercenário 5.1
Preco: 27316 Vendidos: 247
2026-05-10 12:54:46,140 - INFO - Casaco de Mercenário 5.2
Preco: 85799 Vendidos: 25
2026-05-10 12:54:49,020 - INFO - Casaco de Mercenário 5.3
Preco: 329994 Vendidos: 5
2026-05-10 12:54:53,860 - INFO - Casaco de Mercenário 6.0
Preco: 49131 Vendidos: 385
2026-05-10 12:54:56,716 - INFO - Casaco de Mercenário 6.1
Preco: 98499 Vendidos: 86
2026-05-10 12:54:59,495 - INFO - Casaco de Mercenário 6.2
Preco: 303278 Vendidos: 8
2026-05-10 12:55:02,355 - INFO - Casaco de Mercenário 6.3
Preco: 859995 Vendidos: 2
2026-05-10 12:55:07,225 - INFO - Casaco de Mercenário 7.0
Preco: 164800 Vendidos: 102
2026-05-10 12:55:10,053 - INFO - Casaco de Mercenário 7.1
Preco: 347775 Vendidos: 13
2026-05-10 12:55:12,855 - INFO - Casaco de Mercenário 7.2
Preco: 984466 Vendidos: 2
2026-05-10 12:55:15,692 - INFO - Casaco de Mercenário 7.3
Preco: 3095976 Vendidos: 2
2026-05-10 12:55:20,531 - INFO - Casaco de Mercenário 8.0
Preco: 354989 Vendidos: 5
2026-05-10 12:55:23,332 - INFO - Casaco de Mercenário 8.1
Preco: 999998 Vendidos: 3
2026-05-10 12:55:26,125 - INFO - Casaco de Mercenário 8.2
Preco: 2744922 Vendidos: 1
2026-05-10 12:55:28,940 - INFO - Casaco de Mercenário 8.3
Preco: 6999985 Vendidos: 0
2026-05-10 12:55:29,897 - INFO - 
[6/38] Casaco de Caçador
2026-05-10 12:55:36,396 - INFO - Casaco de Caçador 5.0
Preco: 18882 Vendidos: 822
2026-05-10 12:55:39,208 - INFO - Casaco de Caçador 5.1
Preco: 288120 Vendidos: 165
2026-05-10 12:55:42,039 - INFO - Casaco de Caçador 5.2
Preco: 91888 Vendidos: 18
2026-05-10 12:55:44,830 - INFO - Casaco de Caçador 5.3
Preco: 415475 Vendidos: 4
2026-05-10 12:55:49,683 - INFO - Casaco de Caçador 6.0
Preco: 41974 Vendidos: 373
2026-05-10 12:55:52,520 - INFO - Casaco de Caçador 6.1
Preco: 93800 Vendidos: 77
2026-05-10 12:55:55,330 - INFO - Casaco de Caçador 6.2
Preco: 312200 Vendidos: 15
2026-05-10 12:55:58,138 - INFO - Casaco de Caçador 6.3
Preco: 1143206 Vendidos: 6
2026-05-10 12:56:02,952 - INFO - Casaco de Caçador 7.0
Preco: 164874 Vendidos: 148
2026-05-10 12:56:05,777 - INFO - Casaco de Caçador 7.1
Preco: 327000 Vendidos: 27
2026-05-10 12:56:08,587 - INFO - Casaco de Caçador 7.2
Preco: 965897 Vendidos: 4
2026-05-10 12:56:11,410 - INFO - Casaco de Caçador 7.3
Preco: 3152070 Vendidos: 2
2026-05-10 12:56:16,225 - INFO - Casaco de Caçador 8.0
Preco: 528995 Vendidos: 14
2026-05-10 12:56:19,045 - INFO - Casaco de Caçador 8.1
Preco: 999986 Vendidos: 9
2026-05-10 12:56:21,858 - INFO - Casaco de Caçador 8.2
Preco: 2882000 Vendidos: 0
2026-05-10 12:56:39,002 - WARNING - [ERRO] Não foi possível extrair dados de Casaco de Caçador T8.3
2026-05-10 12:56:39,027 - INFO - Screenshot de falha salvo em screenshots\failures\fail_Casaco de Caçador_T8.3_20260510_125639.png
2026-05-10 12:56:39,980 - INFO - 
[7/38] Casaco de Assassino
2026-05-10 12:56:45,332 - INFO - Casaco de Assassino 5.0
Preco: 18534 Vendidos: 917
2026-05-10 12:56:48,183 - INFO - Casaco de Assassino 5.1
Preco: 29528 Vendidos: 230
2026-05-10 12:56:50,997 - INFO - Casaco de Assassino 5.2
Preco: 90851 Vendidos: 12
2026-05-10 12:56:53,820 - INFO - Casaco de Assassino 5.3
Preco: 439998 Vendidos: 2
2026-05-10 12:56:58,654 - INFO - Casaco de Assassino 6.0
Preco: 48603 Vendidos: 347
2026-05-10 12:57:01,469 - INFO - Casaco de Assassino 6.1
Preco: 99800 Vendidos: 38
2026-05-10 12:57:04,302 - INFO - Casaco de Assassino 6.2
Preco: 335000 Vendidos: 18
2026-05-10 12:57:07,129 - INFO - Casaco de Assassino 6.3
Preco: 985597 Vendidos: 3
2026-05-10 12:57:11,976 - INFO - Casaco de Assassino 7.0
Preco: 159878 Vendidos: 56
2026-05-10 12:57:14,831 - INFO - Casaco de Assassino 7.1
Preco: 496886 Vendidos: 13
2026-05-10 12:57:17,651 - INFO - Casaco de Assassino 7.2
Preco: 964991 Vendidos: 4
2026-05-10 12:57:20,456 - INFO - Casaco de Assassino 7.3
Preco: 311111 Vendidos: 1
2026-05-10 12:57:25,299 - INFO - Casaco de Assassino 8.0
Preco: 385000 Vendidos: 7
2026-05-10 12:57:28,129 - INFO - Casaco de Assassino 8.1
Preco: 975885 Vendidos: 4
2026-05-10 12:57:30,952 - INFO - Casaco de Assassino 8.2
Preco: 2790977 Vendidos: 1
2026-05-10 12:57:33,779 - INFO - Casaco de Assassino 8.3
Preco: 7187989 Vendidos: 0
2026-05-10 12:57:34,729 - INFO - 
[8/38] Casaco de Espreitador
2026-05-10 12:57:40,071 - INFO - Casaco de Espreitador 5.0
Preco: 21000 Vendidos: 289
2026-05-10 12:57:42,906 - INFO - Casaco de Espreitador 5.1
Preco: 29972 Vendidos: 67
2026-05-10 12:57:45,741 - INFO - Casaco de Espreitador 5.2
Preco: 120979 Vendidos: 9
2026-05-10 12:57:48,594 - INFO - Casaco de Espreitador 5.3
Preco: 459993 Vendidos: 2
2026-05-10 12:57:53,446 - INFO - Casaco de Espreitador 6.0
Preco: 86989 Vendidos: 216
2026-05-10 12:57:56,262 - INFO - Casaco de Espreitador 6.1
Preco: 111997 Vendidos: 17
2026-05-10 12:57:59,074 - INFO - Casaco de Espreitador 6.2
Preco: 307955 Vendidos: 4
2026-05-10 12:58:01,913 - INFO - Casaco de Espreitador 6.3
Preco: 944000 Vendidos: 1
2026-05-10 12:58:06,781 - INFO - Casaco de Espreitador 7.0
Preco: 190735 Vendidos: 53
2026-05-10 12:58:09,610 - INFO - Casaco de Espreitador 7.1
Preco: 365949 Vendidos: 7
2026-05-10 12:58:12,461 - INFO - Casaco de Espreitador 7.2
Preco: 1395992 Vendidos: 2
2026-05-10 12:58:15,319 - INFO - Casaco de Espreitador 7.3
Preco: 2998986 Vendidos: 0
2026-05-10 12:58:20,173 - INFO - Casaco de Espreitador 8.0
Preco: 533998 Vendidos: 4
2026-05-10 12:58:22,987 - INFO - Casaco de Espreitador 8.1
Preco: 1008000 Vendidos: 1
2026-05-10 12:58:25,801 - INFO - Casaco de Espreitador 8.2
Preco: 3079985 Vendidos: 0
2026-05-10 12:58:28,599 - INFO - Casaco de Espreitador 8.3
Preco: 7249000 Vendidos: 0
2026-05-10 12:58:29,545 - INFO - 
[9/38] Armadura de Soldado
2026-05-10 12:58:34,908 - INFO - Armadura de Soldado 5.0
Preco: 18995 Vendidos: 706
2026-05-10 12:58:37,726 - INFO - Armadura de Soldado 5.1
Preco: 24997 Vendidos: 148
2026-05-10 12:58:40,546 - INFO - Armadura de Soldado 5.2
Preco: 94999 Vendidos: 11
2026-05-10 12:58:56,810 - INFO - Armadura de Soldado 5.3
Preco: 489976 Vendidos: 4
2026-05-10 12:59:01,642 - INFO - Armadura de Soldado 6.0
Preco: 44987 Vendidos: 405
2026-05-10 12:59:04,487 - INFO - Armadura de Soldado 6.1
Preco: 79999 Vendidos: 92
2026-05-10 12:59:07,297 - INFO - Armadura de Soldado 6.2
Preco: 340000 Vendidos: 15
2026-05-10 12:59:10,131 - INFO - Armadura de Soldado 6.3
Preco: 1045978 Vendidos: 2
2026-05-10 12:59:14,974 - INFO - Armadura de Soldado 7.0
Preco: 95629 Vendidos: 281
2026-05-10 12:59:17,816 - INFO - Armadura de Soldado 7.1
Preco: 285885 Vendidos: 32
2026-05-10 12:59:20,620 - INFO - Armadura de Soldado 7.2
Preco: 1188886 Vendidos: 1
2026-05-10 12:59:23,469 - INFO - Armadura de Soldado 7.3
Preco: 2398887 Vendidos: 2
2026-05-10 12:59:28,311 - INFO - Armadura de Soldado 8.0
Preco: 303998 Vendidos: 17
2026-05-10 12:59:31,137 - INFO - Armadura de Soldado 8.1
Preco: 980972 Vendidos: 7
2026-05-10 12:59:33,949 - INFO - Armadura de Soldado 8.2
Preco: 2629965 Vendidos: 0
2026-05-10 12:59:36,770 - INFO - Armadura de Soldado 8.3
Preco: 5599999 Vendidos: 1
2026-05-10 12:59:37,729 - INFO - 
[10/38] Armadura de Cavaleiro
2026-05-10 12:59:43,122 - INFO - Armadura de Cavaleiro 5.0
Preco: 18989 Vendidos: 649
2026-05-10 12:59:45,979 - INFO - Armadura de Cavaleiro 5.1
Preco: 29988 Vendidos: 279
2026-05-10 12:59:48,831 - INFO - Armadura de Cavaleiro 5.2
Preco: 100000 Vendidos: 31
2026-05-10 12:59:51,681 - INFO - Armadura de Cavaleiro 5.3
Preco: 497996 Vendidos: 3
2026-05-10 12:59:56,516 - INFO - Armadura de Cavaleiro 6.0
Preco: 39638 Vendidos: 490
2026-05-10 13:00:05,023 - INFO - Armadura de Cavaleiro 6.1
Preco: 81977 Vendidos: 85
2026-05-10 13:00:07,843 - INFO - Armadura de Cavaleiro 6.2
Preco: 328800 Vendidos: 17
2026-05-10 13:00:10,658 - INFO - Armadura de Cavaleiro 6.3
Preco: 1019996 Vendidos: 3
2026-05-10 13:00:15,528 - INFO - Armadura de Cavaleiro 7.0
Preco: 87935 Vendidos: 179
2026-05-10 13:00:18,375 - INFO - Armadura de Cavaleiro 7.1
Preco: 307466 Vendidos: 24
2026-05-10 13:00:21,234 - INFO - Armadura de Cavaleiro 7.2
Preco: 1007777 Vendidos: 2
2026-05-10 13:00:24,029 - INFO - Armadura de Cavaleiro 7.3
Preco: 2708979 Vendidos: 2
2026-05-10 13:00:28,865 - INFO - Armadura de Cavaleiro 8.0
Preco: 290802 Vendidos: 5
2026-05-10 13:00:31,664 - INFO - Armadura de Cavaleiro 8.1
Preco: 839986 Vendidos: 0
2026-05-10 13:00:34,456 - INFO - Armadura de Cavaleiro 8.2
Preco: 2454114 Vendidos: 1
2026-05-10 13:00:37,288 - INFO - Armadura de Cavaleiro 8.3
Preco: 6199999 Vendidos: 0
2026-05-10 13:00:38,245 - INFO - 
[11/38] Armadura de Guardião
2026-05-10 13:00:44,727 - INFO - Armadura de Guardião 5.0
Preco: 15996 Vendidos: 772
2026-05-10 13:00:47,551 - INFO - Armadura de Guardião 5.1
Preco: 23998 Vendidos: 297
2026-05-10 13:00:50,376 - INFO - Armadura de Guardião 5.2
Preco: 97888 Vendidos: 19
2026-05-10 13:00:53,213 - INFO - Armadura de Guardião 5.3
Preco: 411470 Vendidos: 3
2026-05-10 13:00:58,031 - INFO - Armadura de Guardião 6.0
Preco: 40717 Vendidos: 525
2026-05-10 13:01:00,853 - INFO - Armadura de Guardião 6.1
Preco: 80951 Vendidos: 117
2026-05-10 13:01:03,652 - INFO - Armadura de Guardião 6.2
Preco: 443997 Vendidos: 6
2026-05-10 13:01:06,459 - INFO - Armadura de Guardião 6.3
Preco: 985941 Vendidos: 6
2026-05-10 13:01:11,262 - INFO - Armadura de Guardião 7.0
Preco: 92813 Vendidos: 208
2026-05-10 13:01:14,082 - INFO - Armadura de Guardião 7.1
Preco: 291995 Vendidos: 22
2026-05-10 13:01:16,899 - INFO - Armadura de Guardião 7.2
Preco: 1011020 Vendidos: 2
2026-05-10 13:01:19,704 - INFO - Armadura de Guardião 7.3
Preco: 2829971 Vendidos: 0
2026-05-10 13:01:24,566 - INFO - Armadura de Guardião 8.0
Preco: 343985 Vendidos: 17
2026-05-10 13:01:27,411 - INFO - Armadura de Guardião 8.1
Preco: 1008996 Vendidos: 3
2026-05-10 13:01:30,221 - INFO - Armadura de Guardião 8.2
Preco: 3068976 Vendidos: 2
2026-05-10 13:01:33,021 - INFO - Armadura de Guardião 8.3
Preco: 6249000 Vendidos: 0
2026-05-10 13:01:33,977 - INFO - 
[12/38] Armadura de Guarda-tumbas
2026-05-10 13:01:39,352 - INFO - Armadura de Guarda-tumbas 5.0
Preco: 18999 Vendidos: 198
2026-05-10 13:01:42,222 - INFO - Armadura de Guarda-tumbas 5.1
Preco: 36780 Vendidos: 64
2026-05-10 13:01:58,587 - INFO - Armadura de Guarda-tumbas 5.2
Preco: 145000 Vendidos: 4
2026-05-10 13:02:01,407 - INFO - Armadura de Guarda-tumbas 5.3
Preco: 440000 Vendidos: 2
2026-05-10 13:02:06,256 - INFO - Armadura de Guarda-tumbas 6.0
Preco: 61990 Vendidos: 267
2026-05-10 13:02:09,094 - INFO - Armadura de Guarda-tumbas 6.1
Preco: 105879 Vendidos: 44
2026-05-10 13:02:11,923 - INFO - Armadura de Guarda-tumbas 6.2
Preco: 438996 Vendidos: 3
2026-05-10 13:02:14,741 - INFO - Armadura de Guarda-tumbas 6.3
Preco: 939996 Vendidos: 3
2026-05-10 13:02:19,585 - INFO - Armadura de Guarda-tumbas 7.0
Preco: 123471 Vendidos: 77
2026-05-10 13:02:22,405 - INFO - Armadura de Guarda-tumbas 7.1
Preco: 369999 Vendidos: 8
2026-05-10 13:02:25,204 - INFO - Armadura de Guarda-tumbas 7.2
Preco: 1068987 Vendidos: 3
2026-05-10 13:02:28,018 - INFO - Armadura de Guarda-tumbas 7.3
Preco: 2949986 Vendidos: 0
2026-05-10 13:02:32,855 - INFO - Armadura de Guarda-tumbas 8.0
Preco: 434987 Vendidos: 18
2026-05-10 13:02:35,680 - INFO - Armadura de Guarda-tumbas 8.1
Preco: 1159699 Vendidos: 1
2026-05-10 13:02:38,500 - INFO - Armadura de Guarda-tumbas 8.2
Preco: 3489997 Vendidos: 0
2026-05-10 13:02:41,321 - INFO - Armadura de Guarda-tumbas 8.3
Preco: 5150000 Vendidos: 1
2026-05-10 13:02:42,277 - INFO - 
[13/38] Capote de Erudito
2026-05-10 13:02:47,667 - INFO - Capote de Erudito 5.0
Preco: 8719 Vendidos: 764
2026-05-10 13:02:50,478 - INFO - Capote de Erudito 5.1
Preco: 193300 Vendidos: 335
2026-05-10 13:03:07,241 - INFO - Capote de Erudito 5.2
Preco: 350000 Vendidos: 19
2026-05-10 13:03:10,042 - INFO - Capote de Erudito 5.3
Preco: 165994 Vendidos: 0
2026-05-10 13:03:14,896 - INFO - Capote de Erudito 6.0
Preco: 20000 Vendidos: 393
2026-05-10 13:03:17,710 - INFO - Capote de Erudito 6.1
Preco: 36402 Vendidos: 97
2026-05-10 13:03:20,532 - INFO - Capote de Erudito 6.2
Preco: 141054 Vendidos: 5
2026-05-10 13:03:36,729 - INFO - Capote de Erudito 6.3
Preco: 305699 Vendidos: 1
2026-05-10 13:03:49,062 - INFO - Capote de Erudito 7.0
Preco: 52976 Vendidos: 146
2026-05-10 13:03:51,884 - INFO - Capote de Erudito 7.1
Preco: 139773 Vendidos: 28
2026-05-10 13:03:54,718 - INFO - Capote de Erudito 7.2
Preco: 559997 Vendidos: 5
2026-05-10 13:03:57,560 - INFO - Capote de Erudito 7.3
Preco: 1226995 Vendidos: 2
2026-05-10 13:04:02,358 - INFO - Capote de Erudito 8.0
Preco: 220986 Vendidos: 59
2026-05-10 13:04:05,170 - INFO - Capote de Erudito 8.1
Preco: 348338 Vendidos: 4
2026-05-10 13:04:07,998 - INFO - Capote de Erudito 8.2
Preco: 1106967 Vendidos: 1
2026-05-10 13:04:10,788 - INFO - Capote de Erudito 8.3
Preco: 2999000 Vendidos: 0
2026-05-10 13:04:11,742 - INFO - 
[14/38] Capote de Clérigo
2026-05-10 13:04:17,114 - INFO - Capote de Clérigo 5.0
Preco: 9520 Vendidos: 644
2026-05-10 13:04:19,959 - INFO - Capote de Clérigo 5.1
Preco: 16477 Vendidos: 155
2026-05-10 13:04:22,804 - INFO - Capote de Clérigo 5.2
Preco: 27997 Vendidos: 41
2026-05-10 13:04:25,621 - INFO - Capote de Clérigo 5.3
Preco: 167926 Vendidos: 4
2026-05-10 13:04:30,475 - INFO - Capote de Clérigo 6.0
Preco: 22851 Vendidos: 433
2026-05-10 13:04:33,283 - INFO - Capote de Clérigo 6.1
Preco: 37523 Vendidos: 124
2026-05-10 13:04:36,115 - INFO - Capote de Clérigo 6.2
Preco: 146428 Vendidos: 11
2026-05-10 13:04:38,908 - INFO - Capote de Clérigo 6.3
Preco: 415413 Vendidos: 1
2026-05-10 13:04:43,769 - INFO - Capote de Clérigo 7.0
Preco: 51999 Vendidos: 145
2026-05-10 13:04:46,630 - INFO - Capote de Clérigo 7.1
Preco: 157987 Vendidos: 18
2026-05-10 13:04:49,501 - INFO - Capote de Clérigo 7.2
Preco: 454729 Vendidos: 7
2026-05-10 13:04:52,342 - INFO - Capote de Clérigo 7.3
Preco: 1306999 Vendidos: 0
2026-05-10 13:05:10,809 - INFO - Capote de Clérigo 8.0
Preco: 243966 Vendidos: 10
2026-05-10 13:05:13,607 - INFO - Capote de Clérigo 8.1
Preco: 549999 Vendidos: 6
2026-05-10 13:05:16,434 - INFO - Capote de Clérigo 8.2
Preco: 1117969 Vendidos: 3
2026-05-10 13:05:32,936 - INFO - Capote de Clérigo 8.3
Preco: 2729825 Vendidos: 0
2026-05-10 13:05:33,891 - INFO - 
[15/38] Capote de Mago
2026-05-10 13:05:39,241 - INFO - Capote de Mago 5.0
Preco: 102600 Vendidos: 565
2026-05-10 13:05:42,051 - INFO - Capote de Mago 5.1
Preco: 16830 Vendidos: 179
2026-05-10 13:05:44,877 - INFO - Capote de Mago 5.2
Preco: 44992 Vendidos: 22
2026-05-10 13:05:47,688 - INFO - Capote de Mago 5.3
Preco: 208980 Vendidos: 5
2026-05-10 13:05:52,549 - INFO - Capote de Mago 6.0
Preco: 21494 Vendidos: 457
2026-05-10 13:05:55,416 - INFO - Capote de Mago 6.1
Preco: 40980 Vendidos: 8
2026-05-10 13:05:58,245 - INFO - Capote de Mago 6.2
Preco: 158800 Vendidos: 6
2026-05-10 13:06:01,056 - INFO - Capote de Mago 6.3
Preco: 438598 Vendidos: 0
2026-05-10 13:06:05,890 - INFO - Capote de Mago 7.0
Preco: 48900 Vendidos: 161
2026-05-10 13:06:08,705 - INFO - Capote de Mago 7.1
Preco: 140000 Vendidos: 33
2026-05-10 13:06:11,555 - INFO - Capote de Mago 7.2
Preco: 354878 Vendidos: 3
2026-05-10 13:06:14,378 - INFO - Capote de Mago 7.3
Preco: 1289986 Vendidos: 3
2026-05-10 13:06:32,606 - INFO - Capote de Mago 8.0
Preco: 184990 Vendidos: 19
2026-05-10 13:06:35,466 - INFO - Capote de Mago 8.1
Preco: 347992 Vendidos: 9
2026-05-10 13:06:38,271 - INFO - Capote de Mago 8.2
Preco: 1299941 Vendidos: 0
2026-05-10 13:06:41,099 - INFO - Capote de Mago 8.3
Preco: 2688995 Vendidos: 2
2026-05-10 13:06:42,057 - INFO - 
[16/38] Capote de Druida
2026-05-10 13:06:48,567 - INFO - Capote de Druida 5.0
Preco: 15810 Vendidos: 278
2026-05-10 13:06:51,427 - INFO - Capote de Druida 5.1
Preco: 22892 Vendidos: 26
2026-05-10 13:06:54,237 - INFO - Capote de Druida 5.2
Preco: 58897 Vendidos: 2
2026-05-10 13:06:57,059 - INFO - Capote de Druida 5.3
Preco: 174089 Vendidos: 1
2026-05-10 13:07:01,927 - INFO - Capote de Druida 6.0
Preco: 42989 Vendidos: 198
2026-05-10 13:07:04,751 - INFO - Capote de Druida 6.1
Preco: 84000 Vendidos: 11
2026-05-10 13:07:07,575 - INFO - Capote de Druida 6.2
Preco: 178962 Vendidos: 2
2026-05-10 13:07:10,422 - INFO - Capote de Druida 6.3
Preco: 369996 Vendidos: 4
2026-05-10 13:07:15,260 - INFO - Capote de Druida 7.0
Preco: 72854 Vendidos: 31
2026-05-10 13:07:18,094 - INFO - Capote de Druida 7.1
Preco: 224888 Vendidos: 10
2026-05-10 13:07:20,901 - INFO - Capote de Druida 7.2
Preco: 478000 Vendidos: 0
2026-05-10 13:07:23,757 - INFO - Capote de Druida 7.3
Preco: 1388998 Vendidos: 0
2026-05-10 13:07:28,539 - INFO - Capote de Druida 8.0
Preco: 374974 Vendidos: 1
2026-05-10 13:07:31,347 - INFO - Capote de Druida 8.1
Preco: 409539 Vendidos: 1
2026-05-10 13:07:34,156 - INFO - Capote de Druida 8.2
Preco: 1697000 Vendidos: 2
2026-05-10 13:08:07,743 - WARNING - OCR de quantidade vazio: '—\n'
2026-05-10 13:08:07,743 - WARNING - [ERRO] Não foi possível extrair dados de Capote de Druida T8.3
2026-05-10 13:08:07,767 - INFO - Screenshot de falha salvo em screenshots\failures\fail_Capote de Druida_T8.3_20260510_130807.png
2026-05-10 13:08:08,724 - INFO - 
[17/38] Capuz de Mercenário
2026-05-10 13:08:14,095 - INFO - Capuz de Mercenário 5.0
Preco: 10387 Vendidos: 937
2026-05-10 13:08:16,955 - INFO - Capuz de Mercenário 5.1
Preco: 16137 Vendidos: 174
2026-05-10 13:08:19,820 - INFO - Capuz de Mercenário 5.2
Preco: 44272 Vendidos: 29
2026-05-10 13:08:22,673 - INFO - Capuz de Mercenário 5.3
Preco: 188774 Vendidos: 4
2026-05-10 13:08:27,484 - INFO - Capuz de Mercenário 6.0
Preco: 28932 Vendidos: 433
2026-05-10 13:08:30,318 - INFO - Capuz de Mercenário 6.1
Preco: 47985 Vendidos: 84
2026-05-10 13:08:33,161 - INFO - Capuz de Mercenário 6.2
Preco: 170149 Vendidos: 3
2026-05-10 13:08:35,988 - INFO - Capuz de Mercenário 6.3
Preco: 490989 Vendidos: 5
2026-05-10 13:08:40,843 - INFO - Capuz de Mercenário 7.0
Preco: 74883 Vendidos: 90
2026-05-10 13:08:43,682 - INFO - Capuz de Mercenário 7.1
Preco: 180609 Vendidos: 12
2026-05-10 13:08:46,527 - INFO - Capuz de Mercenário 7.2
Preco: 447753 Vendidos: 7
2026-05-10 13:08:49,390 - INFO - Capuz de Mercenário 7.3
Preco: 1589902 Vendidos: 2
2026-05-10 13:08:54,242 - INFO - Capuz de Mercenário 8.0
Preco: 190980 Vendidos: 16
2026-05-10 13:08:57,056 - INFO - Capuz de Mercenário 8.1
Preco: 459895 Vendidos: 5
2026-05-10 13:08:59,863 - INFO - Capuz de Mercenário 8.2
Preco: 1400000 Vendidos: 0
2026-05-10 13:09:16,294 - INFO - Capuz de Mercenário 8.3
Preco: 3198996 Vendidos: 1
2026-05-10 13:09:17,240 - INFO - 
[18/38] Capuz de Caçador
2026-05-10 13:09:22,636 - INFO - Capuz de Caçador 5.0
Preco: 13675 Vendidos: 1630
2026-05-10 13:09:25,479 - INFO - Capuz de Caçador 5.1
Preco: 17517 Vendidos: 493
2026-05-10 13:09:28,292 - INFO - Capuz de Caçador 5.2
Preco: 44996 Vendidos: 64
2026-05-10 13:09:31,105 - INFO - Capuz de Caçador 5.3
Preco: 193777 Vendidos: 12
2026-05-10 13:09:35,975 - INFO - Capuz de Caçador 6.0
Preco: 308800 Vendidos: 1143
2026-05-10 13:09:38,805 - INFO - Capuz de Caçador 6.1
Preco: 53939 Vendidos: 465
2026-05-10 13:09:41,648 - INFO - Capuz de Caçador 6.2
Preco: 181998 Vendidos: 84
2026-05-10 13:09:44,483 - INFO - Capuz de Caçador 6.3
Preco: 480478 Vendidos: 9
2026-05-10 13:09:49,369 - INFO - Capuz de Caçador 7.0
Preco: 1859 Vendidos: 217
2026-05-10 13:10:06,222 - INFO - Capuz de Caçador 7.1
Preco: 185985 Vendidos: 74
2026-05-10 13:10:09,072 - INFO - Capuz de Caçador 7.2
Preco: 494995 Vendidos: 20
2026-05-10 13:10:11,906 - INFO - Capuz de Caçador 7.3
Preco: 1598864 Vendidos: 3
2026-05-10 13:10:16,761 - INFO - Capuz de Caçador 8.0
Preco: 176000 Vendidos: 175
2026-05-10 13:10:19,598 - INFO - Capuz de Caçador 8.1
Preco: 590985 Vendidos: 26
2026-05-10 13:10:22,465 - INFO - Capuz de Caçador 8.2
Preco: 1630000 Vendidos: 6
2026-05-10 13:10:25,257 - INFO - Capuz de Caçador 8.3
Preco: 4997996 Vendidos: 0
2026-05-10 13:10:26,205 - INFO - 
[19/38] Capuz de Assassino
2026-05-10 13:10:31,548 - INFO - Capuz de Assassino 5.0
Preco: 9438 Vendidos: 1973
2026-05-10 13:10:34,403 - INFO - Capuz de Assassino 5.1
Preco: 13192 Vendidos: 771
2026-05-10 13:10:37,245 - INFO - Capuz de Assassino 5.2
Preco: 43540 Vendidos: 89
2026-05-10 13:10:40,024 - INFO - Capuz de Assassino 5.3
Preco: 159139 Vendidos: 7
2026-05-10 13:10:44,848 - INFO - Capuz de Assassino 6.0
Preco: 28924 Vendidos: 1247
2026-05-10 13:10:47,695 - INFO - Capuz de Assassino 6.1
Preco: 489500 Vendidos: 318
2026-05-10 13:10:50,514 - INFO - Capuz de Assassino 6.2
Preco: 183854 Vendidos: 73
2026-05-10 13:10:53,337 - INFO - Capuz de Assassino 6.3
Preco: 494000 Vendidos: 6
2026-05-10 13:10:58,158 - INFO - Capuz de Assassino 7.0
Preco: 89772 Vendidos: 338
2026-05-10 13:11:00,996 - INFO - Capuz de Assassino 7.1
Preco: 158985 Vendidos: 86
2026-05-10 13:11:03,823 - INFO - Capuz de Assassino 7.2
Preco: 534996 Vendidos: 24
2026-05-10 13:11:06,682 - INFO - Capuz de Assassino 7.3
Preco: 1620000 Vendidos: 3
2026-05-10 13:11:11,542 - INFO - Capuz de Assassino 8.0
Preco: 189467 Vendidos: 175
2026-05-10 13:11:14,389 - INFO - Capuz de Assassino 8.1
Preco: 481985 Vendidos: 29
2026-05-10 13:11:17,235 - INFO - Capuz de Assassino 8.2
Preco: 1436629 Vendidos: 2
2026-05-10 13:11:20,061 - INFO - Capuz de Assassino 8.3
Preco: 3248787 Vendidos: 0
2026-05-10 13:11:21,022 - INFO - 
[20/38] Capuz de Espreitador
2026-05-10 13:11:26,379 - INFO - Capuz de Espreitador 5.0
Preco: 16292 Vendidos: 185
2026-05-10 13:11:29,169 - INFO - Capuz de Espreitador 5.1
Preco: 23993 Vendidos: 17
2026-05-10 13:11:45,894 - INFO - Capuz de Espreitador 5.2
Preco: 540000 Vendidos: 4
2026-05-10 13:11:48,713 - INFO - Capuz de Espreitador 5.3
Preco: 230000 Vendidos: 2
2026-05-10 13:12:07,654 - INFO - Capuz de Espreitador 6.0
Preco: 47186 Vendidos: 218
2026-05-10 13:12:10,486 - INFO - Capuz de Espreitador 6.1
Preco: 84000 Vendidos: 18
2026-05-10 13:12:13,319 - INFO - Capuz de Espreitador 6.2
Preco: 180000 Vendidos: 2
2026-05-10 13:12:16,177 - INFO - Capuz de Espreitador 6.3
Preco: 549977 Vendidos: 2
2026-05-10 13:12:21,047 - INFO - Capuz de Espreitador 7.0
Preco: 110970 Vendidos: 47
2026-05-10 13:12:23,866 - INFO - Capuz de Espreitador 7.1
Preco: 186186 Vendidos: 4
2026-05-10 13:12:26,686 - INFO - Capuz de Espreitador 7.2
Preco: 609981 Vendidos: 1
2026-05-10 13:12:29,505 - INFO - Capuz de Espreitador 7.3
Preco: 1589990 Vendidos: 0
2026-05-10 13:12:34,305 - INFO - Capuz de Espreitador 8.0
Preco: 378998 Vendidos: 3
2026-05-10 13:12:37,121 - INFO - Capuz de Espreitador 8.1
Preco: 588981 Vendidos: 0
2026-05-10 13:12:39,934 - INFO - Capuz de Espreitador 8.2
Preco: 1759993 Vendidos: 0
2026-05-10 13:12:42,747 - INFO - Capuz de Espreitador 8.3
Preco: 3639777 Vendidos: 0
2026-05-10 13:12:43,704 - INFO - 
[21/38] Elmo de Soldado
2026-05-10 13:12:50,219 - INFO - Elmo de Soldado 5.0
Preco: 6726 Vendidos: 701
2026-05-10 13:12:53,064 - INFO - Elmo de Soldado 5.1
Preco: 10000 Vendidos: 178
2026-05-10 13:12:55,913 - INFO - Elmo de Soldado 5.2
Preco: 44800 Vendidos: 10
2026-05-10 13:12:58,733 - INFO - Elmo de Soldado 5.3
Preco: 160643 Vendidos: 6
2026-05-10 13:13:03,571 - INFO - Elmo de Soldado 6.0
Preco: 16009 Vendidos: 501
2026-05-10 13:13:06,412 - INFO - Elmo de Soldado 6.1
Preco: 40745 Vendidos: 96
2026-05-10 13:13:09,260 - INFO - Elmo de Soldado 6.2
Preco: 161532 Vendidos: 15
2026-05-10 13:13:12,080 - INFO - Elmo de Soldado 6.3
Preco: 499923 Vendidos: 2
2026-05-10 13:13:16,980 - INFO - Elmo de Soldado 7.0
Preco: 57963 Vendidos: 143
2026-05-10 13:13:19,798 - INFO - Elmo de Soldado 7.1
Preco: 199915 Vendidos: 11
2026-05-10 13:13:22,636 - INFO - Elmo de Soldado 7.2
Preco: 542995 Vendidos: 0
2026-05-10 13:13:25,455 - INFO - Elmo de Soldado 7.3
Preco: 1549997 Vendidos: 0
2026-05-10 13:13:30,284 - INFO - Elmo de Soldado 8.0
Preco: 128000 Vendidos: 18
2026-05-10 13:13:33,092 - INFO - Elmo de Soldado 8.1
Preco: 445997 Vendidos: 1
2026-05-10 13:13:35,906 - INFO - Elmo de Soldado 8.2
Preco: 1548096 Vendidos: 2
2026-05-10 13:13:38,743 - INFO - Elmo de Soldado 8.3
Preco: 2962219 Vendidos: 0
2026-05-10 13:13:39,704 - INFO - 
[22/38] Elmo de Cavaleiro
2026-05-10 13:13:45,065 - INFO - Elmo de Cavaleiro 5.0
Preco: 1468 Vendidos: 885
2026-05-10 13:13:47,914 - INFO - Elmo de Cavaleiro 5.1
Preco: 10497 Vendidos: 108
2026-05-10 13:13:50,747 - INFO - Elmo de Cavaleiro 5.2
Preco: 48585 Vendidos: 23
2026-05-10 13:13:53,586 - INFO - Elmo de Cavaleiro 5.3
Preco: 198551 Vendidos: 7
2026-05-10 13:13:58,392 - INFO - Elmo de Cavaleiro 6.0
Preco: 16949 Vendidos: 551
2026-05-10 13:14:01,210 - INFO - Elmo de Cavaleiro 6.1
Preco: 41296 Vendidos: 153
2026-05-10 13:14:04,010 - INFO - Elmo de Cavaleiro 6.2
Preco: 177765 Vendidos: 7
2026-05-10 13:14:06,846 - INFO - Elmo de Cavaleiro 6.3
Preco: 530000 Vendidos: 4
2026-05-10 13:14:25,469 - INFO - Elmo de Cavaleiro 7.0
Preco: 56999 Vendidos: 135
2026-05-10 13:14:28,277 - INFO - Elmo de Cavaleiro 7.1
Preco: 144996 Vendidos: 15
2026-05-10 13:14:31,064 - INFO - Elmo de Cavaleiro 7.2
Preco: 578951 Vendidos: 5
2026-05-10 13:14:33,890 - INFO - Elmo de Cavaleiro 7.3
Preco: 1580978 Vendidos: 0
2026-05-10 13:14:38,717 - INFO - Elmo de Cavaleiro 8.0
Preco: 127900 Vendidos: 14
2026-05-10 13:14:41,566 - INFO - Elmo de Cavaleiro 8.1
Preco: 450396 Vendidos: 1
2026-05-10 13:14:44,412 - INFO - Elmo de Cavaleiro 8.2
Preco: 1229999 Vendidos: 5
2026-05-10 13:14:47,183 - INFO - Elmo de Cavaleiro 8.3
Preco: 2819881 Vendidos: 1
2026-05-10 13:14:48,137 - INFO - 
[23/38] Elmo de Guardião
2026-05-10 13:14:53,489 - INFO - Elmo de Guardião 5.0
Preco: 6479 Vendidos: 334
2026-05-10 13:14:56,296 - INFO - Elmo de Guardião 5.1
Preco: 11398 Vendidos: 123
2026-05-10 13:14:59,131 - INFO - Elmo de Guardião 5.2
Preco: 4777 Vendidos: 15
2026-05-10 13:15:01,947 - INFO - Elmo de Guardião 5.3
Preco: 188200 Vendidos: 1
2026-05-10 13:15:06,816 - INFO - Elmo de Guardião 6.0
Preco: 18580 Vendidos: 730
2026-05-10 13:15:09,630 - INFO - Elmo de Guardião 6.1
Preco: 43986 Vendidos: 71
2026-05-10 13:15:12,470 - INFO - Elmo de Guardião 6.2
Preco: 161945 Vendidos: 23
2026-05-10 13:15:15,302 - INFO - Elmo de Guardião 6.3
Preco: 487000 Vendidos: 0
2026-05-10 13:15:20,166 - INFO - Elmo de Guardião 7.0
Preco: 54862 Vendidos: 109
2026-05-10 13:15:22,987 - INFO - Elmo de Guardião 7.1
Preco: 160976 Vendidos: 12
2026-05-10 13:15:25,782 - INFO - Elmo de Guardião 7.2
Preco: 589993 Vendidos: 0
2026-05-10 13:15:28,595 - INFO - Elmo de Guardião 7.3
Preco: 1399790 Vendidos: 1
2026-05-10 13:15:33,384 - INFO - Elmo de Guardião 8.0
Preco: 136438 Vendidos: 18
2026-05-10 13:15:36,192 - INFO - Elmo de Guardião 8.1
Preco: 522215 Vendidos: 4
2026-05-10 13:15:39,020 - INFO - Elmo de Guardião 8.2
Preco: 1394989 Vendidos: 3
2026-05-10 13:15:55,468 - INFO - Elmo de Guardião 8.3
Preco: 4299981 Vendidos: 1
2026-05-10 13:15:56,419 - INFO - 
[24/38] Elmo de Guarda-tumbas
2026-05-10 13:16:04,623 - INFO - Elmo de Guarda-tumbas 5.0
Preco: 11616 Vendidos: 184
2026-05-10 13:16:07,443 - INFO - Elmo de Guarda-tumbas 5.1
Preco: 15646 Vendidos: 35
2026-05-10 13:16:10,244 - INFO - Elmo de Guarda-tumbas 5.2
Preco: 40400 Vendidos: 7
2026-05-10 13:16:13,069 - INFO - Elmo de Guarda-tumbas 5.3
Preco: 399993 Vendidos: 4
2026-05-10 13:16:17,911 - INFO - Elmo de Guarda-tumbas 6.0
Preco: 31581 Vendidos: 213
2026-05-10 13:16:20,742 - INFO - Elmo de Guarda-tumbas 6.1
Preco: 56997 Vendidos: 45
2026-05-10 13:16:23,552 - INFO - Elmo de Guarda-tumbas 6.2
Preco: 198000 Vendidos: 2
2026-05-10 13:16:26,331 - INFO - Elmo de Guarda-tumbas 6.3
Preco: 503984 Vendidos: 0
2026-05-10 13:16:31,167 - INFO - Elmo de Guarda-tumbas 7.0
Preco: 68994 Vendidos: 69
2026-05-10 13:16:33,976 - INFO - Elmo de Guarda-tumbas 7.1
Preco: 165000 Vendidos: 14
2026-05-10 13:16:36,819 - INFO - Elmo de Guarda-tumbas 7.2
Preco: 599890 Vendidos: 3
2026-05-10 13:16:39,650 - INFO - Elmo de Guarda-tumbas 7.3
Preco: 1498970 Vendidos: 0
2026-05-10 13:16:44,495 - INFO - Elmo de Guarda-tumbas 8.0
Preco: 303990 Vendidos: 5
2026-05-10 13:16:47,322 - INFO - Elmo de Guarda-tumbas 8.1
Preco: 651190 Vendidos: 0
2026-05-10 13:16:50,145 - INFO - Elmo de Guarda-tumbas 8.2
Preco: 1419983 Vendidos: 2
2026-05-10 13:16:52,961 - INFO - Elmo de Guarda-tumbas 8.3
Preco: 2499979 Vendidos: 0
2026-05-10 13:16:53,919 - INFO - 
[25/38] Sandálias de Erudito
2026-05-10 13:16:59,258 - INFO - Sandálias de Erudito 5.0
Preco: 8479 Vendidos: 511
2026-05-10 13:17:02,085 - INFO - Sandálias de Erudito 5.1
Preco: 16901 Vendidos: 95
2026-05-10 13:17:04,922 - INFO - Sandálias de Erudito 5.2
Preco: 47999 Vendidos: 37
2026-05-10 13:17:07,776 - INFO - Sandálias de Erudito 5.3
Preco: 183900 Vendidos: 0
2026-05-10 13:17:12,620 - INFO - Sandálias de Erudito 6.0
Preco: 27325 Vendidos: 292
2026-05-10 13:17:15,434 - INFO - Sandálias de Erudito 6.1
Preco: 40789 Vendidos: 57
2026-05-10 13:17:18,275 - INFO - Sandálias de Erudito 6.2
Preco: 164430 Vendidos: 7
2026-05-10 13:17:21,096 - INFO - Sandálias de Erudito 6.3
Preco: 431994 Vendidos: 1
2026-05-10 13:17:25,928 - INFO - Sandálias de Erudito 7.0
Preco: 53960 Vendidos: 105
2026-05-10 13:17:28,768 - INFO - Sandálias de Erudito 7.1
Preco: 139999 Vendidos: 8
2026-05-10 13:17:31,590 - INFO - Sandálias de Erudito 7.2
Preco: 457987 Vendidos: 6
2026-05-10 13:17:34,410 - INFO - Sandálias de Erudito 7.3
Preco: 1387000 Vendidos: 1
2026-05-10 13:17:39,236 - INFO - Sandálias de Erudito 8.0
Preco: 160985 Vendidos: 16
2026-05-10 13:17:42,060 - INFO - Sandálias de Erudito 8.1
Preco: 389990 Vendidos: 3
2026-05-10 13:17:44,850 - INFO - Sandálias de Erudito 8.2
Preco: 1120000 Vendidos: 3
2026-05-10 13:17:47,675 - INFO - Sandálias de Erudito 8.3
Preco: 3759432 Vendidos: 0
2026-05-10 13:17:48,635 - INFO - 
[26/38] Sandálias de Clérigo
2026-05-10 13:17:55,188 - INFO - Sandálias de Clérigo 5.0
Preco: 8896 Vendidos: 525
2026-05-10 13:17:57,982 - INFO - Sandálias de Clérigo 5.1
Preco: 19881 Vendidos: 166
2026-05-10 13:18:00,785 - INFO - Sandálias de Clérigo 5.2
Preco: 48999 Vendidos: 10
2026-05-10 13:18:03,596 - INFO - Sandálias de Clérigo 5.3
Preco: 181300 Vendidos: 2
2026-05-10 13:18:08,426 - INFO - Sandálias de Clérigo 6.0
Preco: 22702 Vendidos: 417
2026-05-10 13:18:11,237 - INFO - Sandálias de Clérigo 6.1
Preco: 40691 Vendidos: 140
2026-05-10 13:18:14,074 - INFO - Sandálias de Clérigo 6.2
Preco: 156653 Vendidos: 30
2026-05-10 13:18:16,886 - INFO - Sandálias de Clérigo 6.3
Preco: 414944 Vendidos: 4
2026-05-10 13:18:21,749 - INFO - Sandálias de Clérigo 7.0
Preco: 51993 Vendidos: 97
2026-05-10 13:18:24,595 - INFO - Sandálias de Clérigo 7.1
Preco: 143992 Vendidos: 17
2026-05-10 13:18:27,430 - INFO - Sandálias de Clérigo 7.2
Preco: 432216 Vendidos: 3
2026-05-10 13:18:30,268 - INFO - Sandálias de Clérigo 7.3
Preco: 1480914 Vendidos: 0
2026-05-10 13:18:35,106 - INFO - Sandálias de Clérigo 8.0
Preco: 241981 Vendidos: 10
2026-05-10 13:18:37,918 - INFO - Sandálias de Clérigo 8.1
Preco: 442208 Vendidos: 2
2026-05-10 13:18:40,751 - INFO - Sandálias de Clérigo 8.2
Preco: 1179994 Vendidos: 1
2026-05-10 13:18:43,564 - INFO - Sandálias de Clérigo 8.3
Preco: 3596990 Vendidos: 0
2026-05-10 13:18:44,518 - INFO - 
[27/38] Sandálias de Mago
2026-05-10 13:18:52,848 - INFO - Sandálias de Mago 5.0
Preco: 9712 Vendidos: 593
2026-05-10 13:18:55,715 - INFO - Sandálias de Mago 5.1
Preco: 13900 Vendidos: 226
2026-05-10 13:18:58,556 - INFO - Sandálias de Mago 5.2
Preco: 45499 Vendidos: 34
2026-05-10 13:19:01,353 - INFO - Sandálias de Mago 5.3
Preco: 220968 Vendidos: 8
2026-05-10 13:19:06,189 - INFO - Sandálias de Mago 6.0
Preco: 22531 Vendidos: 382
2026-05-10 13:19:09,074 - INFO - Sandálias de Mago 6.1
Preco: 45995 Vendidos: 58
2026-05-10 13:19:11,917 - INFO - Sandálias de Mago 6.2
Preco: 165922 Vendidos: 8
2026-05-10 13:19:14,764 - INFO - Sandálias de Mago 6.3
Preco: 419966 Vendidos: 3
2026-05-10 13:19:19,615 - INFO - Sandálias de Mago 7.0
Preco: 52000 Vendidos: 125
2026-05-10 13:19:22,448 - INFO - Sandálias de Mago 7.1
Preco: 146987 Vendidos: 27
2026-05-10 13:19:25,286 - INFO - Sandálias de Mago 7.2
Preco: 335977 Vendidos: 4
2026-05-10 13:19:28,084 - INFO - Sandálias de Mago 7.3
Preco: 1499999 Vendidos: 0
2026-05-10 13:19:32,906 - INFO - Sandálias de Mago 8.0
Preco: 167987 Vendidos: 13
2026-05-10 13:19:35,744 - INFO - Sandálias de Mago 8.1
Preco: 369996 Vendidos: 9
2026-05-10 13:19:38,557 - INFO - Sandálias de Mago 8.2
Preco: 1237689 Vendidos: 1
2026-05-10 13:19:41,398 - INFO - Sandálias de Mago 8.3
Preco: 3999960 Vendidos: 1
2026-05-10 13:19:42,350 - INFO - 
[28/38] Sandálias de Druida
2026-05-10 13:19:47,757 - INFO - Sandálias de Druida 5.0
Preco: 14486 Vendidos: 554
2026-05-10 13:19:50,600 - INFO - Sandálias de Druida 5.1
Preco: 29977 Vendidos: 86
2026-05-10 13:19:53,446 - INFO - Sandálias de Druida 5.2
Preco: 558800 Vendidos: 15
2026-05-10 13:19:56,291 - INFO - Sandálias de Druida 5.3
Preco: 188937 Vendidos: 4
2026-05-10 13:20:01,133 - INFO - Sandálias de Druida 6.0
Preco: 36755 Vendidos: 543
2026-05-10 13:20:03,972 - INFO - Sandálias de Druida 6.1
Preco: 93994 Vendidos: 91
2026-05-10 13:20:06,825 - INFO - Sandálias de Druida 6.2
Preco: 196196 Vendidos: 17
2026-05-10 13:20:09,631 - INFO - Sandálias de Druida 6.3
Preco: 499973 Vendidos: 2
2026-05-10 13:20:15,830 - INFO - Sandálias de Druida 7.0
Preco: 65870 Vendidos: 120
2026-05-10 13:20:18,697 - INFO - Sandálias de Druida 7.1
Preco: 154988 Vendidos: 30
2026-05-10 13:20:21,529 - INFO - Sandálias de Druida 7.2
Preco: 504957 Vendidos: 3
2026-05-10 13:20:24,386 - INFO - Sandálias de Druida 7.3
Preco: 1499990 Vendidos: 0
2026-05-10 13:20:29,226 - INFO - Sandálias de Druida 8.0
Preco: 278992 Vendidos: 46
2026-05-10 13:20:32,072 - INFO - Sandálias de Druida 8.1
Preco: 618533 Vendidos: 5
2026-05-10 13:20:34,876 - INFO - Sandálias de Druida 8.2
Preco: 1498986 Vendidos: 1
2026-05-10 13:20:37,674 - INFO - Sandálias de Druida 8.3
Preco: 2599995 Vendidos: 1
2026-05-10 13:20:38,634 - INFO - 
[29/38] Sapatos de Mercenário
2026-05-10 13:20:58,180 - INFO - Sapatos de Mercenário 5.0
Preco: 8056 Vendidos: 2874
2026-05-10 13:21:01,025 - INFO - Sapatos de Mercenário 5.1
Preco: 13479 Vendidos: 718
2026-05-10 13:21:03,864 - INFO - Sapatos de Mercenário 5.2
Preco: 43886 Vendidos: 108
2026-05-10 13:21:06,719 - INFO - Sapatos de Mercenário 5.3
Preco: 159677 Vendidos: 11
2026-05-10 13:21:11,607 - INFO - Sapatos de Mercenário 6.0
Preco: 25996 Vendidos: 1500
2026-05-10 13:21:14,456 - INFO - Sapatos de Mercenário 6.1
Preco: 49977 Vendidos: 490
2026-05-10 13:21:17,292 - INFO - Sapatos de Mercenário 6.2
Preco: 173797 Vendidos: 59
2026-05-10 13:21:20,127 - INFO - Sapatos de Mercenário 6.3
Preco: 417595 Vendidos: 8
2026-05-10 13:21:24,993 - INFO - Sapatos de Mercenário 7.0
Preco: 73876 Vendidos: 395
2026-05-10 13:21:27,846 - INFO - Sapatos de Mercenário 7.1
Preco: 162985 Vendidos: 85
2026-05-10 13:21:30,697 - INFO - Sapatos de Mercenário 7.2
Preco: 469984 Vendidos: 19
2026-05-10 13:21:33,497 - INFO - Sapatos de Mercenário 7.3
Preco: 1393592 Vendidos: 2
2026-05-10 13:21:52,524 - INFO - Sapatos de Mercenário 8.0
Preco: 176987 Vendidos: 178
2026-05-10 13:21:55,364 - INFO - Sapatos de Mercenário 8.1
Preco: 484989 Vendidos: 30
2026-05-10 13:21:58,214 - INFO - Sapatos de Mercenário 8.2
Preco: 1374998 Vendidos: 8
2026-05-10 13:22:01,022 - INFO - Sapatos de Mercenário 8.3
Preco: 3599890 Vendidos: 1
2026-05-10 13:22:01,984 - INFO - 
[30/38] Sapatos de Caçador
2026-05-10 13:22:07,372 - INFO - Sapatos de Caçador 5.0
Preco: 8914 Vendidos: 601
2026-05-10 13:22:10,203 - INFO - Sapatos de Caçador 5.1
Preco: 12871 Vendidos: 185
2026-05-10 13:22:13,006 - INFO - Sapatos de Caçador 5.2
Preco: 43887 Vendidos: 16
2026-05-10 13:22:15,818 - INFO - Sapatos de Caçador 5.3
Preco: 192494 Vendidos: 0
2026-05-10 13:22:20,685 - INFO - Sapatos de Caçador 6.0
Preco: 24412 Vendidos: 348
2026-05-10 13:22:23,465 - INFO - Sapatos de Caçador 6.1
Preco: 41879 Vendidos: 52
2026-05-10 13:22:26,290 - INFO - Sapatos de Caçador 6.2
Preco: 209999 Vendidos: 6
2026-05-10 13:22:29,100 - INFO - Sapatos de Caçador 6.3
Preco: 477097 Vendidos: 0
2026-05-10 13:22:33,944 - INFO - Sapatos de Caçador 7.0
Preco: 85878 Vendidos: 75
2026-05-10 13:22:36,799 - INFO - Sapatos de Caçador 7.1
Preco: 169981 Vendidos: 23
2026-05-10 13:22:39,648 - INFO - Sapatos de Caçador 7.2
Preco: 477964 Vendidos: 2
2026-05-10 13:22:42,455 - INFO - Sapatos de Caçador 7.3
Preco: 1645891 Vendidos: 0
2026-05-10 13:22:47,269 - INFO - Sapatos de Caçador 8.0
Preco: 179990 Vendidos: 28
2026-05-10 13:22:50,102 - INFO - Sapatos de Caçador 8.1
Preco: 399296 Vendidos: 5
2026-05-10 13:22:52,913 - INFO - Sapatos de Caçador 8.2
Preco: 1462979 Vendidos: 1
2026-05-10 13:22:55,742 - INFO - Sapatos de Caçador 8.3
Preco: 3399891 Vendidos: 0
2026-05-10 13:22:56,699 - INFO - 
[31/38] Sapatos de Assassino
2026-05-10 13:23:03,175 - INFO - Sapatos de Assassino 5.0
Preco: 31996 Vendidos: 123
2026-05-10 13:23:05,973 - INFO - Sapatos de Assassino 5.1
Preco: 34990 Vendidos: 40
2026-05-10 13:23:17,326 - INFO - 
Coleta interrompida. Gerando relatório parcial...
2026-05-10 13:23:17,333 - INFO - Dados salvos em data/latest_market_data.json
2026-05-10 13:23:17,340 - INFO - HTML gerado com 152 linhas
2026-05-10 13:23:17,342 - INFO - HTML salvo em reports/market_analysis.html
2026-05-10 13:23:17,347 - INFO - Dados salvos em data/latest_market_data.json
2026-05-10 13:23:17,347 - INFO - [OK] Relatório gerado: reports/market_analysis.html
2026-05-10 13:23:17,348 - INFO - Interrompido pelo usuário
2026-05-10 13:28:30,168 - INFO - Configurações carregadas de config.yaml
2026-05-10 13:28:30,199 - INFO - Dados carregados de data/latest_market_data.json
2026-05-10 13:28:30,199 - INFO - Albion Market Tracker inicializado
2026-05-10 13:28:35,558 - INFO - Aplicação encerrada
2026-05-10 13:44:40,712 - INFO - Configurações carregadas de config.yaml
2026-05-10 13:44:40,719 - INFO - Dados carregados de data/latest_market_data.json
2026-05-10 13:44:40,719 - INFO - Albion Market Tracker inicializado
2026-05-10 13:44:42,164 - INFO - 
=== MODO AUTOMÁTICO DE COLETA ===
2026-05-10 13:44:45,320 - INFO - Iniciando coleta de 48 itens.
2026-05-10 13:44:45,320 - INFO - 
[1/48] Arco do
2026-05-10 13:44:51,352 - INFO - Arco do 5.0
Preco: 14565 Vendidos: 368
2026-05-10 13:44:54,198 - INFO - Arco do 5.1
Preco: 26497 Vendidos: 119
2026-05-10 13:44:56,996 - INFO - Arco do 5.2
Preco: 140000 Vendidos: 21
2026-05-10 13:45:13,200 - INFO - Arco do 5.3
Preco: 569994 Vendidos: 4
2026-05-10 13:45:18,030 - INFO - Arco do 6.0
Preco: 36903 Vendidos: 190
2026-05-10 13:45:20,853 - INFO - Arco do 6.1
Preco: 83499 Vendidos: 75
2026-05-10 13:45:23,706 - INFO - Arco do 6.2
Preco: 511069 Vendidos: 6
2026-05-10 13:45:26,527 - INFO - Arco do 6.3
Preco: 1690000 Vendidos: 1
2026-05-10 13:45:31,364 - INFO - Arco do 7.0
Preco: 161907 Vendidos: 50
2026-05-10 13:45:34,205 - INFO - Arco do 7.1
Preco: 390518 Vendidos: 1
2026-05-10 13:45:50,977 - INFO - Arco do 7.2
Preco: 1877777 Vendidos: 4
2026-05-10 13:45:53,808 - INFO - Arco do 7.3
Preco: 5749996 Vendidos: 0
2026-05-10 13:46:12,607 - INFO - Arco do 8.0
Preco: 555871 Vendidos: 4
2026-05-10 13:46:15,445 - INFO - Arco do 8.1
Preco: 1243322 Vendidos: 2
2026-05-10 13:46:32,170 - INFO - Arco do 8.2
Preco: 4848991 Vendidos: 1
2026-05-10 13:46:34,983 - INFO - Arco do 8.3
Preco: 12999964 Vendidos: 1
2026-05-10 13:46:35,937 - INFO - 
[2/48] Arco longo
2026-05-10 13:46:41,272 - INFO - Arco longo 5.0
Preco: 14588 Vendidos: 342
2026-05-10 13:46:44,097 - INFO - Arco longo 5.1
Preco: 26555 Vendidos: 106
2026-05-10 13:46:46,951 - INFO - Arco longo 5.2
Preco: 96599 Vendidos: 18
2026-05-10 13:47:03,639 - INFO - Arco longo 5.3
Preco: 479900 Vendidos: 4
2026-05-10 13:47:08,458 - INFO - Arco longo 6.0
Preco: 35159 Vendidos: 348
2026-05-10 13:47:11,295 - INFO - Arco longo 6.1
Preco: 88197 Vendidos: 47
2026-05-10 13:47:14,113 - INFO - Arco longo 6.2
Preco: 449941 Vendidos: 7
2026-05-10 13:47:16,953 - INFO - Arco longo 6.3
Preco: 1556999 Vendidos: 1
2026-05-10 13:47:21,816 - INFO - Arco longo 7.0
Preco: 169200 Vendidos: 26
2026-05-10 13:47:24,648 - INFO - Arco longo 7.1
Preco: 379938 Vendidos: 10
2026-05-10 13:47:41,232 - INFO - Arco longo 7.2
Preco: 1538982 Vendidos: 1
2026-05-10 13:47:44,072 - INFO - Arco longo 7.3
Preco: 5929990 Vendidos: 0
2026-05-10 13:47:48,915 - INFO - Arco longo 8.0
Preco: 515961 Vendidos: 2
2026-05-10 13:47:53,601 - INFO - Arco longo 8.1
Preco: 1116666 Vendidos: 1
2026-05-10 13:47:56,423 - INFO - Arco longo 8.2
Preco: 5000000 Vendidos: 0
2026-05-10 13:48:13,671 - WARNING - [ERRO] Não foi possível extrair dados de Arco longo T8.3
2026-05-10 13:48:13,696 - INFO - Screenshot de falha salvo em screenshots\failures\fail_Arco longo_T8.3_20260510_134813.png
2026-05-10 13:48:14,653 - INFO - 
[3/48] Arco de Guerra
2026-05-10 13:48:20,021 - INFO - Arco de Guerra 5.0
Preco: 16161 Vendidos: 427
2026-05-10 13:48:22,858 - INFO - Arco de Guerra 5.1
Preco: 27600 Vendidos: 103
2026-05-10 13:48:25,677 - INFO - Arco de Guerra 5.2
Preco: 140000 Vendidos: 17
2026-05-10 13:48:28,501 - INFO - Arco de Guerra 5.3
Preco: 599996 Vendidos: 2
2026-05-10 13:48:33,326 - INFO - Arco de Guerra 6.0
Preco: 34983 Vendidos: 267
2026-05-10 13:48:36,155 - INFO - Arco de Guerra 6.1
Preco: 93899 Vendidos: 103
2026-05-10 13:48:38,999 - INFO - Arco de Guerra 6.2
Preco: 515549 Vendidos: 5
2026-05-10 13:48:41,819 - INFO - Arco de Guerra 6.3
Preco: 1659949 Vendidos: 2
2026-05-10 13:48:46,642 - INFO - Arco de Guerra 7.0
Preco: 172900 Vendidos: 34
2026-05-10 13:48:49,532 - INFO - Arco de Guerra 7.1
Preco: 419970 Vendidos: 10
2026-05-10 13:48:52,385 - INFO - Arco de Guerra 7.2
Preco: 1500000 Vendidos: 1
2026-05-10 13:48:55,225 - INFO - Arco de Guerra 7.3
Preco: 5555546 Vendidos: 0
2026-05-10 13:49:00,051 - INFO - Arco de Guerra 8.0
Preco: 677759 Vendidos: 9
2026-05-10 13:49:16,740 - INFO - Arco de Guerra 8.1
Preco: 1149976 Vendidos: 4
2026-05-10 13:49:19,602 - INFO - Arco de Guerra 8.2
Preco: 4199990 Vendidos: 2
2026-05-10 13:49:22,424 - INFO - Arco de Guerra 8.3
Preco: 11999999 Vendidos: 0
2026-05-10 13:49:23,385 - INFO - 
[4/48] Besta do
2026-05-10 13:49:28,729 - INFO - Besta do 5.0
Preco: 23354 Vendidos: 240
2026-05-10 13:49:31,529 - INFO - Besta do 5.1
Preco: 44881 Vendidos: 61
2026-05-10 13:49:34,359 - INFO - Besta do 5.2
Preco: 182899 Vendidos: 3
2026-05-10 13:49:37,182 - INFO - Besta do 5.3
Preco: 689991 Vendidos: 1
2026-05-10 13:49:55,815 - INFO - Besta do 6.0
Preco: 63462 Vendidos: 194
2026-05-10 13:49:58,645 - INFO - Besta do 6.1
Preco: 133889 Vendidos: 39
2026-05-10 13:50:01,469 - INFO - Besta do 6.2
Preco: 631980 Vendidos: 12
2026-05-10 13:50:04,296 - INFO - Besta do 6.3
Preco: 1748982 Vendidos: 1
2026-05-10 13:50:09,156 - INFO - Besta do 7.0
Preco: 220663 Vendidos: 34
2026-05-10 13:50:11,950 - INFO - Besta do 7.1
Preco: 554897 Vendidos: 3
2026-05-10 13:50:14,796 - INFO - Besta do 7.2
Preco: 1918987 Vendidos: 2
2026-05-10 13:50:17,612 - INFO - Besta do 7.3
Preco: 5799895 Vendidos: 0
2026-05-10 13:50:22,448 - INFO - Besta do 8.0
Preco: 660900 Vendidos: 6
2026-05-10 13:50:25,258 - INFO - Besta do 8.1
Preco: 1697805 Vendidos: 4
2026-05-10 13:50:28,048 - INFO - Besta do 8.2
Preco: 4979985 Vendidos: 1
2026-05-10 13:50:30,862 - INFO - Besta do 8.3
Preco: 17075344 Vendidos: 0
2026-05-10 13:50:31,819 - INFO - 
[5/48] Besta Pesada
2026-05-10 13:50:37,168 - INFO - Besta Pesada 5.0
Preco: 29995 Vendidos: 180
2026-05-10 13:50:40,059 - INFO - Besta Pesada 5.1
Preco: 49261 Vendidos: 70
2026-05-10 13:50:42,867 - INFO - Besta Pesada 5.2
Preco: 178973 Vendidos: 13
2026-05-10 13:50:45,711 - INFO - Besta Pesada 5.3
Preco: 599999 Vendidos: 3
2026-05-10 13:50:50,492 - INFO - Besta Pesada 6.0
Preco: 69982 Vendidos: 107
2026-05-10 13:51:07,146 - INFO - Besta Pesada 6.1
Preco: 156733 Vendidos: 60
2026-05-10 13:51:12,072 - INFO - 
Coleta interrompida. Gerando relatório parcial...
2026-05-10 13:51:12,082 - INFO - Dados salvos em data/latest_market_data.json
2026-05-10 13:51:12,090 - INFO - HTML gerado com 170 linhas
2026-05-10 13:51:12,092 - INFO - HTML salvo em reports/market_analysis.html
2026-05-10 13:51:12,099 - INFO - Dados salvos em data/latest_market_data.json
2026-05-10 13:51:12,099 - INFO - [OK] Relatório gerado: reports/market_analysis.html
2026-05-10 13:51:12,099 - INFO - Interrompido pelo usuário
2026-05-10 15:25:18,837 - INFO - Configurações carregadas de config.yaml
2026-05-10 15:25:18,854 - INFO - Dados carregados de data/latest_market_data.json
2026-05-10 15:25:18,854 - INFO - Albion Market Tracker inicializado
2026-05-10 15:25:20,286 - INFO - 
=== MODO AUTOMÁTICO DE COLETA ===
2026-05-10 15:25:23,787 - INFO - Iniciando coleta de 38 itens.
2026-05-10 15:25:23,788 - INFO - 
[1/38] Robe de Erudito
2026-05-10 15:25:30,396 - INFO - Robe de Erudito 5.0
Preco: 15085 Vendidos: 834
2026-05-10 15:25:33,443 - INFO - Robe de Erudito 5.1
Preco: 23000 Vendidos: 244
2026-05-10 15:25:36,449 - INFO - Robe de Erudito 5.2
Preco: 75690 Vendidos: 54
2026-05-10 15:25:39,478 - INFO - Robe de Erudito 5.3
Preco: 374998 Vendidos: 3
2026-05-10 15:25:44,549 - INFO - Robe de Erudito 6.0
Preco: 35195 Vendidos: 717
2026-05-10 15:25:47,610 - INFO - Robe de Erudito 6.1
Preco: 68221 Vendidos: 100
2026-05-10 15:25:50,687 - INFO - Robe de Erudito 6.2
Preco: 318553 Vendidos: 2
2026-05-10 15:25:53,666 - INFO - Robe de Erudito 6.3
Preco: 647999 Vendidos: 1
2026-05-10 15:25:58,711 - INFO - Robe de Erudito 7.0
Preco: 98997 Vendidos: 146
2026-05-10 15:26:01,711 - INFO - Robe de Erudito 7.1
Preco: 245999 Vendidos: 19
2026-05-10 15:26:04,705 - INFO - Robe de Erudito 7.2
Preco: 730000 Vendidos: 4
2026-05-10 15:26:07,692 - INFO - Robe de Erudito 7.3
Preco: 2550000 Vendidos: 0
2026-05-10 15:26:12,744 - INFO - Robe de Erudito 8.0
Preco: 289554 Vendidos: 18
2026-05-10 15:26:15,740 - INFO - Robe de Erudito 8.1
Preco: 603000 Vendidos: 5
2026-05-10 15:26:18,736 - INFO - Robe de Erudito 8.2
Preco: 2694000 Vendidos: 2
2026-05-10 15:26:21,765 - INFO - Robe de Erudito 8.3
Preco: 6999997 Vendidos: 1
2026-05-10 15:26:22,719 - INFO - 
[2/38] Robe de Clérigo
2026-05-10 15:26:28,325 - INFO - Robe de Clérigo 5.0
Preco: 14748 Vendidos: 1016
2026-05-10 15:26:31,311 - INFO - Robe de Clérigo 5.1
Preco: 235000 Vendidos: 201
2026-05-10 15:26:34,311 - INFO - Robe de Clérigo 5.2
Preco: 68217 Vendidos: 27
2026-05-10 15:26:37,276 - INFO - Robe de Clérigo 5.3
Preco: 303378 Vendidos: 2
2026-05-10 15:26:42,325 - INFO - Robe de Clérigo 6.0
Preco: 34795 Vendidos: 657
2026-05-10 15:26:45,354 - INFO - Robe de Clérigo 6.1
Preco: 68497 Vendidos: 83
2026-05-10 15:26:48,341 - INFO - Robe de Clérigo 6.2
Preco: 237900 Vendidos: 7
2026-05-10 15:26:51,360 - INFO - Robe de Clérigo 6.3
Preco: 601963 Vendidos: 3
2026-05-10 15:26:56,480 - INFO - Robe de Clérigo 7.0
Preco: 100548 Vendidos: 102
2026-05-10 15:26:59,486 - INFO - Robe de Clérigo 7.1
Preco: 222222 Vendidos: 18
2026-05-10 15:27:02,448 - INFO - Robe de Clérigo 7.2
Preco: 705887 Vendidos: 3
2026-05-10 15:27:05,436 - INFO - Robe de Clérigo 7.3
Preco: 2190899 Vendidos: 0
2026-05-10 15:27:10,473 - INFO - Robe de Clérigo 8.0
Preco: 267886 Vendidos: 12
2026-05-10 15:27:13,466 - INFO - Robe de Clérigo 8.1
Preco: 802427 Vendidos: 4
2026-05-10 15:27:16,456 - INFO - Robe de Clérigo 8.2
Preco: 2625989 Vendidos: 1
2026-05-10 15:27:19,467 - INFO - Robe de Clérigo 8.3
Preco: 6999781 Vendidos: 0
2026-05-10 15:27:20,419 - INFO - 
[3/38] Robe de Mago
2026-05-10 15:27:25,977 - INFO - Robe de Mago 5.0
Preco: 16041 Vendidos: 854
2026-05-10 15:27:29,055 - INFO - Robe de Mago 5.1
Preco: 25915 Vendidos: 211
2026-05-10 15:27:32,032 - INFO - Robe de Mago 5.2
Preco: 69000 Vendidos: 30
2026-05-10 15:27:35,013 - INFO - Robe de Mago 5.3
Preco: 475472 Vendidos: 3
2026-05-10 15:27:40,043 - INFO - Robe de Mago 6.0
Preco: 37111 Vendidos: 436
2026-05-10 15:27:43,085 - INFO - Robe de Mago 6.1
Preco: 67218 Vendidos: 133
2026-05-10 15:27:46,095 - INFO - Robe de Mago 6.2
Preco: 322549 Vendidos: 22
2026-05-10 15:27:49,118 - INFO - Robe de Mago 6.3
Preco: 606999 Vendidos: 3
2026-05-10 15:27:54,151 - INFO - Robe de Mago 7.0
Preco: 109998 Vendidos: 213
2026-05-10 15:27:57,177 - INFO - Robe de Mago 7.1
Preco: 277996 Vendidos: 61
2026-05-10 15:28:00,208 - INFO - Robe de Mago 7.2
Preco: 676999 Vendidos: 10
2026-05-10 15:28:03,166 - INFO - Robe de Mago 7.3
Preco: 2284535 Vendidos: 1
2026-05-10 15:28:08,152 - INFO - Robe de Mago 8.0
Preco: 318898 Vendidos: 18
2026-05-10 15:28:11,212 - INFO - Robe de Mago 8.1
Preco: 599999 Vendidos: 7
2026-05-10 15:28:14,247 - INFO - Robe de Mago 8.2
Preco: 2585962 Vendidos: 1
2026-05-10 15:28:17,214 - INFO - Robe de Mago 8.3
Preco: 7479984 Vendidos: 1
2026-05-10 15:28:18,169 - INFO - 
[4/38] Robe de Druida
2026-05-10 15:28:23,742 - INFO - Robe de Druida 5.0
Preco: 29500 Vendidos: 401
2026-05-10 15:28:26,786 - INFO - Robe de Druida 5.1
Preco: 39997 Vendidos: 85
2026-05-10 15:28:29,794 - INFO - Robe de Druida 5.2
Preco: 60800 Vendidos: 37
2026-05-10 15:28:32,785 - INFO - Robe de Druida 5.3
Preco: 359789 Vendidos: 3
2026-05-10 15:28:37,798 - INFO - Robe de Druida 6.0
Preco: 75333 Vendidos: 389
2026-05-10 15:28:40,821 - INFO - Robe de Druida 6.1
Preco: 114998 Vendidos: 138
2026-05-10 15:28:43,833 - INFO - Robe de Druida 6.2
Preco: 282994 Vendidos: 17
2026-05-10 15:28:46,850 - INFO - Robe de Druida 6.3
Preco: 700000 Vendidos: 7
2026-05-10 15:28:51,908 - INFO - Robe de Druida 7.0
Preco: 124996 Vendidos: 134
2026-05-10 15:28:55,016 - INFO - Robe de Druida 7.1
Preco: 249994 Vendidos: 24
2026-05-10 15:28:58,021 - INFO - Robe de Druida 7.2
Preco: 659994 Vendidos: 2
2026-05-10 15:29:01,058 - INFO - Robe de Druida 7.3
Preco: 2299993 Vendidos: 0
2026-05-10 15:29:06,120 - INFO - Robe de Druida 8.0
Preco: 424995 Vendidos: 59
2026-05-10 15:29:09,136 - INFO - Robe de Druida 8.1
Preco: 1149770 Vendidos: 9
2026-05-10 15:29:12,194 - INFO - Robe de Druida 8.2
Preco: 2570660 Vendidos: 2
2026-05-10 15:29:15,186 - INFO - Robe de Druida 8.3
Preco: 6454542 Vendidos: 0
2026-05-10 15:29:16,133 - INFO - 
[5/38] Casaco de Mercenário
2026-05-10 15:29:21,675 - INFO - Casaco de Mercenário 5.0
Preco: 187600 Vendidos: 818
2026-05-10 15:29:24,711 - INFO - Casaco de Mercenário 5.1
Preco: 27319 Vendidos: 247
2026-05-10 15:29:27,746 - INFO - Casaco de Mercenário 5.2
Preco: 85799 Vendidos: 25
2026-05-10 15:29:30,750 - INFO - Casaco de Mercenário 5.3
Preco: 329994 Vendidos: 5
2026-05-10 15:29:35,780 - INFO - Casaco de Mercenário 6.0
Preco: 49191 Vendidos: 385
2026-05-10 15:29:38,797 - INFO - Casaco de Mercenário 6.1
Preco: 98556 Vendidos: 86
2026-05-10 15:29:41,786 - INFO - Casaco de Mercenário 6.2
Preco: 303269 Vendidos: 8
2026-05-10 15:29:44,815 - INFO - Casaco de Mercenário 6.3
Preco: 859980 Vendidos: 2
2026-05-10 15:29:49,888 - INFO - Casaco de Mercenário 7.0
Preco: 164446 Vendidos: 102
2026-05-10 15:29:52,908 - INFO - Casaco de Mercenário 7.1
Preco: 347771 Vendidos: 13
2026-05-10 15:29:55,910 - INFO - Casaco de Mercenário 7.2
Preco: 981000 Vendidos: 2
2026-05-10 15:29:58,955 - INFO - Casaco de Mercenário 7.3
Preco: 3095974 Vendidos: 2
2026-05-10 15:30:03,951 - INFO - Casaco de Mercenário 8.0
Preco: 351437 Vendidos: 5
2026-05-10 15:30:06,958 - INFO - Casaco de Mercenário 8.1
Preco: 998999 Vendidos: 3
2026-05-10 15:30:09,927 - INFO - Casaco de Mercenário 8.2
Preco: 2744922 Vendidos: 1
2026-05-10 15:30:12,931 - INFO - Casaco de Mercenário 8.3
Preco: 6999985 Vendidos: 0
2026-05-10 15:30:13,883 - INFO - 
[6/38] Casaco de Caçador
2026-05-10 15:30:20,568 - INFO - Casaco de Caçador 5.0
Preco: 18895 Vendidos: 822
2026-05-10 15:30:23,569 - INFO - Casaco de Caçador 5.1
Preco: 28822 Vendidos: 165
2026-05-10 15:30:26,574 - INFO - Casaco de Caçador 5.2
Preco: 92690 Vendidos: 18
2026-05-10 15:30:29,554 - INFO - Casaco de Caçador 5.3
Preco: 475000 Vendidos: 4
2026-05-10 15:30:34,565 - INFO - Casaco de Caçador 6.0
Preco: 41550 Vendidos: 373
2026-05-10 15:30:37,601 - INFO - Casaco de Caçador 6.1
Preco: 91554 Vendidos: 77
2026-05-10 15:30:40,595 - INFO - Casaco de Caçador 6.2
Preco: 315462 Vendidos: 15
2026-05-10 15:30:43,626 - INFO - Casaco de Caçador 6.3
Preco: 1140000 Vendidos: 6
2026-05-10 15:30:48,692 - INFO - Casaco de Caçador 7.0
Preco: 163995 Vendidos: 148
2026-05-10 15:30:51,718 - INFO - Casaco de Caçador 7.1
Preco: 329937 Vendidos: 27
2026-05-10 15:30:54,705 - INFO - Casaco de Caçador 7.2
Preco: 965895 Vendidos: 4
2026-05-10 15:30:57,701 - INFO - Casaco de Caçador 7.3
Preco: 3152069 Vendidos: 2
2026-05-10 15:31:02,715 - INFO - Casaco de Caçador 8.0
Preco: 515000 Vendidos: 14
2026-05-10 15:31:05,695 - INFO - Casaco de Caçador 8.1
Preco: 989996 Vendidos: 9
2026-05-10 15:31:08,669 - INFO - Casaco de Caçador 8.2
Preco: 2882000 Vendidos: 0
2026-05-10 15:31:30,796 - WARNING - [ERRO] Não foi possível extrair dados de Casaco de Caçador T8.3
2026-05-10 15:31:30,824 - INFO - Screenshot de falha salvo em screenshots\failures\fail_Casaco de Caçador_T8.3_20260510_153130.png
2026-05-10 15:31:31,782 - INFO - 
[7/38] Casaco de Assassino
2026-05-10 15:31:37,357 - INFO - Casaco de Assassino 5.0
Preco: 18508 Vendidos: 917
2026-05-10 15:31:40,390 - INFO - Casaco de Assassino 5.1
Preco: 29600 Vendidos: 230
2026-05-10 15:31:43,404 - INFO - Casaco de Assassino 5.2
Preco: 90851 Vendidos: 12
2026-05-10 15:31:46,383 - INFO - Casaco de Assassino 5.3
Preco: 448000 Vendidos: 2
2026-05-10 15:31:51,415 - INFO - Casaco de Assassino 6.0
Preco: 41756 Vendidos: 347
2026-05-10 15:31:54,457 - INFO - Casaco de Assassino 6.1
Preco: 99797 Vendidos: 38
2026-05-10 15:31:57,486 - INFO - Casaco de Assassino 6.2
Preco: 339991 Vendidos: 18
2026-05-10 15:32:00,478 - INFO - Casaco de Assassino 6.3
Preco: 982000 Vendidos: 3
2026-05-10 15:32:05,474 - INFO - Casaco de Assassino 7.0
Preco: 159493 Vendidos: 56
2026-05-10 15:32:08,473 - INFO - Casaco de Assassino 7.1
Preco: 489995 Vendidos: 13
2026-05-10 15:32:11,482 - INFO - Casaco de Assassino 7.2
Preco: 960000 Vendidos: 4
2026-05-10 15:32:32,166 - INFO - Casaco de Assassino 7.3
Preco: 311111 Vendidos: 1
2026-05-10 15:32:37,172 - INFO - Casaco de Assassino 8.0
Preco: 389218 Vendidos: 7
2026-05-10 15:32:40,257 - INFO - Casaco de Assassino 8.1
Preco: 971999 Vendidos: 4
2026-05-10 15:32:43,271 - INFO - Casaco de Assassino 8.2
Preco: 2790976 Vendidos: 1
2026-05-10 15:32:46,270 - INFO - Casaco de Assassino 8.3
Preco: 7300000 Vendidos: 0
2026-05-10 15:32:47,231 - INFO - 
[8/38] Casaco de Espreitador
2026-05-10 15:32:52,850 - INFO - Casaco de Espreitador 5.0
Preco: 235000 Vendidos: 289
2026-05-10 15:32:55,913 - INFO - Casaco de Espreitador 5.1
Preco: 29972 Vendidos: 67
2026-05-10 15:32:58,940 - INFO - Casaco de Espreitador 5.2
Preco: 120978 Vendidos: 9
2026-05-10 15:33:01,959 - INFO - Casaco de Espreitador 5.3
Preco: 459988 Vendidos: 2
2026-05-10 15:33:06,974 - INFO - Casaco de Espreitador 6.0
Preco: 83995 Vendidos: 216
2026-05-10 15:33:09,985 - INFO - Casaco de Espreitador 6.1
Preco: 108900 Vendidos: 17
2026-05-10 15:33:12,996 - INFO - Casaco de Espreitador 6.2
Preco: 307000 Vendidos: 4
2026-05-10 15:33:16,002 - INFO - Casaco de Espreitador 6.3
Preco: 944000 Vendidos: 1
2026-05-10 15:33:21,042 - INFO - Casaco de Espreitador 7.0
Preco: 190000 Vendidos: 53
2026-05-10 15:33:24,057 - INFO - Casaco de Espreitador 7.1
Preco: 365945 Vendidos: 7
2026-05-10 15:33:27,126 - INFO - Casaco de Espreitador 7.2
Preco: 1395988 Vendidos: 2
2026-05-10 15:33:30,185 - INFO - Casaco de Espreitador 7.3
Preco: 2998986 Vendidos: 0
2026-05-10 15:33:35,189 - INFO - Casaco de Espreitador 8.0
Preco: 533995 Vendidos: 4
2026-05-10 15:33:38,180 - INFO - Casaco de Espreitador 8.1
Preco: 1007998 Vendidos: 1
2026-05-10 15:33:41,201 - INFO - Casaco de Espreitador 8.2
Preco: 3079000 Vendidos: 0
2026-05-10 15:33:44,184 - INFO - Casaco de Espreitador 8.3
Preco: 7249000 Vendidos: 0
2026-05-10 15:33:45,132 - INFO - 
[9/38] Armadura de Soldado
2026-05-10 15:33:50,722 - INFO - Armadura de Soldado 5.0
Preco: 18998 Vendidos: 706
2026-05-10 15:33:53,801 - INFO - Armadura de Soldado 5.1
Preco: 25276 Vendidos: 148
2026-05-10 15:33:56,822 - INFO - Armadura de Soldado 5.2
Preco: 97959 Vendidos: 11
2026-05-10 15:34:17,208 - INFO - Armadura de Soldado 5.3
Preco: 489975 Vendidos: 4
2026-05-10 15:34:22,238 - INFO - Armadura de Soldado 6.0
Preco: 42977 Vendidos: 405
2026-05-10 15:34:25,268 - INFO - Armadura de Soldado 6.1
Preco: 78555 Vendidos: 92
2026-05-10 15:34:28,276 - INFO - Armadura de Soldado 6.2
Preco: 338219 Vendidos: 15
2026-05-10 15:34:31,365 - INFO - Armadura de Soldado 6.3
Preco: 1045978 Vendidos: 2
2026-05-10 15:34:36,406 - INFO - Armadura de Soldado 7.0
Preco: 95630 Vendidos: 281
2026-05-10 15:34:39,442 - INFO - Armadura de Soldado 7.1
Preco: 285878 Vendidos: 32
2026-05-10 15:34:42,437 - INFO - Armadura de Soldado 7.2
Preco: 1188882 Vendidos: 1
2026-05-10 15:34:45,446 - INFO - Armadura de Soldado 7.3
Preco: 2398887 Vendidos: 2
2026-05-10 15:34:50,496 - INFO - Armadura de Soldado 8.0
Preco: 303213 Vendidos: 17
2026-05-10 15:34:53,510 - INFO - Armadura de Soldado 8.1
Preco: 980960 Vendidos: 7
2026-05-10 15:34:56,545 - INFO - Armadura de Soldado 8.2
Preco: 2629965 Vendidos: 0
2026-05-10 15:34:59,545 - INFO - Armadura de Soldado 8.3
Preco: 5638798 Vendidos: 1
2026-05-10 15:35:00,497 - INFO - 
[10/38] Armadura de Cavaleiro
2026-05-10 15:35:06,005 - INFO - Armadura de Cavaleiro 5.0
Preco: 18975 Vendidos: 649
2026-05-10 15:35:09,055 - INFO - Armadura de Cavaleiro 5.1
Preco: 29989 Vendidos: 279
2026-05-10 15:35:12,084 - INFO - Armadura de Cavaleiro 5.2
Preco: 102088 Vendidos: 31
2026-05-10 15:35:15,083 - INFO - Armadura de Cavaleiro 5.3
Preco: 500076 Vendidos: 3
2026-05-10 15:35:20,092 - INFO - Armadura de Cavaleiro 6.0
Preco: 39701 Vendidos: 490
2026-05-10 15:35:34,354 - INFO - Armadura de Cavaleiro 6.1
Preco: 81441 Vendidos: 85
2026-05-10 15:35:37,330 - INFO - Armadura de Cavaleiro 6.2
Preco: 328200 Vendidos: 17
2026-05-10 15:35:40,328 - INFO - Armadura de Cavaleiro 6.3
Preco: 950000 Vendidos: 3
2026-05-10 15:35:45,379 - INFO - Armadura de Cavaleiro 7.0
Preco: 87935 Vendidos: 179
2026-05-10 15:35:48,401 - INFO - Armadura de Cavaleiro 7.1
Preco: 307441 Vendidos: 24
2026-05-10 15:35:51,427 - INFO - Armadura de Cavaleiro 7.2
Preco: 1017930 Vendidos: 2
2026-05-10 15:35:54,421 - INFO - Armadura de Cavaleiro 7.3
Preco: 2708979 Vendidos: 2
2026-05-10 15:35:59,477 - INFO - Armadura de Cavaleiro 8.0
Preco: 290781 Vendidos: 5
2026-05-10 15:36:02,459 - INFO - Armadura de Cavaleiro 8.1
Preco: 835000 Vendidos: 0
2026-05-10 15:36:05,420 - INFO - Armadura de Cavaleiro 8.2
Preco: 2454114 Vendidos: 1
2026-05-10 15:36:08,440 - INFO - Armadura de Cavaleiro 8.3
Preco: 6199997 Vendidos: 0
2026-05-10 15:36:09,397 - INFO - 
[11/38] Armadura de Guardião
2026-05-10 15:36:16,106 - INFO - Armadura de Guardião 5.0
Preco: 16982 Vendidos: 772
2026-05-10 15:36:19,134 - INFO - Armadura de Guardião 5.1
Preco: 25989 Vendidos: 297
2026-05-10 15:36:22,133 - INFO - Armadura de Guardião 5.2
Preco: 97886 Vendidos: 19
2026-05-10 15:36:25,161 - INFO - Armadura de Guardião 5.3
Preco: 411470 Vendidos: 3
2026-05-10 15:36:30,247 - INFO - Armadura de Guardião 6.0
Preco: 40323 Vendidos: 525
2026-05-10 15:36:33,289 - INFO - Armadura de Guardião 6.1
Preco: 80466 Vendidos: 117
2026-05-10 15:36:36,309 - INFO - Armadura de Guardião 6.2
Preco: 440000 Vendidos: 6
2026-05-10 15:36:39,333 - INFO - Armadura de Guardião 6.3
Preco: 985936 Vendidos: 6
2026-05-10 15:36:44,336 - INFO - Armadura de Guardião 7.0
Preco: 92909 Vendidos: 208
2026-05-10 15:36:47,337 - INFO - Armadura de Guardião 7.1
Preco: 280000 Vendidos: 22
2026-05-10 15:36:50,332 - INFO - Armadura de Guardião 7.2
Preco: 1011017 Vendidos: 2
2026-05-10 15:36:53,360 - INFO - Armadura de Guardião 7.3
Preco: 2799999 Vendidos: 0
2026-05-10 15:36:58,388 - INFO - Armadura de Guardião 8.0
Preco: 343111 Vendidos: 17
2026-05-10 15:37:01,398 - INFO - Armadura de Guardião 8.1
Preco: 1007997 Vendidos: 3
2026-05-10 15:37:04,404 - INFO - Armadura de Guardião 8.2
Preco: 3068976 Vendidos: 2
2026-05-10 15:37:07,385 - INFO - Armadura de Guardião 8.3
Preco: 6449000 Vendidos: 0
2026-05-10 15:37:08,345 - INFO - 
[12/38] Armadura de Guarda-tumbas
2026-05-10 15:37:13,920 - INFO - Armadura de Guarda-tumbas 5.0
Preco: 21499 Vendidos: 198
2026-05-10 15:37:16,933 - INFO - Armadura de Guarda-tumbas 5.1
Preco: 36780 Vendidos: 64
2026-05-10 15:37:19,946 - INFO - Armadura de Guarda-tumbas 5.2
Preco: 145000 Vendidos: 4
2026-05-10 15:37:22,986 - INFO - Armadura de Guarda-tumbas 5.3
Preco: 444997 Vendidos: 2
2026-05-10 15:37:28,079 - INFO - Armadura de Guarda-tumbas 6.0
Preco: 60555 Vendidos: 267
2026-05-10 15:37:31,112 - INFO - Armadura de Guarda-tumbas 6.1
Preco: 103000 Vendidos: 44
2026-05-10 15:37:34,074 - INFO - Armadura de Guarda-tumbas 6.2
Preco: 438996 Vendidos: 3
2026-05-10 15:37:37,042 - INFO - Armadura de Guarda-tumbas 6.3
Preco: 939996 Vendidos: 3
2026-05-10 15:37:42,099 - INFO - Armadura de Guarda-tumbas 7.0
Preco: 123221 Vendidos: 77
2026-05-10 15:37:45,107 - INFO - Armadura de Guarda-tumbas 7.1
Preco: 369993 Vendidos: 8
2026-05-10 15:37:48,110 - INFO - Armadura de Guarda-tumbas 7.2
Preco: 1068987 Vendidos: 3
2026-05-10 15:37:51,098 - INFO - Armadura de Guarda-tumbas 7.3
Preco: 2949986 Vendidos: 0
2026-05-10 15:37:56,187 - INFO - Armadura de Guarda-tumbas 8.0
Preco: 432000 Vendidos: 18
2026-05-10 15:37:59,214 - INFO - Armadura de Guarda-tumbas 8.1
Preco: 1159699 Vendidos: 1
2026-05-10 15:38:02,217 - INFO - Armadura de Guarda-tumbas 8.2
Preco: 3489997 Vendidos: 0
2026-05-10 15:38:05,220 - INFO - Armadura de Guarda-tumbas 8.3
Preco: 5150000 Vendidos: 1
2026-05-10 15:38:06,179 - INFO - 
[13/38] Capote de Erudito
2026-05-10 15:38:11,744 - INFO - Capote de Erudito 5.0
Preco: 8723 Vendidos: 764
2026-05-10 15:38:14,719 - INFO - Capote de Erudito 5.1
Preco: 193200 Vendidos: 335
2026-05-10 15:38:35,774 - INFO - Capote de Erudito 5.2
Preco: 37496 Vendidos: 19
2026-05-10 15:38:38,766 - INFO - Capote de Erudito 5.3
Preco: 165994 Vendidos: 0
2026-05-10 15:38:43,802 - INFO - Capote de Erudito 6.0
Preco: 19978 Vendidos: 393
2026-05-10 15:38:46,758 - INFO - Capote de Erudito 6.1
Preco: 36402 Vendidos: 97
2026-05-10 15:38:49,772 - INFO - Capote de Erudito 6.2
Preco: 141051 Vendidos: 5
2026-05-10 15:39:09,960 - INFO - Capote de Erudito 6.3
Preco: 305688 Vendidos: 1
2026-05-10 15:39:24,278 - INFO - Capote de Erudito 7.0
Preco: 52554 Vendidos: 146
2026-05-10 15:39:27,269 - INFO - Capote de Erudito 7.1
Preco: 139769 Vendidos: 28
2026-05-10 15:39:30,277 - INFO - Capote de Erudito 7.2
Preco: 559994 Vendidos: 5
2026-05-10 15:39:33,294 - INFO - Capote de Erudito 7.3
Preco: 1226995 Vendidos: 2
2026-05-10 15:39:38,254 - INFO - Capote de Erudito 8.0
Preco: 220551 Vendidos: 59
2026-05-10 15:39:41,246 - INFO - Capote de Erudito 8.1
Preco: 348324 Vendidos: 4
2026-05-10 15:39:44,312 - INFO - Capote de Erudito 8.2
Preco: 1106948 Vendidos: 1
2026-05-10 15:39:47,283 - INFO - Capote de Erudito 8.3
Preco: 2999000 Vendidos: 0
2026-05-10 15:39:48,244 - INFO - 
[14/38] Capote de Clérigo
2026-05-10 15:39:53,780 - INFO - Capote de Clérigo 5.0
Preco: 9524 Vendidos: 644
2026-05-10 15:39:56,852 - INFO - Capote de Clérigo 5.1
Preco: 16475 Vendidos: 155
2026-05-10 15:39:59,868 - INFO - Capote de Clérigo 5.2
Preco: 29103 Vendidos: 41
2026-05-10 15:40:02,808 - INFO - Capote de Clérigo 5.3
Preco: 167926 Vendidos: 4
2026-05-10 15:40:07,796 - INFO - Capote de Clérigo 6.0
Preco: 22774 Vendidos: 433
2026-05-10 15:40:10,816 - INFO - Capote de Clérigo 6.1
Preco: 37516 Vendidos: 124
2026-05-10 15:40:13,839 - INFO - Capote de Clérigo 6.2
Preco: 146424 Vendidos: 11
2026-05-10 15:40:16,817 - INFO - Capote de Clérigo 6.3
Preco: 410000 Vendidos: 1
2026-05-10 15:40:21,834 - INFO - Capote de Clérigo 7.0
Preco: 51551 Vendidos: 145
2026-05-10 15:40:24,843 - INFO - Capote de Clérigo 7.1
Preco: 149999 Vendidos: 18
2026-05-10 15:40:27,857 - INFO - Capote de Clérigo 7.2
Preco: 454723 Vendidos: 7
2026-05-10 15:40:30,868 - INFO - Capote de Clérigo 7.3
Preco: 1306999 Vendidos: 0
2026-05-10 15:40:53,476 - INFO - Capote de Clérigo 8.0
Preco: 239981 Vendidos: 10
2026-05-10 15:40:56,510 - INFO - Capote de Clérigo 8.1
Preco: 549996 Vendidos: 6
2026-05-10 15:40:59,526 - INFO - Capote de Clérigo 8.2
Preco: 1117969 Vendidos: 3
2026-05-10 15:41:20,280 - INFO - Capote de Clérigo 8.3
Preco: 2729825 Vendidos: 0
2026-05-10 15:41:21,243 - INFO - 
[15/38] Capote de Mago
2026-05-10 15:41:26,785 - INFO - Capote de Mago 5.0
Preco: 10255 Vendidos: 565
2026-05-10 15:41:29,785 - INFO - Capote de Mago 5.1
Preco: 16821 Vendidos: 179
2026-05-10 15:41:32,766 - INFO - Capote de Mago 5.2
Preco: 44991 Vendidos: 22
2026-05-10 15:41:35,834 - INFO - Capote de Mago 5.3
Preco: 208980 Vendidos: 5
2026-05-10 15:41:40,876 - INFO - Capote de Mago 6.0
Preco: 23490 Vendidos: 457
2026-05-10 15:41:43,886 - INFO - Capote de Mago 6.1
Preco: 40988 Vendidos: 8
2026-05-10 15:41:46,915 - INFO - Capote de Mago 6.2
Preco: 158497 Vendidos: 6
2026-05-10 15:41:49,945 - INFO - Capote de Mago 6.3
Preco: 438587 Vendidos: 0
2026-05-10 15:41:54,980 - INFO - Capote de Mago 7.0
Preco: 48555 Vendidos: 161
2026-05-10 15:41:57,961 - INFO - Capote de Mago 7.1
Preco: 139993 Vendidos: 33
2026-05-10 15:42:00,987 - INFO - Capote de Mago 7.2
Preco: 354875 Vendidos: 3
2026-05-10 15:42:03,963 - INFO - Capote de Mago 7.3
Preco: 1289986 Vendidos: 3
2026-05-10 15:42:26,311 - INFO - Capote de Mago 8.0
Preco: 184329 Vendidos: 19
2026-05-10 15:42:29,320 - INFO - Capote de Mago 8.1
Preco: 345000 Vendidos: 9
2026-05-10 15:42:32,298 - INFO - Capote de Mago 8.2
Preco: 1299941 Vendidos: 0
2026-05-10 15:42:35,243 - INFO - Capote de Mago 8.3
Preco: 2688995 Vendidos: 2
2026-05-10 15:42:36,193 - INFO - 
[16/38] Capote de Druida
2026-05-10 15:42:42,893 - INFO - Capote de Druida 5.0
Preco: 15700 Vendidos: 278
2026-05-10 15:42:45,934 - INFO - Capote de Druida 5.1
Preco: 22500 Vendidos: 26
2026-05-10 15:42:48,951 - INFO - Capote de Druida 5.2
Preco: 57895 Vendidos: 2
2026-05-10 15:42:51,975 - INFO - Capote de Druida 5.3
Preco: 174087 Vendidos: 1
2026-05-10 15:42:57,029 - INFO - Capote de Druida 6.0
Preco: 41998 Vendidos: 198
2026-05-10 15:43:00,005 - INFO - Capote de Druida 6.1
Preco: 82999 Vendidos: 11
2026-05-10 15:43:02,995 - INFO - Capote de Druida 6.2
Preco: 178958 Vendidos: 2
2026-05-10 15:43:06,010 - INFO - Capote de Druida 6.3
Preco: 376900 Vendidos: 4
2026-05-10 15:43:11,049 - INFO - Capote de Druida 7.0
Preco: 72849 Vendidos: 31
2026-05-10 15:43:14,060 - INFO - Capote de Druida 7.1
Preco: 224882 Vendidos: 10
2026-05-10 15:43:17,035 - INFO - Capote de Druida 7.2
Preco: 477999 Vendidos: 0
2026-05-10 15:43:20,098 - INFO - Capote de Druida 7.3
Preco: 1388888 Vendidos: 0
2026-05-10 15:43:25,099 - INFO - Capote de Druida 8.0
Preco: 374972 Vendidos: 1
2026-05-10 15:43:28,121 - INFO - Capote de Druida 8.1
Preco: 409539 Vendidos: 1
2026-05-10 15:43:31,170 - INFO - Capote de Druida 8.2
Preco: 1697000 Vendidos: 2
2026-05-10 15:44:14,956 - WARNING - OCR de quantidade vazio: '—\n'
2026-05-10 15:44:14,956 - WARNING - [ERRO] Não foi possível extrair dados de Capote de Druida T8.3
2026-05-10 15:44:14,984 - INFO - Screenshot de falha salvo em screenshots\failures\fail_Capote de Druida_T8.3_20260510_154414.png
2026-05-10 15:44:15,941 - INFO - 
[17/38] Capuz de Mercenário
2026-05-10 15:44:21,550 - INFO - Capuz de Mercenário 5.0
Preco: 10376 Vendidos: 937
2026-05-10 15:44:24,592 - INFO - Capuz de Mercenário 5.1
Preco: 16136 Vendidos: 174
2026-05-10 15:44:27,647 - INFO - Capuz de Mercenário 5.2
Preco: 44272 Vendidos: 29
2026-05-10 15:44:30,667 - INFO - Capuz de Mercenário 5.3
Preco: 188774 Vendidos: 4
2026-05-10 15:44:35,695 - INFO - Capuz de Mercenário 6.0
Preco: 28697 Vendidos: 433
2026-05-10 15:44:38,839 - INFO - Capuz de Mercenário 6.1
Preco: 46998 Vendidos: 84
2026-05-10 15:44:41,871 - INFO - Capuz de Mercenário 6.2
Preco: 170135 Vendidos: 3
2026-05-10 15:44:44,897 - INFO - Capuz de Mercenário 6.3
Preco: 490988 Vendidos: 5
2026-05-10 15:44:49,985 - INFO - Capuz de Mercenário 7.0
Preco: 74887 Vendidos: 90
2026-05-10 15:44:53,017 - INFO - Capuz de Mercenário 7.1
Preco: 179899 Vendidos: 12
2026-05-10 15:44:56,138 - INFO - Capuz de Mercenário 7.2
Preco: 440000 Vendidos: 7
2026-05-10 15:44:59,155 - INFO - Capuz de Mercenário 7.3
Preco: 1589902 Vendidos: 2
2026-05-10 15:45:04,150 - INFO - Capuz de Mercenário 8.0
Preco: 190551 Vendidos: 16
2026-05-10 15:45:07,152 - INFO - Capuz de Mercenário 8.1
Preco: 459888 Vendidos: 5
2026-05-10 15:45:10,152 - INFO - Capuz de Mercenário 8.2
Preco: 1400000 Vendidos: 0
2026-05-10 15:45:30,785 - INFO - Capuz de Mercenário 8.3
Preco: 3198996 Vendidos: 1
2026-05-10 15:45:31,741 - INFO - 
[18/38] Capuz de Caçador
2026-05-10 15:45:37,282 - INFO - Capuz de Caçador 5.0
Preco: 13652 Vendidos: 1630
2026-05-10 15:45:40,268 - INFO - Capuz de Caçador 5.1
Preco: 17520 Vendidos: 493
2026-05-10 15:45:43,297 - INFO - Capuz de Caçador 5.2
Preco: 44995 Vendidos: 64
2026-05-10 15:45:46,280 - INFO - Capuz de Caçador 5.3
Preco: 193777 Vendidos: 12
2026-05-10 15:45:51,333 - INFO - Capuz de Caçador 6.0
Preco: 30791 Vendidos: 1143
2026-05-10 15:45:54,351 - INFO - Capuz de Caçador 6.1
Preco: 53931 Vendidos: 465
2026-05-10 15:45:57,383 - INFO - Capuz de Caçador 6.2
Preco: 181995 Vendidos: 84
2026-05-10 15:46:00,408 - INFO - Capuz de Caçador 6.3
Preco: 480470 Vendidos: 9
2026-05-10 15:46:05,387 - INFO - Capuz de Caçador 7.0
Preco: 91850 Vendidos: 217
2026-05-10 15:46:26,311 - INFO - Capuz de Caçador 7.1
Preco: 185972 Vendidos: 74
2026-05-10 15:46:29,331 - INFO - Capuz de Caçador 7.2
Preco: 494988 Vendidos: 20
2026-05-10 15:46:32,352 - INFO - Capuz de Caçador 7.3
Preco: 1598864 Vendidos: 3
2026-05-10 15:46:37,367 - INFO - Capuz de Caçador 8.0
Preco: 175210 Vendidos: 175
2026-05-10 15:46:40,382 - INFO - Capuz de Caçador 8.1
Preco: 590981 Vendidos: 26
2026-05-10 15:46:43,396 - INFO - Capuz de Caçador 8.2
Preco: 1629999 Vendidos: 6
2026-05-10 15:46:46,348 - INFO - Capuz de Caçador 8.3
Preco: 4997996 Vendidos: 0
2026-05-10 15:46:47,306 - INFO - 
[19/38] Capuz de Assassino
2026-05-10 15:46:52,895 - INFO - Capuz de Assassino 5.0
Preco: 9222 Vendidos: 1973
2026-05-10 15:46:55,913 - INFO - Capuz de Assassino 5.1
Preco: 13189 Vendidos: 771
2026-05-10 15:46:58,950 - INFO - Capuz de Assassino 5.2
Preco: 43539 Vendidos: 89
2026-05-10 15:47:01,956 - INFO - Capuz de Assassino 5.3
Preco: 159138 Vendidos: 7
2026-05-10 15:47:06,958 - INFO - Capuz de Assassino 6.0
Preco: 28766 Vendidos: 1247
2026-05-10 15:47:09,966 - INFO - Capuz de Assassino 6.1
Preco: 489660 Vendidos: 318
2026-05-10 15:47:12,989 - INFO - Capuz de Assassino 6.2
Preco: 183798 Vendidos: 73
2026-05-10 15:47:15,983 - INFO - Capuz de Assassino 6.3
Preco: 493999 Vendidos: 6
2026-05-10 15:47:21,016 - INFO - Capuz de Assassino 7.0
Preco: 89766 Vendidos: 338
2026-05-10 15:47:24,056 - INFO - Capuz de Assassino 7.1
Preco: 158973 Vendidos: 86
2026-05-10 15:47:27,052 - INFO - Capuz de Assassino 7.2
Preco: 534991 Vendidos: 24
2026-05-10 15:47:30,119 - INFO - Capuz de Assassino 7.3
Preco: 1624997 Vendidos: 3
2026-05-10 15:47:35,144 - INFO - Capuz de Assassino 8.0
Preco: 189452 Vendidos: 175
2026-05-10 15:47:38,178 - INFO - Capuz de Assassino 8.1
Preco: 479999 Vendidos: 29
2026-05-10 15:47:41,203 - INFO - Capuz de Assassino 8.2
Preco: 1436624 Vendidos: 2
2026-05-10 15:47:44,191 - INFO - Capuz de Assassino 8.3
Preco: 3248787 Vendidos: 0
2026-05-10 15:47:45,139 - INFO - 
[20/38] Capuz de Espreitador
2026-05-10 15:47:50,712 - INFO - Capuz de Espreitador 5.0
Preco: 15500 Vendidos: 185
2026-05-10 15:47:53,723 - INFO - Capuz de Espreitador 5.1
Preco: 22996 Vendidos: 17
2026-05-10 15:48:05,945 - INFO - Capuz de Espreitador 5.2
Preco: 53999 Vendidos: 4
2026-05-10 15:48:08,943 - INFO - Capuz de Espreitador 5.3
Preco: 229998 Vendidos: 2
2026-05-10 15:48:32,502 - INFO - Capuz de Espreitador 6.0
Preco: 41983 Vendidos: 218
2026-05-10 15:48:35,528 - INFO - Capuz de Espreitador 6.1
Preco: 83988 Vendidos: 18
2026-05-10 15:48:38,553 - INFO - Capuz de Espreitador 6.2
Preco: 183417 Vendidos: 2
2026-05-10 15:48:41,605 - INFO - Capuz de Espreitador 6.3
Preco: 549976 Vendidos: 2
2026-05-10 15:48:46,659 - INFO - Capuz de Espreitador 7.0
Preco: 110900 Vendidos: 47
2026-05-10 15:48:49,726 - INFO - Capuz de Espreitador 7.1
Preco: 186185 Vendidos: 4
2026-05-10 15:48:52,722 - INFO - Capuz de Espreitador 7.2
Preco: 609977 Vendidos: 1
2026-05-10 15:48:55,749 - INFO - Capuz de Espreitador 7.3
Preco: 1589989 Vendidos: 0
2026-05-10 15:49:00,794 - INFO - Capuz de Espreitador 8.0
Preco: 378994 Vendidos: 3
2026-05-10 15:49:03,794 - INFO - Capuz de Espreitador 8.1
Preco: 586999 Vendidos: 0
2026-05-10 15:49:06,762 - INFO - Capuz de Espreitador 8.2
Preco: 1759992 Vendidos: 0
2026-05-10 15:49:09,748 - INFO - Capuz de Espreitador 8.3
Preco: 3639777 Vendidos: 0
2026-05-10 15:49:10,706 - INFO - 
[21/38] Elmo de Soldado
2026-05-10 15:49:17,419 - INFO - Elmo de Soldado 5.0
Preco: 6750 Vendidos: 701
2026-05-10 15:49:20,425 - INFO - Elmo de Soldado 5.1
Preco: 10679 Vendidos: 178
2026-05-10 15:49:23,458 - INFO - Elmo de Soldado 5.2
Preco: 44853 Vendidos: 10
2026-05-10 15:49:26,463 - INFO - Elmo de Soldado 5.3
Preco: 164600 Vendidos: 6
2026-05-10 15:49:31,549 - INFO - Elmo de Soldado 6.0
Preco: 16090 Vendidos: 501
2026-05-10 15:49:34,544 - INFO - Elmo de Soldado 6.1
Preco: 40742 Vendidos: 96
2026-05-10 15:49:37,592 - INFO - Elmo de Soldado 6.2
Preco: 161526 Vendidos: 15
2026-05-10 15:49:40,590 - INFO - Elmo de Soldado 6.3
Preco: 499921 Vendidos: 2
2026-05-10 15:49:45,675 - INFO - Elmo de Soldado 7.0
Preco: 56995 Vendidos: 143
2026-05-10 15:49:48,663 - INFO - Elmo de Soldado 7.1
Preco: 199899 Vendidos: 11
2026-05-10 15:49:51,679 - INFO - Elmo de Soldado 7.2
Preco: 542995 Vendidos: 0
2026-05-10 15:49:54,673 - INFO - Elmo de Soldado 7.3
Preco: 1549997 Vendidos: 0
2026-05-10 15:49:59,732 - INFO - Elmo de Soldado 8.0
Preco: 127000 Vendidos: 18
2026-05-10 15:50:02,716 - INFO - Elmo de Soldado 8.1
Preco: 445987 Vendidos: 1
2026-05-10 15:50:05,711 - INFO - Elmo de Soldado 8.2
Preco: 1548094 Vendidos: 2
2026-05-10 15:50:08,734 - INFO - Elmo de Soldado 8.3
Preco: 2962219 Vendidos: 0
2026-05-10 15:50:09,689 - INFO - 
[22/38] Elmo de Cavaleiro
2026-05-10 15:50:15,257 - INFO - Elmo de Cavaleiro 5.0
Preco: 1417 Vendidos: 885
2026-05-10 15:50:18,289 - INFO - Elmo de Cavaleiro 5.1
Preco: 10588 Vendidos: 108
2026-05-10 15:50:21,283 - INFO - Elmo de Cavaleiro 5.2
Preco: 48588 Vendidos: 23
2026-05-10 15:50:24,378 - INFO - Elmo de Cavaleiro 5.3
Preco: 204994 Vendidos: 7
2026-05-10 15:50:29,410 - INFO - Elmo de Cavaleiro 6.0
Preco: 16847 Vendidos: 551
2026-05-10 15:50:32,425 - INFO - Elmo de Cavaleiro 6.1
Preco: 41291 Vendidos: 153
2026-05-10 15:50:35,400 - INFO - Elmo de Cavaleiro 6.2
Preco: 183297 Vendidos: 7
2026-05-10 15:50:38,553 - INFO - Elmo de Cavaleiro 6.3
Preco: 529996 Vendidos: 4
2026-05-10 15:51:01,533 - INFO - Elmo de Cavaleiro 7.0
Preco: 87877 Vendidos: 135
2026-05-10 15:51:04,510 - INFO - Elmo de Cavaleiro 7.1
Preco: 148841 Vendidos: 15
2026-05-10 15:51:07,491 - INFO - Elmo de Cavaleiro 7.2
Preco: 578950 Vendidos: 5
2026-05-10 15:51:10,516 - INFO - Elmo de Cavaleiro 7.3
Preco: 1580978 Vendidos: 0
2026-05-10 15:51:15,543 - INFO - Elmo de Cavaleiro 8.0
Preco: 127877 Vendidos: 14
2026-05-10 15:51:18,559 - INFO - Elmo de Cavaleiro 8.1
Preco: 450385 Vendidos: 1
2026-05-10 15:51:21,570 - INFO - Elmo de Cavaleiro 8.2
Preco: 1229999 Vendidos: 5
2026-05-10 15:51:24,539 - INFO - Elmo de Cavaleiro 8.3
Preco: 2819881 Vendidos: 1
2026-05-10 15:51:25,489 - INFO - 
[23/38] Elmo de Guardião
2026-05-10 15:51:31,039 - INFO - Elmo de Guardião 5.0
Preco: 6491 Vendidos: 334
2026-05-10 15:51:34,074 - INFO - Elmo de Guardião 5.1
Preco: 11493 Vendidos: 123
2026-05-10 15:51:37,061 - INFO - Elmo de Guardião 5.2
Preco: 4888 Vendidos: 15
2026-05-10 15:51:40,068 - INFO - Elmo de Guardião 5.3
Preco: 188200 Vendidos: 1
2026-05-10 15:51:45,277 - INFO - Elmo de Guardião 6.0
Preco: 18490 Vendidos: 730
2026-05-10 15:51:48,281 - INFO - Elmo de Guardião 6.1
Preco: 43992 Vendidos: 71
2026-05-10 15:51:51,316 - INFO - Elmo de Guardião 6.2
Preco: 161843 Vendidos: 23
2026-05-10 15:51:54,409 - INFO - Elmo de Guardião 6.3
Preco: 486995 Vendidos: 0
2026-05-10 15:51:59,494 - INFO - Elmo de Guardião 7.0
Preco: 54827 Vendidos: 109
2026-05-10 15:52:02,474 - INFO - Elmo de Guardião 7.1
Preco: 160975 Vendidos: 12
2026-05-10 15:52:05,448 - INFO - Elmo de Guardião 7.2
Preco: 599933 Vendidos: 0
2026-05-10 15:52:08,470 - INFO - Elmo de Guardião 7.3
Preco: 1399790 Vendidos: 1
2026-05-10 15:52:13,515 - INFO - Elmo de Guardião 8.0
Preco: 136214 Vendidos: 18
2026-05-10 15:52:16,524 - INFO - Elmo de Guardião 8.1
Preco: 522208 Vendidos: 4
2026-05-10 15:52:19,550 - INFO - Elmo de Guardião 8.2
Preco: 1394797 Vendidos: 3
2026-05-10 15:52:40,905 - INFO - Elmo de Guardião 8.3
Preco: 4299981 Vendidos: 1
2026-05-10 15:52:41,855 - INFO - 
[24/38] Elmo de Guarda-tumbas
2026-05-10 15:52:47,440 - INFO - Elmo de Guarda-tumbas 5.0
Preco: 11500 Vendidos: 184
2026-05-10 15:52:50,452 - INFO - Elmo de Guarda-tumbas 5.1
Preco: 15650 Vendidos: 35
2026-05-10 15:52:53,500 - INFO - Elmo de Guarda-tumbas 5.2
Preco: 40495 Vendidos: 7
2026-05-10 15:52:56,622 - INFO - Elmo de Guarda-tumbas 5.3
Preco: 399993 Vendidos: 4
2026-05-10 15:53:01,674 - INFO - Elmo de Guarda-tumbas 6.0
Preco: 30891 Vendidos: 213
2026-05-10 15:53:04,678 - INFO - Elmo de Guarda-tumbas 6.1
Preco: 56998 Vendidos: 45
2026-05-10 15:53:07,711 - INFO - Elmo de Guarda-tumbas 6.2
Preco: 198752 Vendidos: 2
2026-05-10 15:53:10,742 - INFO - Elmo de Guarda-tumbas 6.3
Preco: 503984 Vendidos: 0
2026-05-10 15:53:15,831 - INFO - Elmo de Guarda-tumbas 7.0
Preco: 68996 Vendidos: 69
2026-05-10 15:53:18,862 - INFO - Elmo de Guarda-tumbas 7.1
Preco: 164996 Vendidos: 14
2026-05-10 15:53:21,920 - INFO - Elmo de Guarda-tumbas 7.2
Preco: 599890 Vendidos: 3
2026-05-10 15:53:24,947 - INFO - Elmo de Guarda-tumbas 7.3
Preco: 1498970 Vendidos: 0
2026-05-10 15:53:30,052 - INFO - Elmo de Guarda-tumbas 8.0
Preco: 303990 Vendidos: 5
2026-05-10 15:53:33,069 - INFO - Elmo de Guarda-tumbas 8.1
Preco: 651190 Vendidos: 0
2026-05-10 15:53:36,053 - INFO - Elmo de Guarda-tumbas 8.2
Preco: 1419983 Vendidos: 2
2026-05-10 15:53:39,078 - INFO - Elmo de Guarda-tumbas 8.3
Preco: 2499979 Vendidos: 0
2026-05-10 15:53:40,037 - INFO - 
[25/38] Sandálias de Erudito
2026-05-10 15:53:45,613 - INFO - Sandálias de Erudito 5.0
Preco: 8499 Vendidos: 511
2026-05-10 15:53:48,633 - INFO - Sandálias de Erudito 5.1
Preco: 16912 Vendidos: 95
2026-05-10 15:53:51,670 - INFO - Sandálias de Erudito 5.2
Preco: 41999 Vendidos: 37
2026-05-10 15:53:54,708 - INFO - Sandálias de Erudito 5.3
Preco: 183900 Vendidos: 0
2026-05-10 15:53:59,761 - INFO - Sandálias de Erudito 6.0
Preco: 26899 Vendidos: 292
2026-05-10 15:54:02,761 - INFO - Sandálias de Erudito 6.1
Preco: 41787 Vendidos: 57
2026-05-10 15:54:05,760 - INFO - Sandálias de Erudito 6.2
Preco: 164395 Vendidos: 7
2026-05-10 15:54:08,747 - INFO - Sandálias de Erudito 6.3
Preco: 428000 Vendidos: 1
2026-05-10 15:54:13,822 - INFO - Sandálias de Erudito 7.0
Preco: 53957 Vendidos: 105
2026-05-10 15:54:16,822 - INFO - Sandálias de Erudito 7.1
Preco: 139997 Vendidos: 8
2026-05-10 15:54:19,868 - INFO - Sandálias de Erudito 7.2
Preco: 457987 Vendidos: 6
2026-05-10 15:54:22,894 - INFO - Sandálias de Erudito 7.3
Preco: 1387000 Vendidos: 1
2026-05-10 15:54:27,920 - INFO - Sandálias de Erudito 8.0
Preco: 160966 Vendidos: 16
2026-05-10 15:54:30,930 - INFO - Sandálias de Erudito 8.1
Preco: 389988 Vendidos: 3
2026-05-10 15:54:33,944 - INFO - Sandálias de Erudito 8.2
Preco: 1139998 Vendidos: 3
2026-05-10 15:54:36,935 - INFO - Sandálias de Erudito 8.3
Preco: 3759432 Vendidos: 0
2026-05-10 15:54:37,886 - INFO - 
[26/38] Sandálias de Clérigo
2026-05-10 15:54:44,610 - INFO - Sandálias de Clérigo 5.0
Preco: 8970 Vendidos: 525
2026-05-10 15:54:47,634 - INFO - Sandálias de Clérigo 5.1
Preco: 19881 Vendidos: 166
2026-05-10 15:54:50,638 - INFO - Sandálias de Clérigo 5.2
Preco: 50933 Vendidos: 10
2026-05-10 15:54:53,653 - INFO - Sandálias de Clérigo 5.3
Preco: 181300 Vendidos: 2
2026-05-10 15:54:58,697 - INFO - Sandálias de Clérigo 6.0
Preco: 22693 Vendidos: 417
2026-05-10 15:55:01,744 - INFO - Sandálias de Clérigo 6.1
Preco: 40682 Vendidos: 140
2026-05-10 15:55:04,741 - INFO - Sandálias de Clérigo 6.2
Preco: 156646 Vendidos: 30
2026-05-10 15:55:07,679 - INFO - Sandálias de Clérigo 6.3
Preco: 470999 Vendidos: 4
2026-05-10 15:55:12,838 - INFO - Sandálias de Clérigo 7.0
Preco: 51958 Vendidos: 97
2026-05-10 15:55:15,872 - INFO - Sandálias de Clérigo 7.1
Preco: 143997 Vendidos: 17
2026-05-10 15:55:18,855 - INFO - Sandálias de Clérigo 7.2
Preco: 432212 Vendidos: 3
2026-05-10 15:55:21,909 - INFO - Sandálias de Clérigo 7.3
Preco: 1349883 Vendidos: 0
2026-05-10 15:55:26,973 - INFO - Sandálias de Clérigo 8.0
Preco: 241554 Vendidos: 10
2026-05-10 15:55:29,999 - INFO - Sandálias de Clérigo 8.1
Preco: 462211 Vendidos: 2
2026-05-10 15:55:33,038 - INFO - Sandálias de Clérigo 8.2
Preco: 1179990 Vendidos: 1
2026-05-10 15:55:36,023 - INFO - Sandálias de Clérigo 8.3
Preco: 3575988 Vendidos: 0
2026-05-10 15:55:36,986 - INFO - 
[27/38] Sandálias de Mago
2026-05-10 15:55:42,646 - INFO - Sandálias de Mago 5.0
Preco: 9600 Vendidos: 593
2026-05-10 15:55:45,741 - INFO - Sandálias de Mago 5.1
Preco: 13986 Vendidos: 226
2026-05-10 15:55:48,753 - INFO - Sandálias de Mago 5.2
Preco: 48281 Vendidos: 34
2026-05-10 15:55:51,760 - INFO - Sandálias de Mago 5.3
Preco: 220968 Vendidos: 8
2026-05-10 15:55:56,855 - INFO - Sandálias de Mago 6.0
Preco: 22446 Vendidos: 382
2026-05-10 15:55:59,850 - INFO - Sandálias de Mago 6.1
Preco: 45995 Vendidos: 58
2026-05-10 15:56:02,853 - INFO - Sandálias de Mago 6.2
Preco: 165895 Vendidos: 8
2026-05-10 15:56:05,852 - INFO - Sandálias de Mago 6.3
Preco: 417000 Vendidos: 3
2026-05-10 15:56:10,883 - INFO - Sandálias de Mago 7.0
Preco: 53954 Vendidos: 125
2026-05-10 15:56:13,892 - INFO - Sandálias de Mago 7.1
Preco: 144987 Vendidos: 27
2026-05-10 15:56:16,928 - INFO - Sandálias de Mago 7.2
Preco: 335975 Vendidos: 4
2026-05-10 15:56:19,939 - INFO - Sandálias de Mago 7.3
Preco: 1499999 Vendidos: 0
2026-05-10 15:56:25,017 - INFO - Sandálias de Mago 8.0
Preco: 167100 Vendidos: 13
2026-05-10 15:56:28,046 - INFO - Sandálias de Mago 8.1
Preco: 369991 Vendidos: 9
2026-05-10 15:56:31,060 - INFO - Sandálias de Mago 8.2
Preco: 1237689 Vendidos: 1
2026-05-10 15:56:34,124 - INFO - Sandálias de Mago 8.3
Preco: 3999960 Vendidos: 1
2026-05-10 15:56:35,085 - INFO - 
[28/38] Sandálias de Druida
2026-05-10 15:56:40,665 - INFO - Sandálias de Druida 5.0
Preco: 14100 Vendidos: 554
2026-05-10 15:56:43,686 - INFO - Sandálias de Druida 5.1
Preco: 29499 Vendidos: 86
2026-05-10 15:56:46,689 - INFO - Sandálias de Druida 5.2
Preco: 54999 Vendidos: 15
2026-05-10 15:56:49,809 - INFO - Sandálias de Druida 5.3
Preco: 188937 Vendidos: 4
2026-05-10 15:56:54,859 - INFO - Sandálias de Druida 6.0
Preco: 35987 Vendidos: 543
2026-05-10 15:56:57,903 - INFO - Sandálias de Druida 6.1
Preco: 82999 Vendidos: 91
2026-05-10 15:57:00,955 - INFO - Sandálias de Druida 6.2
Preco: 196195 Vendidos: 17
2026-05-10 15:57:03,924 - INFO - Sandálias de Druida 6.3
Preco: 499973 Vendidos: 2
2026-05-10 15:57:10,667 - INFO - Sandálias de Druida 7.0
Preco: 65873 Vendidos: 120
2026-05-10 15:57:13,724 - INFO - Sandálias de Druida 7.1
Preco: 160851 Vendidos: 30
2026-05-10 15:57:16,745 - INFO - Sandálias de Druida 7.2
Preco: 509952 Vendidos: 3
2026-05-10 15:57:19,849 - INFO - Sandálias de Druida 7.3
Preco: 1499990 Vendidos: 0
2026-05-10 15:57:24,957 - INFO - Sandálias de Druida 8.0
Preco: 278990 Vendidos: 46
2026-05-10 15:57:28,005 - INFO - Sandálias de Druida 8.1
Preco: 618532 Vendidos: 5
2026-05-10 15:57:30,996 - INFO - Sandálias de Druida 8.2
Preco: 1498986 Vendidos: 1
2026-05-10 15:57:34,020 - INFO - Sandálias de Druida 8.3
Preco: 2599995 Vendidos: 1
2026-05-10 15:57:34,968 - INFO - 
[29/38] Sapatos de Mercenário
2026-05-10 15:57:59,470 - INFO - Sapatos de Mercenário 5.0
Preco: 8059 Vendidos: 2874
2026-05-10 15:58:02,525 - INFO - Sapatos de Mercenário 5.1
Preco: 134810 Vendidos: 718
2026-05-10 15:58:05,582 - INFO - Sapatos de Mercenário 5.2
Preco: 43886 Vendidos: 108
2026-05-10 15:58:08,625 - INFO - Sapatos de Mercenário 5.3
Preco: 159676 Vendidos: 11
2026-05-10 15:58:13,757 - INFO - Sapatos de Mercenário 6.0
Preco: 25663 Vendidos: 1500
2026-05-10 15:58:16,811 - INFO - Sapatos de Mercenário 6.1
Preco: 49989 Vendidos: 490
2026-05-10 15:58:19,888 - INFO - Sapatos de Mercenário 6.2
Preco: 173793 Vendidos: 59
2026-05-10 15:58:22,940 - INFO - Sapatos de Mercenário 6.3
Preco: 417595 Vendidos: 8
2026-05-10 15:58:28,075 - INFO - Sapatos de Mercenário 7.0
Preco: 73870 Vendidos: 395
2026-05-10 15:58:31,183 - INFO - Sapatos de Mercenário 7.1
Preco: 162978 Vendidos: 85
2026-05-10 15:58:34,203 - INFO - Sapatos de Mercenário 7.2
Preco: 469983 Vendidos: 19
2026-05-10 15:58:37,178 - INFO - Sapatos de Mercenário 7.3
Preco: 1393592 Vendidos: 2
2026-05-10 15:59:00,691 - INFO - Sapatos de Mercenário 8.0
Preco: 176214 Vendidos: 178
2026-05-10 15:59:03,715 - INFO - Sapatos de Mercenário 8.1
Preco: 484984 Vendidos: 30
2026-05-10 15:59:06,728 - INFO - Sapatos de Mercenário 8.2
Preco: 1374997 Vendidos: 8
2026-05-10 15:59:09,741 - INFO - Sapatos de Mercenário 8.3
Preco: 3599890 Vendidos: 1
2026-05-10 15:59:10,699 - INFO - 
[30/38] Sapatos de Caçador
2026-05-10 15:59:16,255 - INFO - Sapatos de Caçador 5.0
Preco: 8962 Vendidos: 601
2026-05-10 15:59:19,270 - INFO - Sapatos de Caçador 5.1
Preco: 128660 Vendidos: 185
2026-05-10 15:59:22,255 - INFO - Sapatos de Caçador 5.2
Preco: 43888 Vendidos: 16
2026-05-10 15:59:25,268 - INFO - Sapatos de Caçador 5.3
Preco: 192493 Vendidos: 0
2026-05-10 15:59:30,363 - INFO - Sapatos de Caçador 6.0
Preco: 24420 Vendidos: 348
2026-05-10 15:59:33,468 - INFO - Sapatos de Caçador 6.1
Preco: 41875 Vendidos: 52
2026-05-10 15:59:36,486 - INFO - Sapatos de Caçador 6.2
Preco: 209992 Vendidos: 6
2026-05-10 15:59:39,499 - INFO - Sapatos de Caçador 6.3
Preco: 477093 Vendidos: 0
2026-05-10 15:59:44,592 - INFO - Sapatos de Caçador 7.0
Preco: 85839 Vendidos: 75
2026-05-10 15:59:47,679 - INFO - Sapatos de Caçador 7.1
Preco: 169981 Vendidos: 23
2026-05-10 15:59:50,740 - INFO - Sapatos de Caçador 7.2
Preco: 477960 Vendidos: 2
2026-05-10 15:59:53,739 - INFO - Sapatos de Caçador 7.3
Preco: 1645891 Vendidos: 0
2026-05-10 15:59:58,768 - INFO - Sapatos de Caçador 8.0
Preco: 179552 Vendidos: 28
2026-05-10 16:00:01,808 - INFO - Sapatos de Caçador 8.1
Preco: 391292 Vendidos: 5
2026-05-10 16:00:04,785 - INFO - Sapatos de Caçador 8.2
Preco: 1462978 Vendidos: 1
2026-05-10 16:00:07,759 - INFO - Sapatos de Caçador 8.3
Preco: 3399891 Vendidos: 0
2026-05-10 16:00:08,715 - INFO - 
[31/38] Sapatos de Assassino
2026-05-10 16:00:15,436 - INFO - Sapatos de Assassino 5.0
Preco: 8300 Vendidos: 400
2026-05-10 16:00:18,439 - INFO - Sapatos de Assassino 5.1
Preco: 133140 Vendidos: 130
2026-05-10 16:00:21,435 - INFO - Sapatos de Assassino 5.2
Preco: 438540 Vendidos: 20
2026-05-10 16:00:24,434 - INFO - Sapatos de Assassino 5.3
Preco: 185986 Vendidos: 3
2026-05-10 16:00:29,479 - INFO - Sapatos de Assassino 6.0
Preco: 26603 Vendidos: 281
2026-05-10 16:00:32,491 - INFO - Sapatos de Assassino 6.1
Preco: 54985 Vendidos: 47
2026-05-10 16:00:35,475 - INFO - Sapatos de Assassino 6.2
Preco: 195977 Vendidos: 15
2026-05-10 16:00:38,502 - INFO - Sapatos de Assassino 6.3
Preco: 456453 Vendidos: 8
2026-05-10 16:00:43,544 - INFO - Sapatos de Assassino 7.0
Preco: 83995 Vendidos: 76
2026-05-10 16:00:46,589 - INFO - Sapatos de Assassino 7.1
Preco: 163985 Vendidos: 9
2026-05-10 16:00:49,759 - INFO - Sapatos de Assassino 7.2
Preco: 429751 Vendidos: 2
2026-05-10 16:00:52,789 - INFO - Sapatos de Assassino 7.3
Preco: 1399999 Vendidos: 0
2026-05-10 16:00:57,813 - INFO - Sapatos de Assassino 8.0
Preco: 162176 Vendidos: 25
2026-05-10 16:01:00,849 - INFO - Sapatos de Assassino 8.1
Preco: 468162 Vendidos: 6
2026-05-10 16:01:03,827 - INFO - Sapatos de Assassino 8.2
Preco: 1409998 Vendidos: 0
2026-05-10 16:01:09,324 - INFO - Sapatos de Assassino 8.3
Preco: 3297999 Vendidos: 1
2026-05-10 16:01:10,282 - INFO - 
[32/38] Sapatos de Espreitador
2026-05-10 16:01:15,883 - INFO - Sapatos de Espreitador 5.0
Preco: 31492 Vendidos: 123
2026-05-10 16:01:18,853 - INFO - Sapatos de Espreitador 5.1
Preco: 33332 Vendidos: 40
2026-05-10 16:01:40,272 - INFO - Sapatos de Espreitador 5.2
Preco: 62451 Vendidos: 4
2026-05-10 16:01:43,249 - INFO - Sapatos de Espreitador 5.3
Preco: 183985 Vendidos: 0
2026-05-10 16:01:48,296 - INFO - Sapatos de Espreitador 6.0
Preco: 99997 Vendidos: 103
2026-05-10 16:01:51,324 - INFO - Sapatos de Espreitador 6.1
Preco: 124998 Vendidos: 16
2026-05-10 16:01:54,363 - INFO - Sapatos de Espreitador 6.2
Preco: 225970 Vendidos: 5
2026-05-10 16:01:57,422 - INFO - Sapatos de Espreitador 6.3
Preco: 548998 Vendidos: 0
2026-05-10 16:02:02,512 - INFO - Sapatos de Espreitador 7.0
Preco: 125088 Vendidos: 24
2026-05-10 16:02:05,515 - INFO - Sapatos de Espreitador 7.1
Preco: 202997 Vendidos: 0
2026-05-10 16:02:25,428 - INFO - Sapatos de Espreitador 7.2
Preco: 700000 Vendidos: 0
2026-05-10 16:02:28,429 - INFO - Sapatos de Espreitador 7.3
Preco: 1550000 Vendidos: 0
2026-05-10 16:02:33,424 - INFO - Sapatos de Espreitador 8.0
Preco: 604992 Vendidos: 2
2026-05-10 16:02:53,852 - INFO - Sapatos de Espreitador 8.1
Preco: 834995 Vendidos: 0
2026-05-10 16:02:56,854 - INFO - Sapatos de Espreitador 8.2
Preco: 1900000 Vendidos: 0
2026-05-10 16:02:59,832 - INFO - Sapatos de Espreitador 8.3
Preco: 4199994 Vendidos: 0
2026-05-10 16:03:00,782 - INFO - 
[33/38] Botas de Soldado
2026-05-10 16:03:06,298 - INFO - Botas de Soldado 5.0
Preco: 6100 Vendidos: 577
2026-05-10 16:03:09,302 - INFO - Botas de Soldado 5.1
Preco: 9693 Vendidos: 115
2026-05-10 16:03:12,281 - INFO - Botas de Soldado 5.2
Preco: 43000 Vendidos: 24
2026-05-10 16:03:33,212 - INFO - Botas de Soldado 5.3
Preco: 159892 Vendidos: 8
2026-05-10 16:03:38,225 - INFO - Botas de Soldado 6.0
Preco: 16000 Vendidos: 403
2026-05-10 16:03:41,228 - INFO - Botas de Soldado 6.1
Preco: 3483900 Vendidos: 60
2026-05-10 16:03:44,205 - INFO - Botas de Soldado 6.2
Preco: 143957 Vendidos: 8
2026-05-10 16:04:04,804 - INFO - Botas de Soldado 6.3
Preco: 407000 Vendidos: 5
2026-05-10 16:04:09,814 - INFO - Botas de Soldado 7.0
Preco: 44000 Vendidos: 105
2026-05-10 16:04:12,809 - INFO - Botas de Soldado 7.1
Preco: 147995 Vendidos: 15
2026-05-10 16:04:15,811 - INFO - Botas de Soldado 7.2
Preco: 499978 Vendidos: 2
2026-05-10 16:04:18,792 - INFO - Botas de Soldado 7.3
Preco: 1137990 Vendidos: 1
2026-05-10 16:04:40,936 - INFO - Botas de Soldado 8.0
Preco: 117396 Vendidos: 15
2026-05-10 16:04:43,925 - INFO - Botas de Soldado 8.1
Preco: 330966 Vendidos: 5
2026-05-10 16:04:46,935 - INFO - Botas de Soldado 8.2
Preco: 1079884 Vendidos: 3
2026-05-10 16:04:49,953 - INFO - Botas de Soldado 8.3
Preco: 2989897 Vendidos: 0
2026-05-10 16:04:50,912 - INFO - 
[34/38] Botas de Cavaleiro
2026-05-10 16:04:56,421 - INFO - Botas de Cavaleiro 5.0
Preco: 7268 Vendidos: 838
2026-05-10 16:04:59,447 - INFO - Botas de Cavaleiro 5.1
Preco: 11000 Vendidos: 196
2026-05-10 16:05:02,448 - INFO - Botas de Cavaleiro 5.2
Preco: 44278 Vendidos: 25
2026-05-10 16:05:05,447 - INFO - Botas de Cavaleiro 5.3
Preco: 149600 Vendidos: 5
2026-05-10 16:05:10,495 - INFO - Botas de Cavaleiro 6.0
Preco: 16665 Vendidos: 643
2026-05-10 16:05:13,623 - INFO - Botas de Cavaleiro 6.1
Preco: 32316 Vendidos: 123
2026-05-10 16:05:34,450 - INFO - Botas de Cavaleiro 6.2
Preco: 135106 Vendidos: 24
2026-05-10 16:05:37,464 - INFO - Botas de Cavaleiro 6.3
Preco: 424378 Vendidos: 4
2026-05-10 16:05:42,502 - INFO - Botas de Cavaleiro 7.0
Preco: 41774 Vendidos: 147
2026-05-10 16:05:45,534 - INFO - Botas de Cavaleiro 7.1
Preco: 113991 Vendidos: 99
2026-05-10 16:05:48,508 - INFO - Botas de Cavaleiro 7.2
Preco: 410099 Vendidos: 3
2026-05-10 16:05:51,488 - INFO - Botas de Cavaleiro 7.3
Preco: 1137967 Vendidos: 1
2026-05-10 16:05:56,556 - INFO - Botas de Cavaleiro 8.0
Preco: 121542 Vendidos: 18
2026-05-10 16:05:59,578 - INFO - Botas de Cavaleiro 8.1
Preco: 333200 Vendidos: 3
2026-05-10 16:06:02,586 - INFO - Botas de Cavaleiro 8.2
Preco: 1016990 Vendidos: 1
2026-05-10 16:06:05,562 - INFO - Botas de Cavaleiro 8.3
Preco: 2949988 Vendidos: 1
2026-05-10 16:06:06,507 - INFO - 
[35/38] Botas de Guardião
2026-05-10 16:06:12,072 - INFO - Botas de Guardião 5.0
Preco: 7500 Vendidos: 811
2026-05-10 16:06:15,087 - INFO - Botas de Guardião 5.1
Preco: 9688 Vendidos: 230
2026-05-10 16:06:18,111 - INFO - Botas de Guardião 5.2
Preco: 44983 Vendidos: 10
2026-05-10 16:06:21,084 - INFO - Botas de Guardião 5.3
Preco: 167937 Vendidos: 0
2026-05-10 16:06:26,137 - INFO - Botas de Guardião 6.0
Preco: 16000 Vendidos: 595
2026-05-10 16:06:29,188 - INFO - Botas de Guardião 6.1
Preco: 31826 Vendidos: 128
2026-05-10 16:06:32,199 - INFO - Botas de Guardião 6.2
Preco: 131899 Vendidos: 15
2026-05-10 16:06:35,179 - INFO - Botas de Guardião 6.3
Preco: 428000 Vendidos: 2
2026-05-10 16:06:40,232 - INFO - Botas de Guardião 7.0
Preco: 43769 Vendidos: 149
2026-05-10 16:06:43,223 - INFO - Botas de Guardião 7.1
Preco: 116987 Vendidos: 15
2026-05-10 16:06:46,219 - INFO - Botas de Guardião 7.2
Preco: 399808 Vendidos: 3
2026-05-10 16:06:49,236 - INFO - Botas de Guardião 7.3
Preco: 1149900 Vendidos: 1
2026-05-10 16:06:54,314 - INFO - Botas de Guardião 8.0
Preco: 116693 Vendidos: 19
2026-05-10 16:06:57,339 - INFO - Botas de Guardião 8.1
Preco: 325991 Vendidos: 9
2026-05-10 16:07:00,365 - INFO - Botas de Guardião 8.2
Preco: 1040989 Vendidos: 0
2026-05-10 16:07:03,376 - INFO - Botas de Guardião 8.3
Preco: 2899600 Vendidos: 0
2026-05-10 16:07:04,329 - INFO - 
[36/38] Botas de Guarda-tumbas
2026-05-10 16:07:11,007 - INFO - Botas de Guarda-tumbas 5.0
Preco: 193000 Vendidos: 182
2026-05-10 16:07:14,050 - INFO - Botas de Guarda-tumbas 5.1
Preco: 22000 Vendidos: 14
2026-05-10 16:07:17,017 - INFO - Botas de Guarda-tumbas 5.2
Preco: 59995 Vendidos: 2
2026-05-10 16:07:20,018 - INFO - Botas de Guarda-tumbas 5.3
Preco: 168981 Vendidos: 1
2026-05-10 16:07:25,082 - INFO - Botas de Guarda-tumbas 6.0
Preco: 34993 Vendidos: 289
2026-05-10 16:07:28,103 - INFO - Botas de Guarda-tumbas 6.1
Preco: 64999 Vendidos: 71
2026-05-10 16:07:31,110 - INFO - Botas de Guarda-tumbas 6.2
Preco: 165292 Vendidos: 1
2026-05-10 16:07:34,141 - INFO - Botas de Guarda-tumbas 6.3
Preco: 289978 Vendidos: 0
2026-05-10 16:07:39,184 - INFO - Botas de Guarda-tumbas 7.0
Preco: 71483 Vendidos: 15
2026-05-10 16:07:42,192 - INFO - Botas de Guarda-tumbas 7.1
Preco: 139880 Vendidos: 9
2026-05-10 16:07:45,185 - INFO - Botas de Guarda-tumbas 7.2
Preco: 527994 Vendidos: 0
2026-05-10 16:07:48,189 - INFO - Botas de Guarda-tumbas 7.3
Preco: 1669997 Vendidos: 0
2026-05-10 16:07:53,212 - INFO - Botas de Guarda-tumbas 8.0
Preco: 301998 Vendidos: 0
2026-05-10 16:08:15,136 - INFO - Botas de Guarda-tumbas 8.1
Preco: 625001 Vendidos: 0
2026-05-10 16:08:18,196 - INFO - Botas de Guarda-tumbas 8.2
Preco: 1759980 Vendidos: 0
2026-05-10 16:08:43,902 - WARNING - OCR de quantidade vazio: '—\n'
2026-05-10 16:08:43,902 - WARNING - [ERRO] Não foi possível extrair dados de Botas de Guarda-tumbas T8.3
2026-05-10 16:08:43,929 - INFO - Screenshot de falha salvo em screenshots\failures\fail_Botas de Guarda-tumbas_T8.3_20260510_160843.png
2026-05-10 16:08:44,877 - INFO - 
[37/38] Capa
2026-05-10 16:08:50,439 - INFO - Capa 5.0
Preco: 9790 Vendidos: 708
2026-05-10 16:08:53,466 - INFO - Capa 5.1
Preco: 17778 Vendidos: 247
2026-05-10 16:08:56,509 - INFO - Capa 5.2
Preco: 58984 Vendidos: 146
2026-05-10 16:08:59,568 - INFO - Capa 5.3
Preco: 184999 Vendidos: 14
2026-05-10 16:09:04,593 - INFO - Capa 6.0
Preco: 29000 Vendidos: 2429
2026-05-10 16:09:07,616 - INFO - Capa 6.1
Preco: 54212 Vendidos: 770
2026-05-10 16:09:10,648 - INFO - Capa 6.2
Preco: 192322 Vendidos: 146
2026-05-10 16:09:13,668 - INFO - Capa 6.3
Preco: 480000 Vendidos: 33
2026-05-10 16:09:18,773 - INFO - Capa 7.0
Preco: 83441 Vendidos: 663
2026-05-10 16:09:21,808 - INFO - Capa 7.1
Preco: 179996 Vendidos: 171
2026-05-10 16:09:24,823 - INFO - Capa 7.2
Preco: 467996 Vendidos: 36
2026-05-10 16:09:27,869 - INFO - Capa 7.3
Preco: 1689991 Vendidos: 7
2026-05-10 16:09:32,907 - INFO - Capa 8.0
Preco: 198298 Vendidos: 34
2026-05-10 16:09:35,920 - INFO - Capa 8.1
Preco: 516000 Vendidos: 7
2026-05-10 16:09:38,949 - INFO - Capa 8.2
Preco: 1486990 Vendidos: 3
2026-05-10 16:09:42,035 - INFO - Capa 8.3
Preco: 3499989 Vendidos: 1
2026-05-10 16:09:42,993 - INFO - 
[38/38] Bolsa
2026-05-10 16:09:48,601 - INFO - Bolsa 5.0
Preco: 18846 Vendidos: 2853
2026-05-10 16:09:51,637 - INFO - Bolsa 5.1
Preco: 337400 Vendidos: 402
2026-05-10 16:09:54,636 - INFO - Bolsa 5.2
Preco: 85477 Vendidos: 126
2026-05-10 16:09:57,652 - INFO - Bolsa 5.3
Preco: 321896 Vendidos: 8
2026-05-10 16:10:02,698 - INFO - Bolsa 6.0
Preco: 51193 Vendidos: 2100
2026-05-10 16:10:05,731 - INFO - Bolsa 6.1
Preco: 97433 Vendidos: 591
2026-05-10 16:10:08,742 - INFO - Bolsa 6.2
Preco: 369999 Vendidos: 129
2026-05-10 16:10:11,747 - INFO - Bolsa 6.3
Preco: 934993 Vendidos: 32
2026-05-10 16:10:16,802 - INFO - Bolsa 7.0
Preco: 147964 Vendidos: 1030
2026-05-10 16:10:19,830 - INFO - Bolsa 7.1
Preco: 306957 Vendidos: 267
2026-05-10 16:10:22,831 - INFO - Bolsa 7.2
Preco: 824993 Vendidos: 41
2026-05-10 16:10:25,859 - INFO - Bolsa 7.3
Preco: 2582994 Vendidos: 8
2026-05-10 16:10:30,917 - INFO - Bolsa 8.0
Preco: 344689 Vendidos: 37
2026-05-10 16:10:33,915 - INFO - Bolsa 8.1
Preco: 874993 Vendidos: 15
2026-05-10 16:10:36,925 - INFO - Bolsa 8.2
Preco: 2967000 Vendidos: 3
2026-05-10 16:10:39,942 - INFO - Bolsa 8.3
Preco: 7099900 Vendidos: 1
2026-05-10 16:10:40,894 - INFO - Coleta completa.
2026-05-10 16:10:40,903 - INFO - Dados salvos em data/latest_market_data.json
2026-05-10 16:10:40,913 - INFO - HTML gerado com 170 linhas
2026-05-10 16:10:40,917 - INFO - HTML salvo em reports/market_analysis.html
2026-05-10 16:10:40,925 - INFO - Dados salvos em data/latest_market_data.json
2026-05-10 16:10:40,926 - INFO - [OK] Relatório gerado: reports/market_analysis.html
2026-05-10 16:10:40,970 - ERROR - Erro ao gerar relatório: [WinError 2] O sistema não pode encontrar o arquivo especificado: 'reports/market_analysis.html'
2026-05-10 16:54:28,370 - INFO - 
=== MODO AUTOMÁTICO DE COLETA ===
2026-05-10 16:54:30,498 - INFO - Iniciando coleta de 48 itens.
2026-05-10 16:54:30,498 - INFO - 
[1/48] Arco do
2026-05-10 16:54:36,663 - INFO - Arco do 5.0
Preco: 14570 Vendidos: 368
2026-05-10 16:54:39,662 - INFO - Arco do 5.1
Preco: 26497 Vendidos: 119
2026-05-10 16:54:42,621 - INFO - Arco do 5.2
Preco: 139990 Vendidos: 21
2026-05-10 16:55:02,205 - INFO - Arco do 5.3
Preco: 569994 Vendidos: 4
2026-05-10 16:55:07,177 - INFO - Arco do 6.0
Preco: 36891 Vendidos: 190
2026-05-10 16:55:10,149 - INFO - Arco do 6.1
Preco: 83000 Vendidos: 75
2026-05-10 16:55:13,139 - INFO - Arco do 6.2
Preco: 511062 Vendidos: 6
2026-05-10 16:55:16,123 - INFO - Arco do 6.3
Preco: 1690000 Vendidos: 1
2026-05-10 16:55:21,104 - INFO - Arco do 7.0
Preco: 161908 Vendidos: 50
2026-05-10 16:55:24,093 - INFO - Arco do 7.1
Preco: 390514 Vendidos: 1
2026-05-10 16:55:44,218 - INFO - Arco do 7.2
Preco: 1875990 Vendidos: 4
2026-05-10 16:55:47,196 - INFO - Arco do 7.3
Preco: 5749996 Vendidos: 0
2026-05-10 16:56:09,257 - INFO - Arco do 8.0
Preco: 555861 Vendidos: 4
2026-05-10 16:56:12,218 - INFO - Arco do 8.1
Preco: 1243318 Vendidos: 2
2026-05-10 16:56:32,215 - INFO - Arco do 8.2
Preco: 4848991 Vendidos: 1
2026-05-10 16:56:35,107 - INFO - Arco do 8.3
Preco: 12999964 Vendidos: 1
2026-05-10 16:56:36,066 - INFO - 
[2/48] Arco longo
2026-05-10 16:56:41,508 - INFO - Arco longo 5.0
Preco: 14573 Vendidos: 342
2026-05-10 16:56:44,443 - INFO - Arco longo 5.1
Preco: 26548 Vendidos: 106
2026-05-10 16:56:47,421 - INFO - Arco longo 5.2
Preco: 96599 Vendidos: 18
2026-05-10 16:57:06,471 - INFO - Arco longo 5.3
Preco: 479899 Vendidos: 4
2026-05-10 16:57:11,380 - INFO - Arco longo 6.0
Preco: 32000 Vendidos: 348
2026-05-10 16:57:14,291 - INFO - Arco longo 6.1
Preco: 88076 Vendidos: 47
2026-05-10 16:57:17,218 - INFO - Arco longo 6.2
Preco: 449941 Vendidos: 7
2026-05-10 16:57:20,124 - INFO - Arco longo 6.3
Preco: 1595098 Vendidos: 1
2026-05-10 16:57:25,066 - INFO - Arco longo 7.0
Preco: 169195 Vendidos: 26
2026-05-10 16:57:27,977 - INFO - Arco longo 7.1
Preco: 379930 Vendidos: 10
2026-05-10 16:57:46,832 - INFO - Arco longo 7.2
Preco: 1538982 Vendidos: 1
2026-05-10 16:57:49,785 - INFO - Arco longo 7.3
Preco: 5929989 Vendidos: 0
2026-05-10 16:58:10,060 - INFO - Arco longo 8.0
Preco: 515940 Vendidos: 2
2026-05-10 16:58:15,116 - INFO - Arco longo 8.1
Preco: 1116660 Vendidos: 1
2026-05-10 16:58:18,095 - INFO - Arco longo 8.2
Preco: 5000000 Vendidos: 0
2026-05-10 16:58:37,489 - WARNING - [ERRO] Não foi possível extrair dados de Arco longo T8.3
2026-05-10 16:58:37,519 - INFO - Screenshot de falha salvo em screenshots\failures\fail_Arco longo_T8.3_20260510_165837.png
2026-05-10 16:58:38,465 - INFO - 
[3/48] Arco de Guerra
2026-05-10 16:58:43,882 - INFO - Arco de Guerra 5.0
Preco: 16098 Vendidos: 427
2026-05-10 16:58:46,773 - INFO - Arco de Guerra 5.1
Preco: 26998 Vendidos: 103
2026-05-10 16:58:49,753 - INFO - Arco de Guerra 5.2
Preco: 142944 Vendidos: 17
2026-05-10 16:58:52,649 - INFO - Arco de Guerra 5.3
Preco: 599996 Vendidos: 2
2026-05-10 16:58:57,538 - INFO - Arco de Guerra 6.0
Preco: 34992 Vendidos: 267
2026-05-10 16:59:00,461 - INFO - Arco de Guerra 6.1
Preco: 93788 Vendidos: 103
2026-05-10 16:59:03,451 - INFO - Arco de Guerra 6.2
Preco: 515545 Vendidos: 5
2026-05-10 16:59:06,329 - INFO - Arco de Guerra 6.3
Preco: 1659930 Vendidos: 2
2026-05-10 16:59:11,287 - INFO - Arco de Guerra 7.0
Preco: 172899 Vendidos: 34
2026-05-10 16:59:14,220 - INFO - Arco de Guerra 7.1
Preco: 419967 Vendidos: 10
2026-05-10 16:59:17,143 - INFO - Arco de Guerra 7.2
Preco: 1500000 Vendidos: 1
2026-05-10 16:59:20,078 - INFO - Arco de Guerra 7.3
Preco: 5555546 Vendidos: 0
2026-05-10 16:59:25,029 - INFO - Arco de Guerra 8.0
Preco: 677756 Vendidos: 9
2026-05-10 16:59:44,172 - INFO - Arco de Guerra 8.1
Preco: 1149969 Vendidos: 4
2026-05-10 16:59:47,116 - INFO - Arco de Guerra 8.2
Preco: 4699999 Vendidos: 2
2026-05-10 16:59:50,055 - INFO - Arco de Guerra 8.3
Preco: 11999999 Vendidos: 0
2026-05-10 16:59:51,013 - INFO - 
[4/48] Besta do
2026-05-10 16:59:56,497 - INFO - Besta do 5.0
Preco: 23390 Vendidos: 240
2026-05-10 16:59:59,392 - INFO - Besta do 5.1
Preco: 44880 Vendidos: 61
2026-05-10 17:00:02,295 - INFO - Besta do 5.2
Preco: 182890 Vendidos: 3
2026-05-10 17:00:05,204 - INFO - Besta do 5.3
Preco: 689991 Vendidos: 1
2026-05-10 17:00:26,545 - INFO - Besta do 6.0
Preco: 60452 Vendidos: 194
2026-05-10 17:00:29,481 - INFO - Besta do 6.1
Preco: 130866 Vendidos: 39
2026-05-10 17:00:32,426 - INFO - Besta do 6.2
Preco: 599997 Vendidos: 12
2026-05-10 17:00:35,374 - INFO - Besta do 6.3
Preco: 1748982 Vendidos: 1
2026-05-10 17:00:40,335 - INFO - Besta do 7.0
Preco: 220662 Vendidos: 34
2026-05-10 17:00:43,242 - INFO - Besta do 7.1
Preco: 551000 Vendidos: 3
2026-05-10 17:00:46,204 - INFO - Besta do 7.2
Preco: 1918987 Vendidos: 2
2026-05-10 17:00:49,127 - INFO - Besta do 7.3
Preco: 5799895 Vendidos: 0
2026-05-10 17:00:54,091 - INFO - Besta do 8.0
Preco: 656998 Vendidos: 6
2026-05-10 17:00:57,035 - INFO - Besta do 8.1
Preco: 1697801 Vendidos: 4
2026-05-10 17:00:59,923 - INFO - Besta do 8.2
Preco: 4979500 Vendidos: 1
2026-05-10 17:01:02,846 - INFO - Besta do 8.3
Preco: 17075344 Vendidos: 0
2026-05-10 17:01:03,796 - INFO - 
[5/48] Besta Pesada
2026-05-10 17:01:09,245 - INFO - Besta Pesada 5.0
Preco: 29995 Vendidos: 180
2026-05-10 17:01:12,160 - INFO - Besta Pesada 5.1
Preco: 49250 Vendidos: 70
2026-05-10 17:01:15,053 - INFO - Besta Pesada 5.2
Preco: 178050 Vendidos: 13
2026-05-10 17:01:18,000 - INFO - Besta Pesada 5.3
Preco: 626986 Vendidos: 3
2026-05-10 17:01:22,927 - INFO - Besta Pesada 6.0
Preco: 66969 Vendidos: 107
2026-05-10 17:01:42,164 - INFO - Besta Pesada 6.1
Preco: 153707 Vendidos: 60
2026-05-10 17:02:00,599 - INFO - Besta Pesada 6.2
Preco: 616645 Vendidos: 6
2026-05-10 17:02:03,507 - INFO - Besta Pesada 6.3
Preco: 1699999 Vendidos: 1
2026-05-10 17:02:08,397 - INFO - Besta Pesada 7.0
Preco: 208498 Vendidos: 27
2026-05-10 17:02:11,322 - INFO - Besta Pesada 7.1
Preco: 583953 Vendidos: 8
2026-05-10 17:02:14,241 - INFO - Besta Pesada 7.2
Preco: 1795946 Vendidos: 3
2026-05-10 17:02:17,207 - INFO - Besta Pesada 7.3
Preco: 5000000 Vendidos: 0
2026-05-10 17:02:22,149 - INFO - Besta Pesada 8.0
Preco: 657991 Vendidos: 9
2026-05-10 17:02:25,090 - INFO - Besta Pesada 8.1
Preco: 1839799 Vendidos: 2
2026-05-10 17:02:28,026 - INFO - Besta Pesada 8.2
Preco: 4890000 Vendidos: 1
2026-05-10 17:02:30,971 - INFO - Besta Pesada 8.3
Preco: 13229995 Vendidos: 1
2026-05-10 17:02:31,928 - INFO - 
[6/48] Besta Leve
2026-05-10 17:02:38,447 - INFO - Besta Leve 5.0
Preco: 18328 Vendidos: 553
2026-05-10 17:02:41,412 - INFO - Besta Leve 5.1
Preco: 43913 Vendidos: 138
2026-05-10 17:02:44,338 - INFO - Besta Leve 5.2
Preco: 135880 Vendidos: 9
2026-05-10 17:02:47,265 - INFO - Besta Leve 5.3
Preco: 519995 Vendidos: 1
2026-05-10 17:02:52,227 - INFO - Besta Leve 6.0
Preco: 48462 Vendidos: 505
2026-05-10 17:02:55,164 - INFO - Besta Leve 6.1
Preco: 129499 Vendidos: 126
2026-05-10 17:02:58,093 - INFO - Besta Leve 6.2
Preco: 504391 Vendidos: 9
2026-05-10 17:03:01,010 - INFO - Besta Leve 6.3
Preco: 1349967 Vendidos: 1
2026-05-10 17:03:05,938 - INFO - Besta Leve 7.0
Preco: 158085 Vendidos: 122
2026-05-10 17:03:08,853 - INFO - Besta Leve 7.1
Preco: 449992 Vendidos: 16
2026-05-10 17:03:11,777 - INFO - Besta Leve 7.2
Preco: 1495550 Vendidos: 3
2026-05-10 17:03:30,431 - INFO - Besta Leve 7.3
Preco: 3987651 Vendidos: 1
2026-05-10 17:03:35,360 - INFO - Besta Leve 8.0
Preco: 530992 Vendidos: 25
2026-05-10 17:03:38,303 - INFO - Besta Leve 8.1
Preco: 1419992 Vendidos: 8
2026-05-10 17:03:41,236 - INFO - Besta Leve 8.2
Preco: 3499977 Vendidos: 0
2026-05-10 17:03:44,149 - INFO - Besta Leve 8.3
Preco: 4242525 Vendidos: 0
2026-05-10 17:03:45,095 - INFO - 
[7/48] Machado de Guerra
2026-05-10 17:03:50,555 - INFO - Machado de Guerra 5.0
Preco: 148210 Vendidos: 201
2026-05-10 17:03:53,496 - INFO - Machado de Guerra 5.1
Preco: 30305 Vendidos: 11
2026-05-10 17:03:56,464 - INFO - Machado de Guerra 5.2
Preco: 92938 Vendidos: 22
2026-05-10 17:03:59,406 - INFO - Machado de Guerra 5.3
Preco: 442235 Vendidos: 1
2026-05-10 17:04:04,310 - INFO - Machado de Guerra 6.0
Preco: 369360 Vendidos: 118
2026-05-10 17:04:07,245 - INFO - Machado de Guerra 6.1
Preco: 111820 Vendidos: 13
2026-05-10 17:04:10,127 - INFO - Machado de Guerra 6.2
Preco: 414998 Vendidos: 6
2026-05-10 17:04:13,048 - INFO - Machado de Guerra 6.3
Preco: 1197514 Vendidos: 3
2026-05-10 17:04:17,955 - INFO - Machado de Guerra 7.0
Preco: 178991 Vendidos: 13
2026-05-10 17:04:20,873 - INFO - Machado de Guerra 7.1
Preco: 523880 Vendidos: 4
2026-05-10 17:04:23,819 - INFO - Machado de Guerra 7.2
Preco: 1584003 Vendidos: 2
2026-05-10 17:04:26,681 - INFO - Machado de Guerra 7.3
Preco: 3754972 Vendidos: 0
2026-05-10 17:04:31,578 - INFO - Machado de Guerra 8.0
Preco: 399876 Vendidos: 5
2026-05-10 17:04:34,503 - INFO - Machado de Guerra 8.1
Preco: 1128967 Vendidos: 0
2026-05-10 17:04:37,392 - INFO - Machado de Guerra 8.2
Preco: 4400000 Vendidos: 0
2026-05-10 17:04:40,329 - INFO - Machado de Guerra 8.3
Preco: 6999996 Vendidos: 0
2026-05-10 17:04:41,278 - INFO - 
[8/48] Machadão
2026-05-10 17:04:46,699 - INFO - Machadão 5.0
Preco: 29596 Vendidos: 193
2026-05-10 17:04:49,674 - INFO - Machadão 5.1
Preco: 59270 Vendidos: 35
2026-05-10 17:04:52,617 - INFO - Machadão 5.2
Preco: 176821 Vendidos: 5
2026-05-10 17:04:55,530 - INFO - Machadão 5.3
Preco: 668886 Vendidos: 1
2026-05-10 17:05:00,439 - INFO - Machadão 6.0
Preco: 60972 Vendidos: 161
2026-05-10 17:05:03,365 - INFO - Machadão 6.1
Preco: 125856 Vendidos: 39
2026-05-10 17:05:22,050 - INFO - Machadão 6.2
Preco: 695985 Vendidos: 2
2026-05-10 17:05:24,977 - INFO - Machadão 6.3
Preco: 1733326 Vendidos: 1
2026-05-10 17:05:29,866 - INFO - Machadão 7.0
Preco: 219894 Vendidos: 19
2026-05-10 17:05:32,773 - INFO - Machadão 7.1
Preco: 459806 Vendidos: 5
2026-05-10 17:05:35,821 - INFO - Machadão 7.2
Preco: 1790178 Vendidos: 0
2026-05-10 17:05:38,761 - INFO - Machadão 7.3
Preco: 5250000 Vendidos: 1
2026-05-10 17:05:43,681 - INFO - Machadão 8.0
Preco: 639998 Vendidos: 7
2026-05-10 17:05:46,590 - INFO - Machadão 8.1
Preco: 1885998 Vendidos: 2
2026-05-10 17:05:49,587 - INFO - Machadão 8.2
Preco: 5530812 Vendidos: 1
2026-05-10 17:06:09,741 - WARNING - [ERRO] Não foi possível extrair dados de Machadão T8.3
2026-05-10 17:06:09,771 - INFO - Screenshot de falha salvo em screenshots\failures\fail_Machadão_T8.3_20260510_170609.png
2026-05-10 17:06:10,727 - INFO - 
[9/48] Alabarda
2026-05-10 17:06:16,146 - INFO - Alabarda 5.0
Preco: 33775 Vendidos: 193
2026-05-10 17:06:19,083 - INFO - Alabarda 5.1
Preco: 34997 Vendidos: 70
2026-05-10 17:06:22,011 - INFO - Alabarda 5.2
Preco: 170106 Vendidos: 16
2026-05-10 17:06:24,948 - INFO - Alabarda 5.3
Preco: 557993 Vendidos: 1
2026-05-10 17:06:33,410 - INFO - Alabarda 6.0
Preco: 58835 Vendidos: 329
2026-05-10 17:06:36,374 - INFO - Alabarda 6.1
Preco: 109519 Vendidos: 65
2026-05-10 17:06:39,338 - INFO - Alabarda 6.2
Preco: 577000 Vendidos: 6
2026-05-10 17:06:59,018 - INFO - Alabarda 6.3
Preco: 1699995 Vendidos: 4
2026-05-10 17:07:03,979 - INFO - Alabarda 7.0
Preco: 209951 Vendidos: 36
2026-05-10 17:07:06,900 - INFO - Alabarda 7.1
Preco: 500957 Vendidos: 7
2026-05-10 17:07:09,804 - INFO - Alabarda 7.2
Preco: 1769887 Vendidos: 0
2026-05-10 17:07:12,801 - INFO - Alabarda 7.3
Preco: 5999990 Vendidos: 1
2026-05-10 17:07:17,768 - INFO - Alabarda 8.0
Preco: 469995 Vendidos: 12
2026-05-10 17:07:20,710 - INFO - Alabarda 8.1
Preco: 1666646 Vendidos: 1
2026-05-10 17:07:23,648 - INFO - Alabarda 8.2
Preco: 5749992 Vendidos: 1
2026-05-10 17:07:26,589 - INFO - Alabarda 8.3
Preco: 10500000 Vendidos: 1
2026-05-10 17:07:27,533 - INFO - 
[10/48] Adaga do
2026-05-10 17:07:49,941 - INFO - Adaga do 5.0
Preco: 25779 Vendidos: 250
2026-05-10 17:07:52,899 - INFO - Adaga do 5.1
Preco: 41655 Vendidos: 62
2026-05-10 17:07:55,828 - INFO - Adaga do 5.2
Preco: 159793 Vendidos: 15
2026-05-10 17:07:58,753 - INFO - Adaga do 5.3
Preco: 532978 Vendidos: 1
2026-05-10 17:08:03,687 - INFO - Adaga do 6.0
Preco: 57001 Vendidos: 92
2026-05-10 17:08:06,627 - INFO - Adaga do 6.1
Preco: 168761 Vendidos: 23
2026-05-10 17:08:09,589 - INFO - Adaga do 6.2
Preco: 571987 Vendidos: 6
2026-05-10 17:08:12,519 - INFO - Adaga do 6.3
Preco: 1398882 Vendidos: 2
2026-05-10 17:08:17,510 - INFO - Adaga do 7.0
Preco: 189764 Vendidos: 12
2026-05-10 17:08:20,453 - INFO - Adaga do 7.1
Preco: 543942 Vendidos: 11
2026-05-10 17:08:23,384 - INFO - Adaga do 7.2
Preco: 1744440 Vendidos: 2
2026-05-10 17:08:26,300 - INFO - Adaga do 7.3
Preco: 4259398 Vendidos: 0
2026-05-10 17:08:31,217 - INFO - Adaga do 8.0
Preco: 449748 Vendidos: 2
2026-05-10 17:08:34,143 - INFO - Adaga do 8.1
Preco: 1294984 Vendidos: 1
2026-05-10 17:08:37,067 - INFO - Adaga do 8.2
Preco: 4759600 Vendidos: 0
2026-05-10 17:08:40,031 - INFO - Adaga do 8.3
Preco: 5299000 Vendidos: 1
2026-05-10 17:08:40,993 - INFO - 
[11/48] Par de Adagas
2026-05-10 17:08:47,615 - INFO - Par de Adagas 5.0
Preco: 30680 Vendidos: 252
2026-05-10 17:08:50,576 - INFO - Par de Adagas 5.1
Preco: 68135 Vendidos: 65
2026-05-10 17:08:53,509 - INFO - Par de Adagas 5.2
Preco: 199996 Vendidos: 5
2026-05-10 17:09:12,589 - INFO - Par de Adagas 5.3
Preco: 719989 Vendidos: 1
2026-05-10 17:09:17,535 - INFO - Par de Adagas 6.0
Preco: 73967 Vendidos: 140
2026-05-10 17:09:20,481 - INFO - Par de Adagas 6.1
Preco: 147975 Vendidos: 26
2026-05-10 17:09:23,380 - INFO - Par de Adagas 6.2
Preco: 696991 Vendidos: 4
2026-05-10 17:09:26,294 - INFO - Par de Adagas 6.3
Preco: 1849998 Vendidos: 0
2026-05-10 17:09:31,217 - INFO - Par de Adagas 7.0
Preco: 229991 Vendidos: 28
2026-05-10 17:09:34,184 - INFO - Par de Adagas 7.1
Preco: 693690 Vendidos: 2
2026-05-10 17:09:37,088 - INFO - Par de Adagas 7.2
Preco: 1798995 Vendidos: 1
2026-05-10 17:09:40,032 - INFO - Par de Adagas 7.3
Preco: 5695992 Vendidos: 0
2026-05-10 17:09:44,995 - INFO - Par de Adagas 8.0
Preco: 794768 Vendidos: 2
2026-05-10 17:09:47,998 - INFO - Par de Adagas 8.1
Preco: 1647980 Vendidos: 1
2026-05-10 17:09:50,978 - INFO - Par de Adagas 8.2
Preco: 6149976 Vendidos: 0
2026-05-10 17:09:53,984 - INFO - Par de Adagas 8.3
Preco: 16000000 Vendidos: 0
2026-05-10 17:09:54,941 - INFO - 
[12/48] Garras do
2026-05-10 17:10:00,364 - INFO - Garras do 5.0
Preco: 344920 Vendidos: 145
2026-05-10 17:10:03,287 - INFO - Garras do 5.1
Preco: 56936 Vendidos: 34
2026-05-10 17:10:06,235 - INFO - Garras do 5.2
Preco: 179965 Vendidos: 9
2026-05-10 17:10:09,155 - INFO - Garras do 5.3
Preco: 799997 Vendidos: 4
2026-05-10 17:10:14,098 - INFO - Garras do 6.0
Preco: 82969 Vendidos: 114
2026-05-10 17:10:17,031 - INFO - Garras do 6.1
Preco: 175917 Vendidos: 36
2026-05-10 17:10:19,937 - INFO - Garras do 6.2
Preco: 732999 Vendidos: 11
2026-05-10 17:10:22,888 - INFO - Garras do 6.3
Preco: 1796664 Vendidos: 0
2026-05-10 17:10:27,814 - INFO - Garras do 7.0
Preco: 258884 Vendidos: 30
2026-05-10 17:10:30,747 - INFO - Garras do 7.1
Preco: 672100 Vendidos: 5
2026-05-10 17:10:33,713 - INFO - Garras do 7.2
Preco: 1999883 Vendidos: 0
2026-05-10 17:10:36,627 - INFO - Garras do 7.3
Preco: 5000000 Vendidos: 0
2026-05-10 17:10:41,576 - INFO - Garras do 8.0
Preco: 746996 Vendidos: 6
2026-05-10 17:10:44,493 - INFO - Garras do 8.1
Preco: 2090947 Vendidos: 1
2026-05-10 17:11:03,620 - INFO - Garras do 8.2
Preco: 6999999 Vendidos: 0
2026-05-10 17:11:06,537 - INFO - Garras do 8.3
Preco: 13500000 Vendidos: 0
2026-05-10 17:11:07,492 - INFO - 
[13/48] Martelo do
2026-05-10 17:11:12,935 - INFO - Martelo do 5.0
Preco: 23706 Vendidos: 208
2026-05-10 17:11:15,859 - INFO - Martelo do 5.1
Preco: 42964 Vendidos: 58
2026-05-10 17:11:18,810 - INFO - Martelo do 5.2
Preco: 153766 Vendidos: 8
2026-05-10 17:11:21,719 - INFO - Martelo do 5.3
Preco: 526896 Vendidos: 1
2026-05-10 17:11:26,647 - INFO - Martelo do 6.0
Preco: 54854 Vendidos: 333
2026-05-10 17:11:29,577 - INFO - Martelo do 6.1
Preco: 117990 Vendidos: 33
2026-05-10 17:11:32,526 - INFO - Martelo do 6.2
Preco: 473000 Vendidos: 8
2026-05-10 17:11:35,456 - INFO - Martelo do 6.3
Preco: 1393540 Vendidos: 2
2026-05-10 17:11:40,359 - INFO - Martelo do 7.0
Preco: 319966 Vendidos: 31
2026-05-10 17:11:43,317 - INFO - Martelo do 7.1
Preco: 439959 Vendidos: 6
2026-05-10 17:12:02,880 - INFO - Martelo do 7.2
Preco: 1397967 Vendidos: 1
2026-05-10 17:12:05,833 - INFO - Martelo do 7.3
Preco: 4999967 Vendidos: 1
2026-05-10 17:12:10,767 - INFO - Martelo do 8.0
Preco: 492997 Vendidos: 3
2026-05-10 17:12:13,701 - INFO - Martelo do 8.1
Preco: 1432423 Vendidos: 2
2026-05-10 17:12:16,661 - INFO - Martelo do 8.2
Preco: 4395813 Vendidos: 1
2026-05-10 17:12:19,586 - INFO - Martelo do 8.3
Preco: 8389999 Vendidos: 0
2026-05-10 17:12:20,541 - INFO - 
[14/48] Martelo Elevado
2026-05-10 17:12:26,022 - INFO - Martelo Elevado 5.0
Preco: 33498 Vendidos: 162
2026-05-10 17:12:28,920 - INFO - Martelo Elevado 5.1
Preco: 56836 Vendidos: 42
2026-05-10 17:12:31,862 - INFO - Martelo Elevado 5.2
Preco: 169994 Vendidos: 9
2026-05-10 17:12:34,759 - INFO - Martelo Elevado 5.3
Preco: 689000 Vendidos: 2
2026-05-10 17:12:39,760 - INFO - Martelo Elevado 6.0
Preco: 72980 Vendidos: 112
2026-05-10 17:12:42,693 - INFO - Martelo Elevado 6.1
Preco: 175900 Vendidos: 38
2026-05-10 17:12:45,642 - INFO - Martelo Elevado 6.2
Preco: 696000 Vendidos: 2
2026-05-10 17:12:48,576 - INFO - Martelo Elevado 6.3
Preco: 1657975 Vendidos: 3
2026-05-10 17:12:53,511 - INFO - Martelo Elevado 7.0
Preco: 265000 Vendidos: 27
2026-05-10 17:12:56,485 - INFO - Martelo Elevado 7.1
Preco: 545996 Vendidos: 10
2026-05-10 17:12:59,418 - INFO - Martelo Elevado 7.2
Preco: 1741414 Vendidos: 1
2026-05-10 17:13:02,371 - INFO - Martelo Elevado 7.3
Preco: 5799974 Vendidos: 0
2026-05-10 17:13:07,270 - INFO - Martelo Elevado 8.0
Preco: 712992 Vendidos: 9
2026-05-10 17:13:10,201 - INFO - Martelo Elevado 8.1
Preco: 1698883 Vendidos: 2
2026-05-10 17:13:13,127 - INFO - Martelo Elevado 8.2
Preco: 6500000 Vendidos: 0
2026-05-10 17:13:16,073 - INFO - Martelo Elevado 8.3
Preco: 14999989 Vendidos: 0
2026-05-10 17:13:17,023 - INFO - 
[15/48] Martelo de Batalha
2026-05-10 17:13:22,484 - INFO - Martelo de Batalha 5.0
Preco: 28828 Vendidos: 87
2026-05-10 17:13:25,440 - INFO - Martelo de Batalha 5.1
Preco: 47996 Vendidos: 85
2026-05-10 17:13:28,356 - INFO - Martelo de Batalha 5.2
Preco: 189900 Vendidos: 6
2026-05-10 17:13:31,294 - INFO - Martelo de Batalha 5.3
Preco: 699954 Vendidos: 1
2026-05-10 17:13:36,220 - INFO - Martelo de Batalha 6.0
Preco: 73983 Vendidos: 100
2026-05-10 17:13:39,147 - INFO - Martelo de Batalha 6.1
Preco: 181909 Vendidos: 38
2026-05-10 17:13:42,086 - INFO - Martelo de Batalha 6.2
Preco: 560000 Vendidos: 2
2026-05-10 17:13:45,040 - INFO - Martelo de Batalha 6.3
Preco: 1698993 Vendidos: 2
2026-05-10 17:13:50,073 - INFO - Martelo de Batalha 7.0
Preco: 249717 Vendidos: 17
2026-05-10 17:13:53,015 - INFO - Martelo de Batalha 7.1
Preco: 704999 Vendidos: 7
2026-05-10 17:13:55,977 - INFO - Martelo de Batalha 7.2
Preco: 1399997 Vendidos: 1
2026-05-10 17:13:58,879 - INFO - Martelo de Batalha 7.3
Preco: 5499995 Vendidos: 1
2026-05-10 17:14:03,793 - INFO - Martelo de Batalha 8.0
Preco: 969999 Vendidos: 1
2026-05-10 17:14:06,723 - INFO - Martelo de Batalha 8.1
Preco: 1809880 Vendidos: 1
2026-05-10 17:14:09,655 - INFO - Martelo de Batalha 8.2
Preco: 4999998 Vendidos: 1
2026-05-10 17:14:12,585 - INFO - Martelo de Batalha 8.3
Preco: 14999994 Vendidos: 0
2026-05-10 17:14:13,542 - INFO - 
[16/48] Luvas de Lutador
2026-05-10 17:14:20,208 - INFO - Luvas de Lutador 5.0
Preco: 41387 Vendidos: 131
2026-05-10 17:14:23,134 - INFO - Luvas de Lutador 5.1
Preco: 74623 Vendidos: 41
2026-05-10 17:14:26,056 - INFO - Luvas de Lutador 5.2
Preco: 200000 Vendidos: 5
2026-05-10 17:14:29,011 - INFO - Luvas de Lutador 5.3
Preco: 698498 Vendidos: 1
2026-05-10 17:14:33,980 - INFO - Luvas de Lutador 6.0
Preco: 94784 Vendidos: 55
2026-05-10 17:14:36,863 - INFO - Luvas de Lutador 6.1
Preco: 197791 Vendidos: 21
2026-05-10 17:14:39,755 - INFO - Luvas de Lutador 6.2
Preco: 621998 Vendidos: 7
2026-05-10 17:14:59,037 - INFO - Luvas de Lutador 6.3
Preco: 1698885 Vendidos: 4
2026-05-10 17:15:04,016 - INFO - Luvas de Lutador 7.0
Preco: 340546 Vendidos: 26
2026-05-10 17:15:06,939 - INFO - Luvas de Lutador 7.1
Preco: 788678 Vendidos: 2
2026-05-10 17:15:09,915 - INFO - Luvas de Lutador 7.2
Preco: 1989997 Vendidos: 3
2026-05-10 17:15:15,014 - INFO - Luvas de Lutador 7.3
Preco: 4999997 Vendidos: 1
2026-05-10 17:15:19,975 - INFO - Luvas de Lutador 8.0
Preco: 639991 Vendidos: 9
2026-05-10 17:15:39,247 - INFO - Luvas de Lutador 8.1
Preco: 1990877 Vendidos: 4
2026-05-10 17:15:42,192 - INFO - Luvas de Lutador 8.2
Preco: 5195980 Vendidos: 0
2026-05-10 17:16:01,407 - INFO - Luvas de Lutador 8.3
Preco: 11345152 Vendidos: 0
2026-05-10 17:16:02,355 - INFO - 
[17/48] Braçadeiras de Batalha
2026-05-10 17:16:07,777 - INFO - Braçadeiras de Batalha 5.0
Preco: 39886 Vendidos: 123
2026-05-10 17:16:10,672 - INFO - Braçadeiras de Batalha 5.1
Preco: 69465 Vendidos: 27
2026-05-10 17:16:13,595 - INFO - Braçadeiras de Batalha 5.2
Preco: 214790 Vendidos: 16
2026-05-10 17:16:32,628 - INFO - Braçadeiras de Batalha 5.3
Preco: 720000 Vendidos: 0
2026-05-10 17:16:37,567 - INFO - Braçadeiras de Batalha 6.0
Preco: 109923 Vendidos: 107
2026-05-10 17:16:40,523 - INFO - Braçadeiras de Batalha 6.1
Preco: 199786 Vendidos: 25
2026-05-10 17:16:59,639 - INFO - Braçadeiras de Batalha 6.2
Preco: 799997 Vendidos: 12
2026-05-10 17:17:02,567 - INFO - Braçadeiras de Batalha 6.3
Preco: 1699998 Vendidos: 1
2026-05-10 17:17:09,638 - INFO - Braçadeiras de Batalha 7.0
Preco: 338183 Vendidos: 29
2026-05-10 17:17:12,528 - INFO - Braçadeiras de Batalha 7.1
Preco: 793897 Vendidos: 3
2026-05-10 17:17:15,464 - INFO - Braçadeiras de Batalha 7.2
Preco: 2011849 Vendidos: 0
2026-05-10 17:17:18,394 - INFO - Braçadeiras de Batalha 7.3
Preco: 5999998 Vendidos: 0
2026-05-10 17:17:23,329 - INFO - Braçadeiras de Batalha 8.0
Preco: 914881 Vendidos: 1
2026-05-10 17:17:26,241 - INFO - Braçadeiras de Batalha 8.1
Preco: 1739998 Vendidos: 1
2026-05-10 17:17:45,565 - INFO - Braçadeiras de Batalha 8.2
Preco: 5989997 Vendidos: 0
2026-05-10 17:18:07,964 - WARNING - OCR de quantidade vazio: '—\n'
2026-05-10 17:18:07,965 - WARNING - [ERRO] Não foi possível extrair dados de Braçadeiras de Batalha T8.3
2026-05-10 17:18:07,994 - INFO - Screenshot de falha salvo em screenshots\failures\fail_Braçadeiras de Batalha_T8.3_20260510_171807.png
2026-05-10 17:18:08,953 - INFO - 
[18/48] Manoplas Cravadas
2026-05-10 17:18:14,426 - INFO - Manoplas Cravadas 5.0
Preco: 35997 Vendidos: 130
2026-05-10 17:18:17,413 - INFO - Manoplas Cravadas 5.1
Preco: 59450 Vendidos: 55
2026-05-10 17:18:20,403 - INFO - Manoplas Cravadas 5.2
Preco: 198095 Vendidos: 8
2026-05-10 17:18:23,355 - INFO - Manoplas Cravadas 5.3
Preco: 765988 Vendidos: 2
2026-05-10 17:18:28,234 - INFO - Manoplas Cravadas 6.0
Preco: 97816 Vendidos: 247
2026-05-10 17:18:31,156 - INFO - Manoplas Cravadas 6.1
Preco: 184989 Vendidos: 20
2026-05-10 17:18:34,097 - INFO - Manoplas Cravadas 6.2
Preco: 683999 Vendidos: 5
2026-05-10 17:18:36,999 - INFO - Manoplas Cravadas 6.3
Preco: 1698888 Vendidos: 0
2026-05-10 17:18:41,917 - INFO - Manoplas Cravadas 7.0
Preco: 339196 Vendidos: 29
2026-05-10 17:18:44,856 - INFO - Manoplas Cravadas 7.1
Preco: 677863 Vendidos: 1
2026-05-10 17:18:47,826 - INFO - Manoplas Cravadas 7.2
Preco: 2229962 Vendidos: 2
2026-05-10 17:18:50,734 - INFO - Manoplas Cravadas 7.3
Preco: 5538998 Vendidos: 1
2026-05-10 17:18:55,708 - INFO - Manoplas Cravadas 8.0
Preco: 704487 Vendidos: 3
2026-05-10 17:18:58,657 - INFO - Manoplas Cravadas 8.1
Preco: 1769996 Vendidos: 0
2026-05-10 17:19:01,539 - INFO - Manoplas Cravadas 8.2
Preco: 5377981 Vendidos: 0
2026-05-10 17:19:04,453 - INFO - Manoplas Cravadas 8.3
Preco: 11635355 Vendidos: 0
2026-05-10 17:19:05,402 - INFO - 
[19/48] Bordão do
2026-05-10 17:19:10,835 - INFO - Bordão do 5.0
Preco: 46976 Vendidos: 100
2026-05-10 17:19:13,725 - INFO - Bordão do 5.1
Preco: 65645 Vendidos: 39
2026-05-10 17:19:16,628 - INFO - Bordão do 5.2
Preco: 204857 Vendidos: 1
2026-05-10 17:19:35,539 - INFO - Bordão do 5.3
Preco: 699994 Vendidos: 1
2026-05-10 17:19:40,461 - INFO - Bordão do 6.0
Preco: 126000 Vendidos: 107
2026-05-10 17:19:43,391 - INFO - Bordão do 6.1
Preco: 202881 Vendidos: 21
2026-05-10 17:19:46,318 - INFO - Bordão do 6.2
Preco: 689986 Vendidos: 6
2026-05-10 17:20:05,912 - INFO - Bordão do 6.3
Preco: 1665533 Vendidos: 4
2026-05-10 17:20:10,834 - INFO - Bordão do 7.0
Preco: 304767 Vendidos: 25
2026-05-10 17:20:13,742 - INFO - Bordão do 7.1
Preco: 67855 Vendidos: 3
2026-05-10 17:20:16,663 - INFO - Bordão do 7.2
Preco: 1814444 Vendidos: 2
2026-05-10 17:20:19,637 - INFO - Bordão do 7.3
Preco: 5399975 Vendidos: 0
2026-05-10 17:20:24,600 - INFO - Bordão do 8.0
Preco: 768889 Vendidos: 13
2026-05-10 17:20:27,523 - INFO - Bordão do 8.1
Preco: 1811984 Vendidos: 1
2026-05-10 17:20:30,450 - INFO - Bordão do 8.2
Preco: 5999976 Vendidos: 0
2026-05-10 17:20:52,519 - WARNING - OCR de quantidade vazio: '—\n'
2026-05-10 17:20:52,519 - WARNING - [ERRO] Não foi possível extrair dados de Bordão do T8.3
2026-05-10 17:20:52,546 - INFO - Screenshot de falha salvo em screenshots\failures\fail_Bordão do_T8.3_20260510_172052.png
2026-05-10 17:20:53,502 - INFO - 
[20/48] Cajado Férreo
2026-05-10 17:20:58,918 - INFO - Cajado Férreo 5.0
Preco: 45435 Vendidos: 99
2026-05-10 17:21:01,820 - INFO - Cajado Férreo 5.1
Preco: 69955 Vendidos: 69
2026-05-10 17:21:04,706 - INFO - Cajado Férreo 5.2
Preco: 224996 Vendidos: 3
2026-05-10 17:21:07,651 - INFO - Cajado Férreo 5.3
Preco: 665992 Vendidos: 2
2026-05-10 17:21:12,594 - INFO - Cajado Férreo 6.0
Preco: 143975 Vendidos: 106
2026-05-10 17:21:15,563 - INFO - Cajado Férreo 6.1
Preco: 187997 Vendidos: 19
2026-05-10 17:21:18,472 - INFO - Cajado Férreo 6.2
Preco: 708999 Vendidos: 6
2026-05-10 17:21:37,999 - INFO - Cajado Férreo 6.3
Preco: 1799925 Vendidos: 4
2026-05-10 17:21:42,918 - INFO - Cajado Férreo 7.0
Preco: 306982 Vendidos: 22
2026-05-10 17:21:45,859 - INFO - Cajado Férreo 7.1
Preco: 646999 Vendidos: 4
2026-05-10 17:21:48,782 - INFO - Cajado Férreo 7.2
Preco: 1890107 Vendidos: 2
2026-05-10 17:21:51,720 - INFO - Cajado Férreo 7.3
Preco: 5099991 Vendidos: 0
2026-05-10 17:21:58,884 - INFO - Cajado Férreo 8.0
Preco: 871977 Vendidos: 4
2026-05-10 17:22:01,820 - INFO - Cajado Férreo 8.1
Preco: 2111107 Vendidos: 5
2026-05-10 17:22:04,766 - INFO - Cajado Férreo 8.2
Preco: 5469984 Vendidos: 1
2026-05-10 17:22:07,662 - INFO - Cajado Férreo 8.3
Preco: 11999192 Vendidos: 0
2026-05-10 17:22:08,617 - INFO - 
[21/48] Cajado Bilaminado
2026-05-10 17:22:15,181 - INFO - Cajado Bilaminado 5.0
Preco: 51011 Vendidos: 109
2026-05-10 17:22:18,093 - INFO - Cajado Bilaminado 5.1
Preco: 74940 Vendidos: 48
2026-05-10 17:22:21,008 - INFO - Cajado Bilaminado 5.2
Preco: 227955 Vendidos: 1
2026-05-10 17:22:23,901 - INFO - Cajado Bilaminado 5.3
Preco: 737646 Vendidos: 1
2026-05-10 17:22:28,786 - INFO - Cajado Bilaminado 6.0
Preco: 144966 Vendidos: 72
2026-05-10 17:22:31,734 - INFO - Cajado Bilaminado 6.1
Preco: 280831 Vendidos: 18
2026-05-10 17:22:34,671 - INFO - Cajado Bilaminado 6.2
Preco: 739992 Vendidos: 3
2026-05-10 17:22:39,148 - INFO - Cajado Bilaminado 6.3
Preco: 1730053 Vendidos: 0
2026-05-10 17:22:44,079 - INFO - Cajado Bilaminado 7.0
Preco: 305764 Vendidos: 32
2026-05-10 17:22:47,004 - INFO - Cajado Bilaminado 7.1
Preco: 834978 Vendidos: 5
2026-05-10 17:22:49,984 - INFO - Cajado Bilaminado 7.2
Preco: 1795892 Vendidos: 1
2026-05-10 17:23:09,310 - INFO - Cajado Bilaminado 7.3
Preco: 5999897 Vendidos: 1
2026-05-10 17:23:14,262 - INFO - Cajado Bilaminado 8.0
Preco: 789980 Vendidos: 2
2026-05-10 17:23:17,170 - INFO - Cajado Bilaminado 8.1
Preco: 2122260 Vendidos: 2
2026-05-10 17:23:20,091 - INFO - Cajado Bilaminado 8.2
Preco: 5393320 Vendidos: 0
2026-05-10 17:23:39,052 - INFO - Cajado Bilaminado 8.3
Preco: 9000000 Vendidos: 1
2026-05-10 17:23:40,001 - INFO - 
[22/48] Lança do
2026-05-10 17:23:45,433 - INFO - Lança do 5.0
Preco: 19579 Vendidos: 158
2026-05-10 17:23:48,347 - INFO - Lança do 5.1
Preco: 39818 Vendidos: 70
2026-05-10 17:23:51,273 - INFO - Lança do 5.2
Preco: 96646 Vendidos: 2
2026-05-10 17:23:54,251 - INFO - Lança do 5.3
Preco: 549988 Vendidos: 2
2026-05-10 17:23:59,127 - INFO - Lança do 6.0
Preco: 52930 Vendidos: 97
2026-05-10 17:24:02,005 - INFO - Lança do 6.1
Preco: 145992 Vendidos: 19
2026-05-10 17:24:04,882 - INFO - Lança do 6.2
Preco: 444999 Vendidos: 8
2026-05-10 17:24:07,803 - INFO - Lança do 6.3
Preco: 1366666 Vendidos: 3
2026-05-10 17:24:12,695 - INFO - Lança do 7.0
Preco: 203985 Vendidos: 14
2026-05-10 17:24:15,609 - INFO - Lança do 7.1
Preco: 414987 Vendidos: 5
2026-05-10 17:24:34,937 - INFO - Lança do 7.2
Preco: 1455684 Vendidos: 1
2026-05-10 17:24:37,865 - INFO - Lança do 7.3
Preco: 4644944 Vendidos: 0
2026-05-10 17:24:42,779 - INFO - Lança do 8.0
Preco: 617989 Vendidos: 6
2026-05-10 17:24:45,686 - INFO - Lança do 8.1
Preco: 1221995 Vendidos: 2
2026-05-10 17:24:48,619 - INFO - Lança do 8.2
Preco: 4739999 Vendidos: 1
2026-05-10 17:24:51,511 - INFO - Lança do 8.3
Preco: 8999999 Vendidos: 0
2026-05-10 17:24:52,467 - INFO - 
[23/48] Pique
2026-05-10 17:24:57,973 - INFO - Pique 5.0
Preco: 32640 Vendidos: 129
2026-05-10 17:25:00,889 - INFO - Pique 5.1
Preco: 56963 Vendidos: 62
2026-05-10 17:25:03,812 - INFO - Pique 5.2
Preco: 181965 Vendidos: 15
2026-05-10 17:25:06,736 - INFO - Pique 5.3
Preco: 655645 Vendidos: 3
2026-05-10 17:25:11,664 - INFO - Pique 6.0
Preco: 75497 Vendidos: 94
2026-05-10 17:25:14,566 - INFO - Pique 6.1
Preco: 154977 Vendidos: 34
2026-05-10 17:25:17,506 - INFO - Pique 6.2
Preco: 561999 Vendidos: 3
2026-05-10 17:25:23,525 - INFO - Pique 6.3
Preco: 1794870 Vendidos: 4
2026-05-10 17:25:44,411 - INFO - Pique 7.0
Preco: 398987 Vendidos: 40
2026-05-10 17:25:47,328 - INFO - Pique 7.1
Preco: 508000 Vendidos: 9
2026-05-10 17:25:50,261 - INFO - Pique 7.2
Preco: 1811099 Vendidos: 0
2026-05-10 17:25:53,176 - INFO - Pique 7.3
Preco: 5200000 Vendidos: 1
2026-05-10 17:25:58,085 - INFO - Pique 8.0
Preco: 840988 Vendidos: 9
2026-05-10 17:26:01,012 - INFO - Pique 8.1
Preco: 1657980 Vendidos: 2
2026-05-10 17:26:03,906 - INFO - Pique 8.2
Preco: 5085319 Vendidos: 1
2026-05-10 17:26:06,853 - INFO - Pique 8.3
Preco: 14999994 Vendidos: 0
2026-05-10 17:26:07,799 - INFO - 
[24/48] Archa
2026-05-10 17:26:13,228 - INFO - Archa 5.0
Preco: 33985 Vendidos: 70
2026-05-10 17:26:16,126 - INFO - Archa 5.1
Preco: 41698 Vendidos: 31
2026-05-10 17:26:19,024 - INFO - Archa 5.2
Preco: 159100 Vendidos: 11
2026-05-10 17:26:21,943 - INFO - Archa 5.3
Preco: 659990 Vendidos: 3
2026-05-10 17:26:26,874 - INFO - Archa 6.0
Preco: 77887 Vendidos: 97
2026-05-10 17:26:29,809 - INFO - Archa 6.1
Preco: 146088 Vendidos: 43
2026-05-10 17:26:32,745 - INFO - Archa 6.2
Preco: 664983 Vendidos: 10
2026-05-10 17:26:35,679 - INFO - Archa 6.3
Preco: 1855976 Vendidos: 2
2026-05-10 17:26:40,586 - INFO - Archa 7.0
Preco: 224986 Vendidos: 50
2026-05-10 17:26:43,492 - INFO - Archa 7.1
Preco: 538983 Vendidos: 5
2026-05-10 17:26:46,431 - INFO - Archa 7.2
Preco: 1898977 Vendidos: 1
2026-05-10 17:26:49,372 - INFO - Archa 7.3
Preco: 5499999 Vendidos: 0
2026-05-10 17:26:54,326 - INFO - Archa 8.0
Preco: 696654 Vendidos: 1
2026-05-10 17:26:57,254 - INFO - Archa 8.1
Preco: 1554544 Vendidos: 3
2026-05-10 17:27:00,185 - INFO - Archa 8.2
Preco: 5799999 Vendidos: 0
2026-05-10 17:27:03,135 - INFO - Archa 8.3
Preco: 13000000 Vendidos: 0
2026-05-10 17:27:04,082 - INFO - 
[25/48] Espada Larga
2026-05-10 17:27:09,526 - INFO - Espada Larga 5.0
Preco: 25596 Vendidos: 117
2026-05-10 17:27:12,438 - INFO - Espada Larga 5.1
Preco: 35060 Vendidos: 117
2026-05-10 17:27:15,376 - INFO - Espada Larga 5.2
Preco: 276984 Vendidos: 4
2026-05-10 17:27:34,188 - INFO - Espada Larga 5.3
Preco: 399999 Vendidos: 0
2026-05-10 17:27:39,110 - INFO - Espada Larga 6.0
Preco: 43299 Vendidos: 151
2026-05-10 17:27:42,011 - INFO - Espada Larga 6.1
Preco: 172922 Vendidos: 53
2026-05-10 17:27:44,926 - INFO - Espada Larga 6.2
Preco: 459982 Vendidos: 6
2026-05-10 17:27:47,851 - INFO - Espada Larga 6.3
Preco: 1421170 Vendidos: 1
2026-05-10 17:27:52,790 - INFO - Espada Larga 7.0
Preco: 155990 Vendidos: 62
2026-05-10 17:27:55,719 - INFO - Espada Larga 7.1
Preco: 473888 Vendidos: 5
2026-05-10 17:27:58,639 - INFO - Espada Larga 7.2
Preco: 1565440 Vendidos: 1
2026-05-10 17:28:01,561 - INFO - Espada Larga 7.3
Preco: 4490984 Vendidos: 0
2026-05-10 17:28:06,468 - INFO - Espada Larga 8.0
Preco: 583962 Vendidos: 5
2026-05-10 17:28:09,386 - INFO - Espada Larga 8.1
Preco: 1479992 Vendidos: 1
2026-05-10 17:28:12,297 - INFO - Espada Larga 8.2
Preco: 4499995 Vendidos: 0
2026-05-10 17:28:31,083 - INFO - Espada Larga 8.3
Preco: 11499997 Vendidos: 0
2026-05-10 17:28:32,031 - INFO - 
[26/48] Montante
2026-05-10 17:28:49,081 - INFO - Montante 5.0
Preco: 39997 Vendidos: 137
2026-05-10 17:28:51,982 - INFO - Montante 5.1
Preco: 55573 Vendidos: 33
2026-05-10 17:28:54,904 - INFO - Montante 5.2
Preco: 239930 Vendidos: 4
2026-05-10 17:28:57,791 - INFO - Montante 5.3
Preco: 609960 Vendidos: 2
2026-05-10 17:29:02,723 - INFO - Montante 6.0
Preco: 89863 Vendidos: 99
2026-05-10 17:29:05,642 - INFO - Montante 6.1
Preco: 166415 Vendidos: 36
2026-05-10 17:29:08,577 - INFO - Montante 6.2
Preco: 634980 Vendidos: 6
2026-05-10 17:29:11,484 - INFO - Montante 6.3
Preco: 1745000 Vendidos: 1
2026-05-10 17:29:16,391 - INFO - Montante 7.0
Preco: 278878 Vendidos: 30
2026-05-10 17:29:19,342 - INFO - Montante 7.1
Preco: 592992 Vendidos: 3
2026-05-10 17:29:22,282 - INFO - Montante 7.2
Preco: 1887299 Vendidos: 1
2026-05-10 17:29:25,207 - INFO - Montante 7.3
Preco: 5400000 Vendidos: 0
2026-05-10 17:29:30,112 - INFO - Montante 8.0
Preco: 616945 Vendidos: 7
2026-05-10 17:29:33,057 - INFO - Montante 8.1
Preco: 2195999 Vendidos: 2
2026-05-10 17:29:35,961 - INFO - Montante 8.2
Preco: 5989962 Vendidos: 0
2026-05-10 17:29:38,888 - INFO - Montante 8.3
Preco: 17999997 Vendidos: 0
2026-05-10 17:29:39,848 - INFO - 
[27/48] Espadas Duplas
2026-05-10 17:29:45,274 - INFO - Espadas Duplas 5.0
Preco: 41811 Vendidos: 91
2026-05-10 17:29:48,201 - INFO - Espadas Duplas 5.1
Preco: 45997 Vendidos: 41
2026-05-10 17:29:51,145 - INFO - Espadas Duplas 5.2
Preco: 164190 Vendidos: 12
2026-05-10 17:29:54,096 - INFO - Espadas Duplas 5.3
Preco: 626926 Vendidos: 0
2026-05-10 17:29:59,006 - INFO - Espadas Duplas 6.0
Preco: 85967 Vendidos: 70
2026-05-10 17:30:01,883 - INFO - Espadas Duplas 6.1
Preco: 188786 Vendidos: 15
2026-05-10 17:30:04,760 - INFO - Espadas Duplas 6.2
Preco: 775984 Vendidos: 2
2026-05-10 17:30:07,704 - INFO - Espadas Duplas 6.3
Preco: 1739891 Vendidos: 2
2026-05-10 17:30:12,646 - INFO - Espadas Duplas 7.0
Preco: 331323 Vendidos: 50
2026-05-10 17:30:31,678 - INFO - Espadas Duplas 7.1
Preco: 817000 Vendidos: 1
2026-05-10 17:30:34,592 - INFO - Espadas Duplas 7.2
Preco: 2146439 Vendidos: 1
2026-05-10 17:30:37,529 - INFO - Espadas Duplas 7.3
Preco: 5999993 Vendidos: 0
2026-05-10 17:30:42,429 - INFO - Espadas Duplas 8.0
Preco: 697950 Vendidos: 2
2026-05-10 17:30:46,888 - INFO - Espadas Duplas 8.1
Preco: 1989987 Vendidos: 1
2026-05-10 17:30:49,879 - INFO - Espadas Duplas 8.2
Preco: 5869997 Vendidos: 1
2026-05-10 17:30:52,831 - INFO - Espadas Duplas 8.3
Preco: 14500000 Vendidos: 0
2026-05-10 17:30:53,779 - INFO - 
[28/48] Cajado Arcano do
2026-05-10 17:30:59,214 - INFO - Cajado Arcano do 5.0
Preco: 15787 Vendidos: 212
2026-05-10 17:31:02,117 - INFO - Cajado Arcano do 5.1
Preco: 18733 Vendidos: 71
2026-05-10 17:31:05,017 - INFO - Cajado Arcano do 5.2
Preco: 73840 Vendidos: 20
2026-05-10 17:31:07,919 - INFO - Cajado Arcano do 5.3
Preco: 199769 Vendidos: 2
2026-05-10 17:31:12,909 - INFO - Cajado Arcano do 6.0
Preco: 22785 Vendidos: 364
2026-05-10 17:31:15,824 - INFO - Cajado Arcano do 6.1
Preco: 56900 Vendidos: 92
2026-05-10 17:31:18,722 - INFO - Cajado Arcano do 6.2
Preco: 148498 Vendidos: 21
2026-05-10 17:31:21,614 - INFO - Cajado Arcano do 6.3
Preco: 509983 Vendidos: 3
2026-05-10 17:31:29,966 - INFO - Cajado Arcano do 7.0
Preco: 52411 Vendidos: 510
2026-05-10 17:31:32,893 - INFO - Cajado Arcano do 7.1
Preco: 134977 Vendidos: 200
2026-05-10 17:31:35,841 - INFO - Cajado Arcano do 7.2
Preco: 507970 Vendidos: 19
2026-05-10 17:31:38,736 - INFO - Cajado Arcano do 7.3
Preco: 1644400 Vendidos: 6
2026-05-10 17:31:43,676 - INFO - Cajado Arcano do 8.0
Preco: 194989 Vendidos: 91
2026-05-10 17:31:46,601 - INFO - Cajado Arcano do 8.1
Preco: 466839 Vendidos: 12
2026-05-10 17:31:49,562 - INFO - Cajado Arcano do 8.2
Preco: 1387459 Vendidos: 2
2026-05-10 17:31:52,480 - INFO - Cajado Arcano do 8.3
Preco: 4199910 Vendidos: 0
2026-05-10 17:31:53,429 - INFO - 
[29/48] Cajado Arcano Elevado
2026-05-10 17:31:58,837 - INFO - Cajado Arcano Elevado 5.0
Preco: 26841 Vendidos: 117
2026-05-10 17:32:01,752 - INFO - Cajado Arcano Elevado 5.1
Preco: 41793 Vendidos: 55
2026-05-10 17:32:04,648 - INFO - Cajado Arcano Elevado 5.2
Preco: 194992 Vendidos: 5
2026-05-10 17:32:07,549 - INFO - Cajado Arcano Elevado 5.3
Preco: 687951 Vendidos: 2
2026-05-10 17:32:12,457 - INFO - Cajado Arcano Elevado 6.0
Preco: 75980 Vendidos: 114
2026-05-10 17:32:15,370 - INFO - Cajado Arcano Elevado 6.1
Preco: 179931 Vendidos: 16
2026-05-10 17:32:21,529 - INFO - Cajado Arcano Elevado 6.2
Preco: 639940 Vendidos: 4
2026-05-10 17:32:24,459 - INFO - Cajado Arcano Elevado 6.3
Preco: 1728125 Vendidos: 2
2026-05-10 17:32:29,364 - INFO - Cajado Arcano Elevado 7.0
Preco: 263876 Vendidos: 32
2026-05-10 17:32:32,302 - INFO - Cajado Arcano Elevado 7.1
Preco: 579973 Vendidos: 2
2026-05-10 17:32:35,221 - INFO - Cajado Arcano Elevado 7.2
Preco: 1798000 Vendidos: 1
2026-05-10 17:32:38,148 - INFO - Cajado Arcano Elevado 7.3
Preco: 5699961 Vendidos: 1
2026-05-10 17:32:43,056 - INFO - Cajado Arcano Elevado 8.0
Preco: 783973 Vendidos: 11
2026-05-10 17:32:45,977 - INFO - Cajado Arcano Elevado 8.1
Preco: 1499980 Vendidos: 3
2026-05-10 17:32:48,902 - INFO - Cajado Arcano Elevado 8.2
Preco: 5899975 Vendidos: 0
2026-05-10 17:32:51,785 - INFO - Cajado Arcano Elevado 8.3
Preco: 13499998 Vendidos: 0
2026-05-10 17:32:52,745 - INFO - 
[30/48] Cajado Enigmático
2026-05-10 17:32:58,179 - INFO - Cajado Enigmático 5.0
Preco: 78485 Vendidos: 339
2026-05-10 17:33:01,074 - INFO - Cajado Enigmático 5.1
Preco: 49974 Vendidos: 22
2026-05-10 17:33:04,001 - INFO - Cajado Enigmático 5.2
Preco: 200000 Vendidos: 7
2026-05-10 17:33:06,898 - INFO - Cajado Enigmático 5.3
Preco: 723100 Vendidos: 3
2026-05-10 17:33:11,826 - INFO - Cajado Enigmático 6.0
Preco: 78589 Vendidos: 158
2026-05-10 17:33:30,916 - INFO - Cajado Enigmático 6.1
Preco: 119991 Vendidos: 45
2026-05-10 17:33:33,865 - INFO - Cajado Enigmático 6.2
Preco: 744990 Vendidos: 5
2026-05-10 17:33:36,766 - INFO - Cajado Enigmático 6.3
Preco: 1795942 Vendidos: 3
2026-05-10 17:33:41,701 - INFO - Cajado Enigmático 7.0
Preco: 245982 Vendidos: 29
2026-05-10 17:33:44,662 - INFO - Cajado Enigmático 7.1
Preco: 604989 Vendidos: 6
2026-05-10 17:33:47,599 - INFO - Cajado Enigmático 7.2
Preco: 1769996 Vendidos: 2
2026-05-10 17:33:50,535 - INFO - Cajado Enigmático 7.3
Preco: 5939996 Vendidos: 0
2026-05-10 17:33:55,505 - INFO - Cajado Enigmático 8.0
Preco: 689986 Vendidos: 15
2026-05-10 17:34:14,975 - INFO - Cajado Enigmático 8.1
Preco: 1691000 Vendidos: 4
2026-05-10 17:34:17,935 - INFO - Cajado Enigmático 8.2
Preco: 5599900 Vendidos: 0
2026-05-10 17:34:20,878 - INFO - Cajado Enigmático 8.3
Preco: 13000000 Vendidos: 0
2026-05-10 17:34:21,827 - INFO - 
[31/48] Cajado Amaldiçoado
2026-05-10 17:34:28,380 - INFO - Cajado Amaldiçoado 5.0
Preco: 8358 Vendidos: 209
2026-05-10 17:34:31,278 - INFO - Cajado Amaldiçoado 5.1
Preco: 14276 Vendidos: 67
2026-05-10 17:34:34,189 - INFO - Cajado Amaldiçoado 5.2
Preco: 31181 Vendidos: 17
2026-05-10 17:34:37,100 - INFO - Cajado Amaldiçoado 5.3
Preco: 128986 Vendidos: 1
2026-05-10 17:34:42,018 - INFO - Cajado Amaldiçoado 6.0
Preco: 18783 Vendidos: 205
2026-05-10 17:34:44,893 - INFO - Cajado Amaldiçoado 6.1
Preco: 40893 Vendidos: 62
2026-05-10 17:34:47,825 - INFO - Cajado Amaldiçoado 6.2
Preco: 102642 Vendidos: 1
2026-05-10 17:35:06,435 - INFO - Cajado Amaldiçoado 6.3
Preco: 420996 Vendidos: 3
2026-05-10 17:35:11,387 - INFO - Cajado Amaldiçoado 7.0
Preco: 52130 Vendidos: 93
2026-05-10 17:35:14,282 - INFO - Cajado Amaldiçoado 7.1
Preco: 129981 Vendidos: 19
2026-05-10 17:35:17,163 - INFO - Cajado Amaldiçoado 7.2
Preco: 444996 Vendidos: 5
2026-05-10 17:35:20,048 - INFO - Cajado Amaldiçoado 7.3
Preco: 1294552 Vendidos: 2
2026-05-10 17:35:24,979 - INFO - Cajado Amaldiçoado 8.0
Preco: 157283 Vendidos: 28
2026-05-10 17:35:27,888 - INFO - Cajado Amaldiçoado 8.1
Preco: 363772 Vendidos: 3
2026-05-10 17:35:46,893 - INFO - Cajado Amaldiçoado 8.2
Preco: 1369991 Vendidos: 0
2026-05-10 17:35:49,876 - INFO - Cajado Amaldiçoado 8.3
Preco: 4199998 Vendidos: 1
2026-05-10 17:35:50,827 - INFO - 
[32/48] Cajado Amaldiçoado Elevado
2026-05-10 17:35:56,353 - INFO - Cajado Amaldiçoado Elevado 5.0
Preco: 27974 Vendidos: 146
2026-05-10 17:35:59,256 - INFO - Cajado Amaldiçoado Elevado 5.1
Preco: 49406 Vendidos: 55
2026-05-10 17:36:02,151 - INFO - Cajado Amaldiçoado Elevado 5.2
Preco: 181967 Vendidos: 6
2026-05-10 17:36:05,065 - INFO - Cajado Amaldiçoado Elevado 5.3
Preco: 3500000 Vendidos: 3
2026-05-10 17:36:09,993 - INFO - Cajado Amaldiçoado Elevado 6.0
Preco: 69931 Vendidos: 222
2026-05-10 17:36:12,925 - INFO - Cajado Amaldiçoado Elevado 6.1
Preco: 149138 Vendidos: 39
2026-05-10 17:36:15,813 - INFO - Cajado Amaldiçoado Elevado 6.2
Preco: 586999 Vendidos: 9
2026-05-10 17:36:18,725 - INFO - Cajado Amaldiçoado Elevado 6.3
Preco: 1600000 Vendidos: 2
2026-05-10 17:36:23,638 - INFO - Cajado Amaldiçoado Elevado 7.0
Preco: 236979 Vendidos: 25
2026-05-10 17:36:26,521 - INFO - Cajado Amaldiçoado Elevado 7.1
Preco: 469968 Vendidos: 6
2026-05-10 17:36:29,426 - INFO - Cajado Amaldiçoado Elevado 7.2
Preco: 1694444 Vendidos: 2
2026-05-10 17:36:32,343 - INFO - Cajado Amaldiçoado Elevado 7.3
Preco: 3999996 Vendidos: 1
2026-05-10 17:36:37,253 - INFO - Cajado Amaldiçoado Elevado 8.0
Preco: 699796 Vendidos: 7
2026-05-10 17:36:40,183 - INFO - Cajado Amaldiçoado Elevado 8.1
Preco: 1767598 Vendidos: 5
2026-05-10 17:36:43,107 - INFO - Cajado Amaldiçoado Elevado 8.2
Preco: 4859974 Vendidos: 1
2026-05-10 17:36:46,058 - INFO - Cajado Amaldiçoado Elevado 8.3
Preco: 12989999 Vendidos: 0
2026-05-10 17:36:47,009 - INFO - 
[33/48] Cajado Demoníaco
2026-05-10 17:36:52,458 - INFO - Cajado Demoníaco 5.0
Preco: 34328 Vendidos: 194
2026-05-10 17:36:55,381 - INFO - Cajado Demoníaco 5.1
Preco: 49494 Vendidos: 30
2026-05-10 17:36:59,841 - INFO - Cajado Demoníaco 5.2
Preco: 181980 Vendidos: 4
2026-05-10 17:37:02,766 - INFO - Cajado Demoníaco 5.3
Preco: 549997 Vendidos: 2
2026-05-10 17:37:07,721 - INFO - Cajado Demoníaco 6.0
Preco: 79974 Vendidos: 221
2026-05-10 17:37:10,655 - INFO - Cajado Demoníaco 6.1
Preco: 169445 Vendidos: 25
2026-05-10 17:37:13,589 - INFO - Cajado Demoníaco 6.2
Preco: 619995 Vendidos: 8
2026-05-10 17:37:16,541 - INFO - Cajado Demoníaco 6.3
Preco: 1759994 Vendidos: 3
2026-05-10 17:37:21,487 - INFO - Cajado Demoníaco 7.0
Preco: 217878 Vendidos: 29
2026-05-10 17:37:40,287 - INFO - Cajado Demoníaco 7.1
Preco: 525744 Vendidos: 4
2026-05-10 17:37:43,231 - INFO - Cajado Demoníaco 7.2
Preco: 1649997 Vendidos: 2
2026-05-10 17:37:46,164 - INFO - Cajado Demoníaco 7.3
Preco: 5100000 Vendidos: 1
2026-05-10 17:37:51,140 - INFO - Cajado Demoníaco 8.0
Preco: 702979 Vendidos: 8
2026-05-10 17:37:54,051 - INFO - Cajado Demoníaco 8.1
Preco: 1793435 Vendidos: 3
2026-05-10 17:37:56,945 - INFO - Cajado Demoníaco 8.2
Preco: 4099997 Vendidos: 1
2026-05-10 17:37:59,874 - INFO - Cajado Demoníaco 8.3
Preco: 10997989 Vendidos: 0
2026-05-10 17:38:00,826 - INFO - 
[34/48] Cajado de Fogo do
2026-05-10 17:38:06,299 - INFO - Cajado de Fogo do 5.0
Preco: 15605 Vendidos: 323
2026-05-10 17:38:09,203 - INFO - Cajado de Fogo do 5.1
Preco: 45430 Vendidos: 25
2026-05-10 17:38:28,013 - INFO - Cajado de Fogo do 5.2
Preco: 144986 Vendidos: 1
2026-05-10 17:38:30,928 - INFO - Cajado de Fogo do 5.3
Preco: 490665 Vendidos: 1
2026-05-10 17:38:35,789 - INFO - Cajado de Fogo do 6.0
Preco: 53600 Vendidos: 62
2026-05-10 17:38:38,726 - INFO - Cajado de Fogo do 6.1
Preco: 172575 Vendidos: 24
2026-05-10 17:38:41,618 - INFO - Cajado de Fogo do 6.2
Preco: 627996 Vendidos: 5
2026-05-10 17:38:44,549 - INFO - Cajado de Fogo do 6.3
Preco: 1405984 Vendidos: 2
2026-05-10 17:38:49,543 - INFO - Cajado de Fogo do 7.0
Preco: 169877 Vendidos: 16
2026-05-10 17:38:52,438 - INFO - Cajado de Fogo do 7.1
Preco: 439965 Vendidos: 4
2026-05-10 17:39:11,594 - INFO - Cajado de Fogo do 7.2
Preco: 1422647 Vendidos: 2
2026-05-10 17:39:30,780 - INFO - Cajado de Fogo do 7.3
Preco: 4666987 Vendidos: 1
2026-05-10 17:39:35,688 - INFO - Cajado de Fogo do 8.0
Preco: 616656 Vendidos: 2
2026-05-10 17:39:55,178 - INFO - Cajado de Fogo do 8.1
Preco: 1598878 Vendidos: 4
2026-05-10 17:39:58,093 - INFO - Cajado de Fogo do 8.2
Preco: 4339899 Vendidos: 1
2026-05-10 17:40:01,061 - INFO - Cajado de Fogo do 8.3
Preco: 12851834 Vendidos: 0
2026-05-10 17:40:02,009 - INFO - 
[35/48] Cajado de Fogo Elevado
2026-05-10 17:40:07,431 - INFO - Cajado de Fogo Elevado 5.0
Preco: 25697 Vendidos: 268
2026-05-10 17:40:10,326 - INFO - Cajado de Fogo Elevado 5.1
Preco: 51785 Vendidos: 66
2026-05-10 17:40:13,264 - INFO - Cajado de Fogo Elevado 5.2
Preco: 194855 Vendidos: 3
2026-05-10 17:40:16,147 - INFO - Cajado de Fogo Elevado 5.3
Preco: 639959 Vendidos: 0
2026-05-10 17:40:21,120 - INFO - Cajado de Fogo Elevado 6.0
Preco: 84979 Vendidos: 110
2026-05-10 17:40:24,050 - INFO - Cajado de Fogo Elevado 6.1
Preco: 200000 Vendidos: 38
2026-05-10 17:40:26,949 - INFO - Cajado de Fogo Elevado 6.2
Preco: 611827 Vendidos: 8
2026-05-10 17:40:29,890 - INFO - Cajado de Fogo Elevado 6.3
Preco: 1699996 Vendidos: 1
2026-05-10 17:40:39,642 - INFO - Cajado de Fogo Elevado 7.0
Preco: 289980 Vendidos: 33
2026-05-10 17:40:42,558 - INFO - Cajado de Fogo Elevado 7.1
Preco: 545753 Vendidos: 6
2026-05-10 17:40:45,505 - INFO - Cajado de Fogo Elevado 7.2
Preco: 1697993 Vendidos: 3
2026-05-10 17:40:48,461 - INFO - Cajado de Fogo Elevado 7.3
Preco: 5599978 Vendidos: 1
2026-05-10 17:40:53,421 - INFO - Cajado de Fogo Elevado 8.0
Preco: 739988 Vendidos: 6
2026-05-10 17:41:12,780 - INFO - Cajado de Fogo Elevado 8.1
Preco: 1569000 Vendidos: 4
2026-05-10 17:41:15,697 - INFO - Cajado de Fogo Elevado 8.2
Preco: 5749995 Vendidos: 0
2026-05-10 17:41:34,569 - INFO - Cajado de Fogo Elevado 8.3
Preco: 10888800 Vendidos: 0
2026-05-10 17:41:35,524 - INFO - 
[36/48] Cajado Infernal
2026-05-10 17:41:42,080 - INFO - Cajado Infernal 5.0
Preco: 3144 Vendidos: 128
2026-05-10 17:41:44,984 - INFO - Cajado Infernal 5.1
Preco: 68929 Vendidos: 23
2026-05-10 17:41:47,909 - INFO - Cajado Infernal 5.2
Preco: 199980 Vendidos: 6
2026-05-10 17:41:50,868 - INFO - Cajado Infernal 5.3
Preco: 669999 Vendidos: 1
2026-05-10 17:41:55,797 - INFO - Cajado Infernal 6.0
Preco: 83967 Vendidos: 105
2026-05-10 17:41:58,690 - INFO - Cajado Infernal 6.1
Preco: 152793 Vendidos: 29
2026-05-10 17:42:01,577 - INFO - Cajado Infernal 6.2
Preco: 674915 Vendidos: 1
2026-05-10 17:42:04,486 - INFO - Cajado Infernal 6.3
Preco: 1778910 Vendidos: 3
2026-05-10 17:42:09,405 - INFO - Cajado Infernal 7.0
Preco: 267872 Vendidos: 52
2026-05-10 17:42:12,318 - INFO - Cajado Infernal 7.1
Preco: 589992 Vendidos: 6
2026-05-10 17:42:15,214 - INFO - Cajado Infernal 7.2
Preco: 1799922 Vendidos: 2
2026-05-10 17:42:18,132 - INFO - Cajado Infernal 7.3
Preco: 6499980 Vendidos: 1
2026-05-10 17:42:23,076 - INFO - Cajado Infernal 8.0
Preco: 768689 Vendidos: 10
2026-05-10 17:42:26,015 - INFO - Cajado Infernal 8.1
Preco: 1642986 Vendidos: 2
2026-05-10 17:42:28,933 - INFO - Cajado Infernal 8.2
Preco: 4999994 Vendidos: 2
2026-05-10 17:42:31,814 - INFO - Cajado Infernal 8.3
Preco: 15441551 Vendidos: 0
2026-05-10 17:42:32,773 - INFO - 
[37/48] Cajado de Gelo do
2026-05-10 17:42:38,176 - INFO - Cajado de Gelo do 5.0
Preco: 7087 Vendidos: 458
2026-05-10 17:42:41,107 - INFO - Cajado de Gelo do 5.1
Preco: 9890 Vendidos: 205
2026-05-10 17:42:44,046 - INFO - Cajado de Gelo do 5.2
Preco: 28489 Vendidos: 34
2026-05-10 17:42:46,916 - INFO - Cajado de Gelo do 5.3
Preco: 147423 Vendidos: 4
2026-05-10 17:42:51,830 - INFO - Cajado de Gelo do 6.0
Preco: 143860 Vendidos: 314
2026-05-10 17:42:54,741 - INFO - Cajado de Gelo do 6.1
Preco: 24905 Vendidos: 143
2026-05-10 17:42:57,646 - INFO - Cajado de Gelo do 6.2
Preco: 119998 Vendidos: 17
2026-05-10 17:43:00,622 - INFO - Cajado de Gelo do 6.3
Preco: 479999 Vendidos: 0
2026-05-10 17:43:05,537 - INFO - Cajado de Gelo do 7.0
Preco: 30972 Vendidos: 240
2026-05-10 17:43:08,474 - INFO - Cajado de Gelo do 7.1
Preco: 79973 Vendidos: 65
2026-05-10 17:43:11,420 - INFO - Cajado de Gelo do 7.2
Preco: 427979 Vendidos: 5
2026-05-10 17:43:14,334 - INFO - Cajado de Gelo do 7.3
Preco: 1394891 Vendidos: 3
2026-05-10 17:43:19,263 - INFO - Cajado de Gelo do 8.0
Preco: 130976 Vendidos: 23
2026-05-10 17:43:22,152 - INFO - Cajado de Gelo do 8.1
Preco: 318989 Vendidos: 7
2026-05-10 17:43:25,053 - INFO - Cajado de Gelo do 8.2
Preco: 1179999 Vendidos: 2
2026-05-10 17:43:44,515 - WARNING - [ERRO] Não foi possível extrair dados de Cajado de Gelo do T8.3
2026-05-10 17:43:44,543 - INFO - Screenshot de falha salvo em screenshots\failures\fail_Cajado de Gelo do_T8.3_20260510_174344.png
2026-05-10 17:43:45,489 - INFO - 
[38/48] Cajado de Gelo Elevado
2026-05-10 17:43:50,948 - INFO - Cajado de Gelo Elevado 5.0
Preco: 29340 Vendidos: 202
2026-05-10 17:43:53,873 - INFO - Cajado de Gelo Elevado 5.1
Preco: 39944 Vendidos: 76
2026-05-10 17:43:56,784 - INFO - Cajado de Gelo Elevado 5.2
Preco: 172998 Vendidos: 11
2026-05-10 17:43:59,686 - INFO - Cajado de Gelo Elevado 5.3
Preco: 655551 Vendidos: 2
2026-05-10 17:44:04,607 - INFO - Cajado de Gelo Elevado 6.0
Preco: 41969 Vendidos: 121
2026-05-10 17:44:07,505 - INFO - Cajado de Gelo Elevado 6.1
Preco: 122839 Vendidos: 56
2026-05-10 17:44:25,511 - INFO - Cajado de Gelo Elevado 6.2
Preco: 500990 Vendidos: 6
2026-05-10 17:44:28,400 - INFO - Cajado de Gelo Elevado 6.3
Preco: 1657772 Vendidos: 2
2026-05-10 17:44:33,310 - INFO - Cajado de Gelo Elevado 7.0
Preco: 163881 Vendidos: 31
2026-05-10 17:44:36,249 - INFO - Cajado de Gelo Elevado 7.1
Preco: 465999 Vendidos: 7
2026-05-10 17:44:39,215 - INFO - Cajado de Gelo Elevado 7.2
Preco: 1588886 Vendidos: 2
2026-05-10 17:44:42,158 - INFO - Cajado de Gelo Elevado 7.3
Preco: 5499990 Vendidos: 1
2026-05-10 17:44:47,084 - INFO - Cajado de Gelo Elevado 8.0
Preco: 549979 Vendidos: 7
2026-05-10 17:44:50,008 - INFO - Cajado de Gelo Elevado 8.1
Preco: 1254511 Vendidos: 1
2026-05-10 17:44:52,948 - INFO - Cajado de Gelo Elevado 8.2
Preco: 5579990 Vendidos: 0
2026-05-10 17:44:55,908 - INFO - Cajado de Gelo Elevado 8.3
Preco: 13594322 Vendidos: 0
2026-05-10 17:44:56,851 - INFO - 
[39/48] Cajado Glacial
2026-05-10 17:45:02,260 - INFO - Cajado Glacial 5.0
Preco: 27294 Vendidos: 247
2026-05-10 17:45:05,142 - INFO - Cajado Glacial 5.1
Preco: 40980 Vendidos: 88
2026-05-10 17:45:08,075 - INFO - Cajado Glacial 5.2
Preco: 174998 Vendidos: 23
2026-05-10 17:45:10,991 - INFO - Cajado Glacial 5.3
Preco: 550000 Vendidos: 1
2026-05-10 17:45:15,902 - INFO - Cajado Glacial 6.0
Preco: 49975 Vendidos: 212
2026-05-10 17:45:18,828 - INFO - Cajado Glacial 6.1
Preco: 106994 Vendidos: 83
2026-05-10 17:45:21,719 - INFO - Cajado Glacial 6.2
Preco: 520795 Vendidos: 9
2026-05-10 17:45:28,017 - INFO - Cajado Glacial 6.3
Preco: 1711111 Vendidos: 2
2026-05-10 17:45:32,927 - INFO - Cajado Glacial 7.0
Preco: 163099 Vendidos: 47
2026-05-10 17:45:35,844 - INFO - Cajado Glacial 7.1
Preco: 503983 Vendidos: 7
2026-05-10 17:45:38,725 - INFO - Cajado Glacial 7.2
Preco: 1750000 Vendidos: 2
2026-05-10 17:45:41,674 - INFO - Cajado Glacial 7.3
Preco: 5298425 Vendidos: 0
2026-05-10 17:45:46,642 - INFO - Cajado Glacial 8.0
Preco: 577993 Vendidos: 4
2026-05-10 17:45:49,604 - INFO - Cajado Glacial 8.1
Preco: 1323327 Vendidos: 1
2026-05-10 17:45:52,583 - INFO - Cajado Glacial 8.2
Preco: 5550000 Vendidos: 0
2026-05-10 17:45:55,504 - INFO - Cajado Glacial 8.3
Preco: 12999998 Vendidos: 0
2026-05-10 17:45:56,456 - INFO - 
[40/48] Cajado Sagrado do
2026-05-10 17:46:01,867 - INFO - Cajado Sagrado do 5.0
Preco: 23988 Vendidos: 165
2026-05-10 17:46:04,776 - INFO - Cajado Sagrado do 5.1
Preco: 41964 Vendidos: 24
2026-05-10 17:46:07,669 - INFO - Cajado Sagrado do 5.2
Preco: 149840 Vendidos: 5
2026-05-10 17:46:15,308 - INFO - Cajado Sagrado do 5.3
Preco: 485515 Vendidos: 1
2026-05-10 17:46:20,211 - INFO - Cajado Sagrado do 6.0
Preco: 59828 Vendidos: 69
2026-05-10 17:46:23,108 - INFO - Cajado Sagrado do 6.1
Preco: 172688 Vendidos: 19
2026-05-10 17:46:26,041 - INFO - Cajado Sagrado do 6.2
Preco: 576997 Vendidos: 12
2026-05-10 17:46:28,977 - INFO - Cajado Sagrado do 6.3
Preco: 1341834 Vendidos: 1
2026-05-10 17:46:33,908 - INFO - Cajado Sagrado do 7.0
Preco: 218985 Vendidos: 10
2026-05-10 17:46:36,796 - INFO - Cajado Sagrado do 7.1
Preco: 463968 Vendidos: 3
2026-05-10 17:46:39,752 - INFO - Cajado Sagrado do 7.2
Preco: 1440959 Vendidos: 3
2026-05-10 17:46:42,671 - INFO - Cajado Sagrado do 7.3
Preco: 4399994 Vendidos: 0
2026-05-10 17:46:47,568 - INFO - Cajado Sagrado do 8.0
Preco: 519753 Vendidos: 5
2026-05-10 17:46:50,514 - INFO - Cajado Sagrado do 8.1
Preco: 1589976 Vendidos: 1
2026-05-10 17:46:55,554 - INFO - Cajado Sagrado do 8.2
Preco: 3956231 Vendidos: 2
2026-05-10 17:46:58,457 - INFO - Cajado Sagrado do 8.3
Preco: 8888885 Vendidos: 0
2026-05-10 17:46:59,401 - INFO - 
[41/48] Cajado Sagrado Elevado
2026-05-10 17:47:05,981 - INFO - Cajado Sagrado Elevado 5.0
Preco: 37993 Vendidos: 165
2026-05-10 17:47:08,906 - INFO - Cajado Sagrado Elevado 5.1
Preco: 52963 Vendidos: 56
2026-05-10 17:47:11,824 - INFO - Cajado Sagrado Elevado 5.2
Preco: 224859 Vendidos: 24
2026-05-10 17:47:14,713 - INFO - Cajado Sagrado Elevado 5.3
Preco: 550000 Vendidos: 1
2026-05-10 17:47:19,635 - INFO - Cajado Sagrado Elevado 6.0
Preco: 87743 Vendidos: 144
2026-05-10 17:47:22,578 - INFO - Cajado Sagrado Elevado 6.1
Preco: 194996 Vendidos: 34
2026-05-10 17:47:25,471 - INFO - Cajado Sagrado Elevado 6.2
Preco: 743991 Vendidos: 10
2026-05-10 17:47:28,399 - INFO - Cajado Sagrado Elevado 6.3
Preco: 1700973 Vendidos: 3
2026-05-10 17:47:33,318 - INFO - Cajado Sagrado Elevado 7.0
Preco: 227983 Vendidos: 18
2026-05-10 17:47:36,218 - INFO - Cajado Sagrado Elevado 7.1
Preco: 576997 Vendidos: 3
2026-05-10 17:47:39,111 - INFO - Cajado Sagrado Elevado 7.2
Preco: 2049980 Vendidos: 2
2026-05-10 17:47:42,000 - INFO - Cajado Sagrado Elevado 7.3
Preco: 5980000 Vendidos: 1
2026-05-10 17:47:46,934 - INFO - Cajado Sagrado Elevado 8.0
Preco: 588989 Vendidos: 4
2026-05-10 17:47:49,887 - INFO - Cajado Sagrado Elevado 8.1
Preco: 1644575 Vendidos: 3
2026-05-10 17:47:52,789 - INFO - Cajado Sagrado Elevado 8.2
Preco: 5198999 Vendidos: 0
2026-05-10 17:47:55,720 - INFO - Cajado Sagrado Elevado 8.3
Preco: 13999998 Vendidos: 0
2026-05-10 17:47:56,663 - INFO - 
[42/48] Cajado Divino
2026-05-10 17:48:02,067 - INFO - Cajado Divino 5.0
Preco: 35162 Vendidos: 145
2026-05-10 17:48:04,981 - INFO - Cajado Divino 5.1
Preco: 49258 Vendidos: 75
2026-05-10 17:48:07,876 - INFO - Cajado Divino 5.2
Preco: 197978 Vendidos: 2
2026-05-10 17:48:10,775 - INFO - Cajado Divino 5.3
Preco: 606984 Vendidos: 4
2026-05-10 17:48:23,966 - INFO - Cajado Divino 6.0
Preco: 84945 Vendidos: 176
2026-05-10 17:48:26,878 - INFO - Cajado Divino 6.1
Preco: 132455 Vendidos: 18
2026-05-10 17:48:29,757 - INFO - Cajado Divino 6.2
Preco: 576994 Vendidos: 1
2026-05-10 17:48:32,635 - INFO - Cajado Divino 6.3
Preco: 1707978 Vendidos: 1
2026-05-10 17:48:37,529 - INFO - Cajado Divino 7.0
Preco: 221757 Vendidos: 27
2026-05-10 17:48:56,114 - INFO - Cajado Divino 7.1
Preco: 472993 Vendidos: 1
2026-05-10 17:48:59,077 - INFO - Cajado Divino 7.2
Preco: 1799877 Vendidos: 2
2026-05-10 17:49:01,944 - INFO - Cajado Divino 7.3
Preco: 5900000 Vendidos: 0
2026-05-10 17:49:06,827 - INFO - Cajado Divino 8.0
Preco: 596995 Vendidos: 9
2026-05-10 17:49:09,737 - INFO - Cajado Divino 8.1
Preco: 1730993 Vendidos: 2
2026-05-10 17:49:12,619 - INFO - Cajado Divino 8.2
Preco: 4899999 Vendidos: 1
2026-05-10 17:49:15,565 - INFO - Cajado Divino 8.3
Preco: 11999999 Vendidos: 0
2026-05-10 17:49:16,520 - INFO - 
[43/48] Cajado da Natureza do
2026-05-10 17:49:21,955 - INFO - Cajado da Natureza do 5.0
Preco: 19294 Vendidos: 200
2026-05-10 17:49:24,872 - INFO - Cajado da Natureza do 5.1
Preco: 35039 Vendidos: 111
2026-05-10 17:49:27,798 - INFO - Cajado da Natureza do 5.2
Preco: 128860 Vendidos: 2
2026-05-10 17:49:30,706 - INFO - Cajado da Natureza do 5.3
Preco: 555497 Vendidos: 2
2026-05-10 17:49:35,589 - INFO - Cajado da Natureza do 6.0
Preco: 41852 Vendidos: 155
2026-05-10 17:49:54,088 - INFO - Cajado da Natureza do 6.1
Preco: 204983 Vendidos: 42
2026-05-10 17:49:56,987 - INFO - Cajado da Natureza do 6.2
Preco: 542993 Vendidos: 6
2026-05-10 17:50:16,404 - INFO - Cajado da Natureza do 6.3
Preco: 1497885 Vendidos: 3
2026-05-10 17:50:21,348 - INFO - Cajado da Natureza do 7.0
Preco: 201932 Vendidos: 22
2026-05-10 17:50:24,258 - INFO - Cajado da Natureza do 7.1
Preco: 409000 Vendidos: 4
2026-05-10 17:50:27,124 - INFO - Cajado da Natureza do 7.2
Preco: 1409882 Vendidos: 1
2026-05-10 17:50:30,036 - INFO - Cajado da Natureza do 7.3
Preco: 4499952 Vendidos: 0
2026-05-10 17:50:34,972 - INFO - Cajado da Natureza do 8.0
Preco: 625856 Vendidos: 8
2026-05-10 17:50:37,925 - INFO - Cajado da Natureza do 8.1
Preco: 1410000 Vendidos: 5
2026-05-10 17:50:40,831 - INFO - Cajado da Natureza do 8.2
Preco: 3099988 Vendidos: 0
2026-05-10 17:50:43,823 - INFO - Cajado da Natureza do 8.3
Preco: 6599960 Vendidos: 0
2026-05-10 17:50:44,786 - INFO - 
[44/48] Cajado da Natureza Elevado
2026-05-10 17:50:50,247 - INFO - Cajado da Natureza Elevado 5.0
Preco: 30995 Vendidos: 211
2026-05-10 17:50:53,159 - INFO - Cajado da Natureza Elevado 5.1
Preco: 60962 Vendidos: 40
2026-05-10 17:50:56,071 - INFO - Cajado da Natureza Elevado 5.2
Preco: 134993 Vendidos: 13
2026-05-10 17:50:58,965 - INFO - Cajado da Natureza Elevado 5.3
Preco: 644988 Vendidos: 2
2026-05-10 17:51:03,867 - INFO - Cajado da Natureza Elevado 6.0
Preco: 74929 Vendidos: 110
2026-05-10 17:51:06,784 - INFO - Cajado da Natureza Elevado 6.1
Preco: 199986 Vendidos: 28
2026-05-10 17:51:09,688 - INFO - Cajado da Natureza Elevado 6.2
Preco: 693984 Vendidos: 6
2026-05-10 17:51:12,603 - INFO - Cajado da Natureza Elevado 6.3
Preco: 1780000 Vendidos: 1
2026-05-10 17:51:17,493 - INFO - Cajado da Natureza Elevado 7.0
Preco: 274980 Vendidos: 22
2026-05-10 17:51:20,397 - INFO - Cajado da Natureza Elevado 7.1
Preco: 662589 Vendidos: 1
2026-05-10 17:51:23,286 - INFO - Cajado da Natureza Elevado 7.2
Preco: 1699997 Vendidos: 1
2026-05-10 17:51:26,216 - INFO - Cajado da Natureza Elevado 7.3
Preco: 6200000 Vendidos: 0
2026-05-10 17:51:31,126 - INFO - Cajado da Natureza Elevado 8.0
Preco: 1484998 Vendidos: 7
2026-05-10 17:51:34,024 - INFO - Cajado da Natureza Elevado 8.1
Preco: 1789934 Vendidos: 3
2026-05-10 17:51:36,942 - INFO - Cajado da Natureza Elevado 8.2
Preco: 6499995 Vendidos: 0
2026-05-10 17:51:39,854 - INFO - Cajado da Natureza Elevado 8.3
Preco: 13999999 Vendidos: 0
2026-05-10 17:51:40,802 - INFO - 
[45/48] Cajado Selvagem
2026-05-10 17:51:46,269 - INFO - Cajado Selvagem 5.0
Preco: 29990 Vendidos: 135
2026-05-10 17:51:49,177 - INFO - Cajado Selvagem 5.1
Preco: 45439 Vendidos: 66
2026-05-10 17:51:52,066 - INFO - Cajado Selvagem 5.2
Preco: 169433 Vendidos: 3
2026-05-10 17:51:55,035 - INFO - Cajado Selvagem 5.3
Preco: 533882 Vendidos: 1
2026-05-10 17:51:59,947 - INFO - Cajado Selvagem 6.0
Preco: 64867 Vendidos: 163
2026-05-10 17:52:02,879 - INFO - Cajado Selvagem 6.1
Preco: 169372 Vendidos: 42
2026-05-10 17:52:05,801 - INFO - Cajado Selvagem 6.2
Preco: 646992 Vendidos: 6
2026-05-10 17:52:08,734 - INFO - Cajado Selvagem 6.3
Preco: 1895959 Vendidos: 2
2026-05-10 17:52:13,688 - INFO - Cajado Selvagem 7.0
Preco: 234839 Vendidos: 32
2026-05-10 17:52:16,632 - INFO - Cajado Selvagem 7.1
Preco: 486995 Vendidos: 7
2026-05-10 17:52:19,584 - INFO - Cajado Selvagem 7.2
Preco: 1889960 Vendidos: 2
2026-05-10 17:52:22,517 - INFO - Cajado Selvagem 7.3
Preco: 4249999 Vendidos: 0
2026-05-10 17:52:27,430 - INFO - Cajado Selvagem 8.0
Preco: 678984 Vendidos: 5
2026-05-10 17:52:30,332 - INFO - Cajado Selvagem 8.1
Preco: 1799989 Vendidos: 1
2026-05-10 17:52:33,261 - INFO - Cajado Selvagem 8.2
Preco: 4249996 Vendidos: 0
2026-05-10 17:52:36,220 - INFO - Cajado Selvagem 8.3
Preco: 8999990 Vendidos: 1
2026-05-10 17:52:37,167 - INFO - 
[46/48] Tomo de Feitiços
2026-05-10 17:52:43,746 - INFO - Tomo de Feitiços 5.0
Preco: 7198 Vendidos: 336
2026-05-10 17:52:46,653 - INFO - Tomo de Feitiços 5.1
Preco: 22000 Vendidos: 89
2026-05-10 17:52:49,634 - INFO - Tomo de Feitiços 5.2
Preco: 45877 Vendidos: 3
2026-05-10 17:52:52,551 - INFO - Tomo de Feitiços 5.3
Preco: 206850 Vendidos: 4
2026-05-10 17:52:57,463 - INFO - Tomo de Feitiços 6.0
Preco: 26749 Vendidos: 320
2026-05-10 17:53:00,356 - INFO - Tomo de Feitiços 6.1
Preco: 40216 Vendidos: 75
2026-05-10 17:53:03,257 - INFO - Tomo de Feitiços 6.2
Preco: 137635 Vendidos: 11
2026-05-10 17:53:06,157 - INFO - Tomo de Feitiços 6.3
Preco: 499958 Vendidos: 5
2026-05-10 17:53:11,101 - INFO - Tomo de Feitiços 7.0
Preco: 68777 Vendidos: 38
2026-05-10 17:53:14,009 - INFO - Tomo de Feitiços 7.1
Preco: 142966 Vendidos: 18
2026-05-10 17:53:16,922 - INFO - Tomo de Feitiços 7.2
Preco: 454988 Vendidos: 0
2026-05-10 17:53:35,992 - INFO - Tomo de Feitiços 7.3
Preco: 1299948 Vendidos: 1
2026-05-10 17:53:40,929 - INFO - Tomo de Feitiços 8.0
Preco: 174923 Vendidos: 18
2026-05-10 17:53:43,851 - INFO - Tomo de Feitiços 8.1
Preco: 398886 Vendidos: 2
2026-05-10 17:53:46,784 - INFO - Tomo de Feitiços 8.2
Preco: 1425975 Vendidos: 2
2026-05-10 17:53:49,745 - INFO - Tomo de Feitiços 8.3
Preco: 3840279 Vendidos: 0
2026-05-10 17:53:50,701 - INFO - 
[47/48] Tocha do
2026-05-10 17:53:56,188 - INFO - Tocha do 5.0
Preco: 4900 Vendidos: 669
2026-05-10 17:53:59,112 - INFO - Tocha do 5.1
Preco: 5006 Vendidos: 58
2026-05-10 17:54:02,006 - INFO - Tocha do 5.2
Preco: 18887 Vendidos: 13
2026-05-10 17:54:04,903 - INFO - Tocha do 5.3
Preco: 53975 Vendidos: 2
2026-05-10 17:54:09,831 - INFO - Tocha do 6.0
Preco: 8186 Vendidos: 170
2026-05-10 17:54:12,728 - INFO - Tocha do 6.1
Preco: 12788 Vendidos: 186
2026-05-10 17:54:15,655 - INFO - Tocha do 6.2
Preco: 40826 Vendidos: 10
2026-05-10 17:54:18,555 - INFO - Tocha do 6.3
Preco: 176970 Vendidos: 1
2026-05-10 17:54:23,452 - INFO - Tocha do 7.0
Preco: 19469 Vendidos: 178
2026-05-10 17:54:26,366 - INFO - Tocha do 7.1
Preco: 35570 Vendidos: 72
2026-05-10 17:54:29,269 - INFO - Tocha do 7.2
Preco: 143990 Vendidos: 5
2026-05-10 17:54:32,201 - INFO - Tocha do 7.3
Preco: 389908 Vendidos: 0
2026-05-10 17:54:37,129 - INFO - Tocha do 8.0
Preco: 59840 Vendidos: 64
2026-05-10 17:54:40,057 - INFO - Tocha do 8.1
Preco: 150990 Vendidos: 8
2026-05-10 17:54:43,008 - INFO - Tocha do 8.2
Preco: 419958 Vendidos: 5
2026-05-10 17:54:45,912 - INFO - Tocha do 8.3
Preco: 1599959 Vendidos: 0
2026-05-10 17:54:46,867 - INFO - 
[48/48] Escudo do
2026-05-10 17:55:00,276 - INFO - Escudo do 5.0
Preco: 571 Vendidos: 700
2026-05-10 17:55:11,019 - INFO - Escudo do 5.1
Preco: 571 Vendidos: 700
2026-05-10 17:55:21,779 - INFO - Escudo do 5.2
Preco: 571 Vendidos: 700
2026-05-10 17:55:32,492 - INFO - Escudo do 5.3
Preco: 571 Vendidos: 700
2026-05-10 17:55:37,454 - INFO - Escudo do 6.0
Preco: 3960 Vendidos: 452
2026-05-10 17:55:40,398 - INFO - Escudo do 6.1
Preco: 3960 Vendidos: 452
2026-05-10 17:55:43,358 - INFO - Escudo do 6.2
Preco: 3960 Vendidos: 452
2026-05-10 17:55:46,367 - INFO - Escudo do 6.3
Preco: 3960 Vendidos: 452
2026-05-10 17:56:07,368 - INFO - Escudo do 7.0
Preco: 4787 Vendidos: 944
2026-05-10 17:56:10,279 - INFO - Escudo do 7.1
Preco: 4769 Vendidos: 207
2026-05-10 17:56:13,194 - INFO - Escudo do 7.2
Preco: 12976 Vendidos: 30
2026-05-10 17:56:16,116 - INFO - Escudo do 7.3
Preco: 111089 Vendidos: 2
2026-05-10 17:56:21,046 - INFO - Escudo do 8.0
Preco: 6100 Vendidos: 315
2026-05-10 17:56:23,975 - INFO - Escudo do 8.1
Preco: 10800 Vendidos: 90
2026-05-10 17:56:26,906 - INFO - Escudo do 8.2
Preco: 37994 Vendidos: 11
2026-05-10 17:56:29,810 - INFO - Escudo do 8.3
Preco: 180614 Vendidos: 1
2026-05-10 17:56:30,754 - INFO - Coleta completa.
2026-05-10 17:56:30,770 - INFO - Dados salvos em data/latest_market_data.json
2026-05-10 17:56:30,787 - INFO - HTML gerado com 344 linhas
2026-05-10 17:56:30,790 - INFO - HTML salvo em reports/market_analysis.html
2026-05-10 17:56:30,806 - INFO - Dados salvos em data/latest_market_data.json
2026-05-10 17:56:30,806 - INFO - [OK] Relatório gerado: reports/market_analysis.html
2026-05-10 17:56:30,821 - ERROR - Erro ao gerar relatório: [WinError 2] O sistema não pode encontrar o arquivo especificado: 'reports/market_analysis.html'
2026-05-10 18:14:29,108 - INFO - Aplicação encerrada
2026-05-11 14:44:52,707 - INFO - Configurações carregadas de config.yaml
2026-05-11 14:44:52,735 - INFO - Dados carregados de data/latest_market_data.json
2026-05-11 14:44:52,735 - INFO - Albion Market Tracker inicializado
2026-05-11 14:44:56,496 - INFO - 
=== MODO AUTOMÁTICO DE COLETA ===
2026-05-11 14:45:01,824 - INFO - Iniciando coleta de 38 itens.
2026-05-11 14:45:01,824 - INFO - 
[1/38] Robe de Erudito
2026-05-11 14:45:08,815 - INFO - Robe de Erudito 5.0
Preco: 15582 Vendidos: 1135
2026-05-11 14:45:11,672 - INFO - Robe de Erudito 5.1
Preco: 230000 Vendidos: 202
2026-05-11 14:45:14,520 - INFO - Robe de Erudito 5.2
Preco: 74996 Vendidos: 31
2026-05-11 14:45:17,396 - INFO - Robe de Erudito 5.3
Preco: 370363 Vendidos: 4
2026-05-11 14:45:22,220 - INFO - Robe de Erudito 6.0
Preco: 35407 Vendidos: 603
2026-05-11 14:45:25,054 - INFO - Robe de Erudito 6.1
Preco: 64998 Vendidos: 101
2026-05-11 14:45:27,887 - INFO - Robe de Erudito 6.2
Preco: 296666 Vendidos: 3
2026-05-11 14:45:30,722 - INFO - Robe de Erudito 6.3
Preco: 651978 Vendidos: 0
2026-05-11 14:45:35,570 - INFO - Robe de Erudito 7.0
Preco: 98917 Vendidos: 176
2026-05-11 14:45:38,400 - INFO - Robe de Erudito 7.1
Preco: 245966 Vendidos: 26
2026-05-11 14:45:41,932 - INFO - Robe de Erudito 7.2
Preco: 722987 Vendidos: 2
2026-05-11 14:45:44,802 - INFO - Robe de Erudito 7.3
Preco: 2605553 Vendidos: 2
2026-05-11 14:45:49,654 - INFO - Robe de Erudito 8.0
Preco: 282222 Vendidos: 16
2026-05-11 14:45:52,493 - INFO - Robe de Erudito 8.1
Preco: 599988 Vendidos: 8
2026-05-11 14:46:08,921 - INFO - Robe de Erudito 8.2
Preco: 2690990 Vendidos: 4
2026-05-11 14:46:11,748 - INFO - Robe de Erudito 8.3
Preco: 6999996 Vendidos: 0
2026-05-11 14:46:12,702 - INFO - 
[2/38] Robe de Clérigo
2026-05-11 14:46:18,067 - INFO - Robe de Clérigo 5.0
Preco: 16109 Vendidos: 894
2026-05-11 14:46:20,879 - INFO - Robe de Clérigo 5.1
Preco: 25341 Vendidos: 128
2026-05-11 14:46:23,691 - INFO - Robe de Clérigo 5.2
Preco: 68000 Vendidos: 23
2026-05-11 14:46:26,509 - INFO - Robe de Clérigo 5.3
Preco: 270000 Vendidos: 0
2026-05-11 14:46:31,292 - INFO - Robe de Clérigo 6.0
Preco: 34303 Vendidos: 518
2026-05-11 14:46:34,093 - INFO - Robe de Clérigo 6.1
Preco: 66992 Vendidos: 76
2026-05-11 14:46:36,902 - INFO - Robe de Clérigo 6.2
Preco: 242864 Vendidos: 25
2026-05-11 14:46:39,743 - INFO - Robe de Clérigo 6.3
Preco: 601900 Vendidos: 4
2026-05-11 14:46:44,546 - INFO - Robe de Clérigo 7.0
Preco: 99999 Vendidos: 142
2026-05-11 14:46:47,378 - INFO - Robe de Clérigo 7.1
Preco: 232776 Vendidos: 22
2026-05-11 14:46:50,182 - INFO - Robe de Clérigo 7.2
Preco: 706860 Vendidos: 0
2026-05-11 14:46:52,963 - INFO - Robe de Clérigo 7.3
Preco: 2195898 Vendidos: 1
2026-05-11 14:46:57,801 - INFO - Robe de Clérigo 8.0
Preco: 254443 Vendidos: 22
2026-05-11 14:47:00,607 - INFO - Robe de Clérigo 8.1
Preco: 835000 Vendidos: 5
2026-05-11 14:47:03,420 - INFO - Robe de Clérigo 8.2
Preco: 2627979 Vendidos: 0
2026-05-11 14:47:06,238 - INFO - Robe de Clérigo 8.3
Preco: 6300000 Vendidos: 0
2026-05-11 14:47:07,184 - INFO - 
[3/38] Robe de Mago
2026-05-11 14:47:12,490 - INFO - Robe de Mago 5.0
Preco: 14878 Vendidos: 575
2026-05-11 14:47:15,306 - INFO - Robe de Mago 5.1
Preco: 21996 Vendidos: 189
2026-05-11 14:47:18,126 - INFO - Robe de Mago 5.2
Preco: 68994 Vendidos: 53
2026-05-11 14:47:20,914 - INFO - Robe de Mago 5.3
Preco: 470999 Vendidos: 4
2026-05-11 14:47:25,730 - INFO - Robe de Mago 6.0
Preco: 36990 Vendidos: 539
2026-05-11 14:47:28,551 - INFO - Robe de Mago 6.1
Preco: 64499 Vendidos: 126
2026-05-11 14:47:31,381 - INFO - Robe de Mago 6.2
Preco: 299991 Vendidos: 16
2026-05-11 14:47:34,183 - INFO - Robe de Mago 6.3
Preco: 606967 Vendidos: 5
2026-05-11 14:47:39,003 - INFO - Robe de Mago 7.0
Preco: 97905 Vendidos: 248
2026-05-11 14:47:41,817 - INFO - Robe de Mago 7.1
Preco: 299524 Vendidos: 46
2026-05-11 14:47:44,676 - INFO - Robe de Mago 7.2
Preco: 672968 Vendidos: 6
2026-05-11 14:47:47,476 - INFO - Robe de Mago 7.3
Preco: 2400511 Vendidos: 1
2026-05-11 14:47:52,285 - INFO - Robe de Mago 8.0
Preco: 330980 Vendidos: 14
2026-05-11 14:47:55,079 - INFO - Robe de Mago 8.1
Preco: 612970 Vendidos: 6
2026-05-11 14:47:57,886 - INFO - Robe de Mago 8.2
Preco: 2499969 Vendidos: 0
2026-05-11 14:48:00,677 - INFO - Robe de Mago 8.3
Preco: 6999989 Vendidos: 0
2026-05-11 14:48:01,635 - INFO - 
[4/38] Robe de Druida
2026-05-11 14:48:06,969 - INFO - Robe de Druida 5.0
Preco: 29499 Vendidos: 332
2026-05-11 14:48:09,778 - INFO - Robe de Druida 5.1
Preco: 39095 Vendidos: 115
2026-05-11 14:48:12,555 - INFO - Robe de Druida 5.2
Preco: 72999 Vendidos: 48
2026-05-11 14:48:15,330 - INFO - Robe de Druida 5.3
Preco: 359398 Vendidos: 3
2026-05-11 14:48:20,141 - INFO - Robe de Druida 6.0
Preco: 73499 Vendidos: 490
2026-05-11 14:48:22,938 - INFO - Robe de Druida 6.1
Preco: 113000 Vendidos: 136
2026-05-11 14:48:25,758 - INFO - Robe de Druida 6.2
Preco: 279923 Vendidos: 34
2026-05-11 14:48:28,557 - INFO - Robe de Druida 6.3
Preco: 719971 Vendidos: 6
2026-05-11 14:48:33,389 - INFO - Robe de Druida 7.0
Preco: 121999 Vendidos: 79
2026-05-11 14:48:36,253 - INFO - Robe de Druida 7.1
Preco: 258977 Vendidos: 18
2026-05-11 14:48:39,086 - INFO - Robe de Druida 7.2
Preco: 659978 Vendidos: 9
2026-05-11 14:48:49,907 - INFO - Robe de Druida 7.3
Preco: 2299993 Vendidos: 1
2026-05-11 14:48:54,706 - INFO - Robe de Druida 8.0
Preco: 423996 Vendidos: 47
2026-05-11 14:48:57,504 - INFO - Robe de Druida 8.1
Preco: 1099990 Vendidos: 5
2026-05-11 14:49:01,483 - INFO - Robe de Druida 8.2
Preco: 2599970 Vendidos: 2
2026-05-11 14:49:04,319 - INFO - Robe de Druida 8.3
Preco: 6199999 Vendidos: 0
2026-05-11 14:49:05,268 - INFO - 
[5/38] Casaco de Mercenário
2026-05-11 14:49:10,619 - INFO - Casaco de Mercenário 5.0
Preco: 187600 Vendidos: 1042
2026-05-11 14:49:13,446 - INFO - Casaco de Mercenário 5.1
Preco: 27395 Vendidos: 158
2026-05-11 14:49:16,275 - INFO - Casaco de Mercenário 5.2
Preco: 85688 Vendidos: 9
2026-05-11 14:49:19,094 - INFO - Casaco de Mercenário 5.3
Preco: 333426 Vendidos: 2
2026-05-11 14:49:23,912 - INFO - Casaco de Mercenário 6.0
Preco: 49926 Vendidos: 407
2026-05-11 14:49:26,733 - INFO - Casaco de Mercenário 6.1
Preco: 97660 Vendidos: 63
2026-05-11 14:49:29,527 - INFO - Casaco de Mercenário 6.2
Preco: 299983 Vendidos: 3
2026-05-11 14:49:32,360 - INFO - Casaco de Mercenário 6.3
Preco: 859962 Vendidos: 1
2026-05-11 14:49:37,211 - INFO - Casaco de Mercenário 7.0
Preco: 164589 Vendidos: 85
2026-05-11 14:49:40,102 - INFO - Casaco de Mercenário 7.1
Preco: 336496 Vendidos: 13
2026-05-11 14:49:42,915 - INFO - Casaco de Mercenário 7.2
Preco: 994080 Vendidos: 6
2026-05-11 14:49:45,762 - INFO - Casaco de Mercenário 7.3
Preco: 3095974 Vendidos: 0
2026-05-11 14:49:50,576 - INFO - Casaco de Mercenário 8.0
Preco: 339995 Vendidos: 9
2026-05-11 14:49:53,389 - INFO - Casaco de Mercenário 8.1
Preco: 995986 Vendidos: 3
2026-05-11 14:49:56,210 - INFO - Casaco de Mercenário 8.2
Preco: 2744921 Vendidos: 0
2026-05-11 14:49:59,027 - INFO - Casaco de Mercenário 8.3
Preco: 6999982 Vendidos: 1
2026-05-11 14:49:59,983 - INFO - 
[6/38] Casaco de Caçador
2026-05-11 14:50:06,454 - INFO - Casaco de Caçador 5.0
Preco: 18893 Vendidos: 1106
2026-05-11 14:50:09,283 - INFO - Casaco de Caçador 5.1
Preco: 28868 Vendidos: 160
2026-05-11 14:50:12,095 - INFO - Casaco de Caçador 5.2
Preco: 91997 Vendidos: 12
2026-05-11 14:50:14,914 - INFO - Casaco de Caçador 5.3
Preco: 399999 Vendidos: 1
2026-05-11 14:50:19,739 - INFO - Casaco de Caçador 6.0
Preco: 47189 Vendidos: 508
2026-05-11 14:50:22,555 - INFO - Casaco de Caçador 6.1
Preco: 90371 Vendidos: 95
2026-05-11 14:50:25,345 - INFO - Casaco de Caçador 6.2
Preco: 309997 Vendidos: 16
2026-05-11 14:50:28,184 - INFO - Casaco de Caçador 6.3
Preco: 1095999 Vendidos: 2
2026-05-11 14:50:33,017 - INFO - Casaco de Caçador 7.0
Preco: 164935 Vendidos: 144
2026-05-11 14:50:37,656 - INFO - Casaco de Caçador 7.1
Preco: 328997 Vendidos: 22
2026-05-11 14:50:40,465 - INFO - Casaco de Caçador 7.2
Preco: 996984 Vendidos: 6
2026-05-11 14:50:43,285 - INFO - Casaco de Caçador 7.3
Preco: 3152066 Vendidos: 1
2026-05-11 14:50:48,101 - INFO - Casaco de Caçador 8.0
Preco: 431108 Vendidos: 13
2026-05-11 14:50:50,912 - INFO - Casaco de Caçador 8.1
Preco: 988883 Vendidos: 5
2026-05-11 14:50:53,693 - INFO - Casaco de Caçador 8.2
Preco: 2882000 Vendidos: 1
2026-05-11 14:51:10,610 - WARNING - [ERRO] Não foi possível extrair dados de Casaco de Caçador T8.3
2026-05-11 14:51:10,634 - INFO - Screenshot de falha salvo em screenshots\failures\fail_Casaco de Caçador_T8.3_20260511_145110.png
2026-05-11 14:51:11,582 - INFO - 
[7/38] Casaco de Assassino
2026-05-11 14:51:16,957 - INFO - Casaco de Assassino 5.0
Preco: 18602 Vendidos: 1045
2026-05-11 14:51:19,771 - INFO - Casaco de Assassino 5.1
Preco: 29622 Vendidos: 204
2026-05-11 14:51:22,563 - INFO - Casaco de Assassino 5.2
Preco: 88987 Vendidos: 12
2026-05-11 14:51:25,370 - INFO - Casaco de Assassino 5.3
Preco: 399995 Vendidos: 2
2026-05-11 14:51:30,198 - INFO - Casaco de Assassino 6.0
Preco: 46779 Vendidos: 365
2026-05-11 14:51:33,035 - INFO - Casaco de Assassino 6.1
Preco: 98874 Vendidos: 76
2026-05-11 14:51:35,837 - INFO - Casaco de Assassino 6.2
Preco: 378935 Vendidos: 17
2026-05-11 14:51:38,618 - INFO - Casaco de Assassino 6.3
Preco: 985570 Vendidos: 0
2026-05-11 14:51:43,425 - INFO - Casaco de Assassino 7.0
Preco: 159971 Vendidos: 84
2026-05-11 14:51:46,336 - INFO - Casaco de Assassino 7.1
Preco: 419999 Vendidos: 9
2026-05-11 14:51:49,158 - INFO - Casaco de Assassino 7.2
Preco: 950000 Vendidos: 2
2026-05-11 14:52:05,929 - WARNING - [ERRO] Não foi possível extrair dados de Casaco de Assassino T7.3
2026-05-11 14:52:05,952 - INFO - Screenshot de falha salvo em screenshots\failures\fail_Casaco de Assassino_T7.3_20260511_145205.png
2026-05-11 14:52:10,733 - INFO - Casaco de Assassino 8.0
Preco: 376996 Vendidos: 9
2026-05-11 14:52:13,551 - INFO - Casaco de Assassino 8.1
Preco: 975844 Vendidos: 3
2026-05-11 14:52:16,383 - INFO - Casaco de Assassino 8.2
Preco: 2790972 Vendidos: 2
2026-05-11 14:52:33,123 - INFO - Casaco de Assassino 8.3
Preco: 7387993 Vendidos: 2
2026-05-11 14:52:34,081 - INFO - 
[8/38] Casaco de Espreitador
2026-05-11 14:52:39,415 - INFO - Casaco de Espreitador 5.0
Preco: 23999 Vendidos: 232
2026-05-11 14:52:42,237 - INFO - Casaco de Espreitador 5.1
Preco: 29988 Vendidos: 55
2026-05-11 14:52:45,045 - INFO - Casaco de Espreitador 5.2
Preco: 120000 Vendidos: 2
2026-05-11 14:52:47,855 - INFO - Casaco de Espreitador 5.3
Preco: 459986 Vendidos: 0
2026-05-11 14:52:52,676 - INFO - Casaco de Espreitador 6.0
Preco: 83553 Vendidos: 229
2026-05-11 14:52:55,488 - INFO - Casaco de Espreitador 6.1
Preco: 108498 Vendidos: 25
2026-05-11 14:52:58,287 - INFO - Casaco de Espreitador 6.2
Preco: 299997 Vendidos: 2
2026-05-11 14:53:01,108 - INFO - Casaco de Espreitador 6.3
Preco: 940092 Vendidos: 1
2026-05-11 14:53:05,919 - INFO - Casaco de Espreitador 7.0
Preco: 190650 Vendidos: 51
2026-05-11 14:53:08,729 - INFO - Casaco de Espreitador 7.1
Preco: 364998 Vendidos: 13
2026-05-11 14:53:25,311 - INFO - Casaco de Espreitador 7.2
Preco: 1395981 Vendidos: 0
2026-05-11 14:53:28,164 - INFO - Casaco de Espreitador 7.3
Preco: 2998986 Vendidos: 0
2026-05-11 14:53:32,994 - INFO - Casaco de Espreitador 8.0
Preco: 513999 Vendidos: 7
2026-05-11 14:53:35,787 - INFO - Casaco de Espreitador 8.1
Preco: 1150000 Vendidos: 2
2026-05-11 14:53:38,611 - INFO - Casaco de Espreitador 8.2
Preco: 3078997 Vendidos: 0
2026-05-11 14:53:41,400 - INFO - Casaco de Espreitador 8.3
Preco: 7999997 Vendidos: 0
2026-05-11 14:53:42,347 - INFO - 
[9/38] Armadura de Soldado
2026-05-11 14:53:47,676 - INFO - Armadura de Soldado 5.0
Preco: 19439 Vendidos: 883
2026-05-11 14:53:50,471 - INFO - Armadura de Soldado 5.1
Preco: 25974 Vendidos: 144
2026-05-11 14:53:53,252 - INFO - Armadura de Soldado 5.2
Preco: 94995 Vendidos: 12
2026-05-11 14:53:56,099 - INFO - Armadura de Soldado 5.3
Preco: 400000 Vendidos: 5
2026-05-11 14:54:00,925 - INFO - Armadura de Soldado 6.0
Preco: 42989 Vendidos: 609
2026-05-11 14:54:03,755 - INFO - Armadura de Soldado 6.1
Preco: 82996 Vendidos: 145
2026-05-11 14:54:06,553 - INFO - Armadura de Soldado 6.2
Preco: 328888 Vendidos: 11
2026-05-11 14:54:09,365 - INFO - Armadura de Soldado 6.3
Preco: 1043998 Vendidos: 3
2026-05-11 14:54:14,157 - INFO - Armadura de Soldado 7.0
Preco: 98535 Vendidos: 235
2026-05-11 14:54:16,988 - INFO - Armadura de Soldado 7.1
Preco: 279999 Vendidos: 23
2026-05-11 14:54:19,782 - INFO - Armadura de Soldado 7.2
Preco: 1178886 Vendidos: 3
2026-05-11 14:54:22,599 - INFO - Armadura de Soldado 7.3
Preco: 2398874 Vendidos: 2
2026-05-11 14:54:27,402 - INFO - Armadura de Soldado 8.0
Preco: 293985 Vendidos: 19
2026-05-11 14:54:30,221 - INFO - Armadura de Soldado 8.1
Preco: 977758 Vendidos: 7
2026-05-11 14:54:33,031 - INFO - Armadura de Soldado 8.2
Preco: 2629944 Vendidos: 0
2026-05-11 14:54:35,820 - INFO - Armadura de Soldado 8.3
Preco: 5638829 Vendidos: 2
2026-05-11 14:54:36,779 - INFO - 
[10/38] Armadura de Cavaleiro
2026-05-11 14:54:42,132 - INFO - Armadura de Cavaleiro 5.0
Preco: 18981 Vendidos: 854
2026-05-11 14:54:44,955 - INFO - Armadura de Cavaleiro 5.1
Preco: 31996 Vendidos: 201
2026-05-11 14:54:47,792 - INFO - Armadura de Cavaleiro 5.2
Preco: 103102 Vendidos: 33
2026-05-11 14:54:54,971 - INFO - Armadura de Cavaleiro 5.3
Preco: 400000 Vendidos: 3
2026-05-11 14:54:59,783 - INFO - Armadura de Cavaleiro 6.0
Preco: 39759 Vendidos: 670
2026-05-11 14:55:02,607 - INFO - Armadura de Cavaleiro 6.1
Preco: 80846 Vendidos: 114
2026-05-11 14:55:05,407 - INFO - Armadura de Cavaleiro 6.2
Preco: 316664 Vendidos: 7
2026-05-11 14:55:08,219 - INFO - Armadura de Cavaleiro 6.3
Preco: 1009989 Vendidos: 2
2026-05-11 14:55:13,021 - INFO - Armadura de Cavaleiro 7.0
Preco: 95992 Vendidos: 238
2026-05-11 14:55:15,841 - INFO - Armadura de Cavaleiro 7.1
Preco: 308887 Vendidos: 10
2026-05-11 14:55:18,675 - INFO - Armadura de Cavaleiro 7.2
Preco: 1000000 Vendidos: 3
2026-05-11 14:55:21,470 - INFO - Armadura de Cavaleiro 7.3
Preco: 2708975 Vendidos: 1
2026-05-11 14:55:26,275 - INFO - Armadura de Cavaleiro 8.0
Preco: 284895 Vendidos: 7
2026-05-11 14:55:29,068 - INFO - Armadura de Cavaleiro 8.1
Preco: 838970 Vendidos: 0
2026-05-11 14:55:31,890 - INFO - Armadura de Cavaleiro 8.2
Preco: 2399274 Vendidos: 0
2026-05-11 14:55:34,719 - INFO - Armadura de Cavaleiro 8.3
Preco: 6249989 Vendidos: 0
2026-05-11 14:55:35,663 - INFO - 
[11/38] Armadura de Guardião
2026-05-11 14:55:42,136 - INFO - Armadura de Guardião 5.0
Preco: 16947 Vendidos: 1147
2026-05-11 14:55:44,962 - INFO - Armadura de Guardião 5.1
Preco: 27743 Vendidos: 204
2026-05-11 14:55:47,772 - INFO - Armadura de Guardião 5.2
Preco: 92888 Vendidos: 16
2026-05-11 14:55:50,590 - INFO - Armadura de Guardião 5.3
Preco: 400000 Vendidos: 5
2026-05-11 14:55:55,402 - INFO - Armadura de Guardião 6.0
Preco: 39869 Vendidos: 540
2026-05-11 14:55:58,216 - INFO - Armadura de Guardião 6.1
Preco: 79981 Vendidos: 112
2026-05-11 14:56:01,038 - INFO - Armadura de Guardião 6.2
Preco: 387383 Vendidos: 6
2026-05-11 14:56:03,838 - INFO - Armadura de Guardião 6.3
Preco: 985927 Vendidos: 4
2026-05-11 14:56:08,684 - INFO - Armadura de Guardião 7.0
Preco: 92198 Vendidos: 182
2026-05-11 14:56:11,493 - INFO - Armadura de Guardião 7.1
Preco: 290000 Vendidos: 16
2026-05-11 14:56:14,289 - INFO - Armadura de Guardião 7.2
Preco: 1000000 Vendidos: 0
2026-05-11 14:56:17,119 - INFO - Armadura de Guardião 7.3
Preco: 2749999 Vendidos: 1
2026-05-11 14:56:21,933 - INFO - Armadura de Guardião 8.0
Preco: 333997 Vendidos: 11
2026-05-11 14:56:24,747 - INFO - Armadura de Guardião 8.1
Preco: 1000000 Vendidos: 7
2026-05-11 14:56:41,056 - INFO - Armadura de Guardião 8.2
Preco: 2749998 Vendidos: 1
2026-05-11 14:56:43,870 - INFO - Armadura de Guardião 8.3
Preco: 6449000 Vendidos: 2
2026-05-11 14:56:44,828 - INFO - 
[12/38] Armadura de Guarda-tumbas
2026-05-11 14:56:50,162 - INFO - Armadura de Guarda-tumbas 5.0
Preco: 21500 Vendidos: 248
2026-05-11 14:56:52,990 - INFO - Armadura de Guarda-tumbas 5.1
Preco: 36995 Vendidos: 75
2026-05-11 14:56:55,789 - INFO - Armadura de Guarda-tumbas 5.2
Preco: 144935 Vendidos: 6
2026-05-11 14:56:58,609 - INFO - Armadura de Guarda-tumbas 5.3
Preco: 449996 Vendidos: 2
2026-05-11 14:57:03,424 - INFO - Armadura de Guarda-tumbas 6.0
Preco: 59499 Vendidos: 268
2026-05-11 14:57:06,243 - INFO - Armadura de Guarda-tumbas 6.1
Preco: 103979 Vendidos: 60
2026-05-11 14:57:09,034 - INFO - Armadura de Guarda-tumbas 6.2
Preco: 398388 Vendidos: 3
2026-05-11 14:57:11,854 - INFO - Armadura de Guarda-tumbas 6.3
Preco: 949999 Vendidos: 3
2026-05-11 14:57:30,742 - INFO - Armadura de Guarda-tumbas 7.0
Preco: 123908 Vendidos: 68
2026-05-11 14:57:33,565 - INFO - Armadura de Guarda-tumbas 7.1
Preco: 364999 Vendidos: 17
2026-05-11 14:57:36,346 - INFO - Armadura de Guarda-tumbas 7.2
Preco: 1068986 Vendidos: 1
2026-05-11 14:57:39,171 - INFO - Armadura de Guarda-tumbas 7.3
Preco: 2949986 Vendidos: 0
2026-05-11 14:57:43,994 - INFO - Armadura de Guarda-tumbas 8.0
Preco: 430000 Vendidos: 27
2026-05-11 14:57:46,816 - INFO - Armadura de Guarda-tumbas 8.1
Preco: 1158997 Vendidos: 0
2026-05-11 14:57:49,630 - INFO - Armadura de Guarda-tumbas 8.2
Preco: 3489996 Vendidos: 1
2026-05-11 14:57:52,451 - INFO - Armadura de Guarda-tumbas 8.3
Preco: 5150000 Vendidos: 0
2026-05-11 14:57:53,410 - INFO - 
[13/38] Capote de Erudito
2026-05-11 14:57:58,736 - INFO - Capote de Erudito 5.0
Preco: 8725 Vendidos: 623
2026-05-11 14:58:01,537 - INFO - Capote de Erudito 5.1
Preco: 192890 Vendidos: 428
2026-05-11 14:58:04,320 - INFO - Capote de Erudito 5.2
Preco: 37569 Vendidos: 19
2026-05-11 14:58:07,146 - INFO - Capote de Erudito 5.3
Preco: 136999 Vendidos: 1
2026-05-11 14:58:11,950 - INFO - Capote de Erudito 6.0
Preco: 19987 Vendidos: 392
2026-05-11 14:58:14,752 - INFO - Capote de Erudito 6.1
Preco: 34987 Vendidos: 117
2026-05-11 14:58:17,561 - INFO - Capote de Erudito 6.2
Preco: 132222 Vendidos: 10
2026-05-11 14:58:20,377 - INFO - Capote de Erudito 6.3
Preco: 304997 Vendidos: 1
2026-05-11 14:58:31,261 - INFO - Capote de Erudito 7.0
Preco: 51981 Vendidos: 133
2026-05-11 14:58:34,060 - INFO - Capote de Erudito 7.1
Preco: 136000 Vendidos: 38
2026-05-11 14:58:36,875 - INFO - Capote de Erudito 7.2
Preco: 499497 Vendidos: 1
2026-05-11 14:58:39,696 - INFO - Capote de Erudito 7.3
Preco: 1227929 Vendidos: 1
2026-05-11 14:58:46,238 - INFO - Capote de Erudito 8.0
Preco: 165939 Vendidos: 4
2026-05-11 14:58:49,060 - INFO - Capote de Erudito 8.1
Preco: 341979 Vendidos: 4
2026-05-11 14:58:51,868 - INFO - Capote de Erudito 8.2
Preco: 1100998 Vendidos: 0
2026-05-11 14:58:54,680 - INFO - Capote de Erudito 8.3
Preco: 2999000 Vendidos: 0
2026-05-11 14:58:55,626 - INFO - 
[14/38] Capote de Clérigo
2026-05-11 14:59:00,929 - INFO - Capote de Clérigo 5.0
Preco: 9490 Vendidos: 625
2026-05-11 14:59:03,735 - INFO - Capote de Clérigo 5.1
Preco: 16477 Vendidos: 200
2026-05-11 14:59:06,518 - INFO - Capote de Clérigo 5.2
Preco: 34999 Vendidos: 74
2026-05-11 14:59:09,299 - INFO - Capote de Clérigo 5.3
Preco: 167913 Vendidos: 3
2026-05-11 14:59:14,101 - INFO - Capote de Clérigo 6.0
Preco: 22525 Vendidos: 601
2026-05-11 14:59:16,923 - INFO - Capote de Clérigo 6.1
Preco: 38988 Vendidos: 58
2026-05-11 14:59:19,764 - INFO - Capote de Clérigo 6.2
Preco: 142222 Vendidos: 11
2026-05-11 14:59:22,555 - INFO - Capote de Clérigo 6.3
Preco: 409993 Vendidos: 5
2026-05-11 14:59:27,361 - INFO - Capote de Clérigo 7.0
Preco: 49996 Vendidos: 118
2026-05-11 14:59:30,171 - INFO - Capote de Clérigo 7.1
Preco: 154999 Vendidos: 22
2026-05-11 14:59:33,018 - INFO - Capote de Clérigo 7.2
Preco: 454706 Vendidos: 2
2026-05-11 14:59:35,817 - INFO - Capote de Clérigo 7.3
Preco: 1308728 Vendidos: 2
2026-05-11 14:59:40,612 - INFO - Capote de Clérigo 8.0
Preco: 221105 Vendidos: 7
2026-05-11 14:59:43,394 - INFO - Capote de Clérigo 8.1
Preco: 386991 Vendidos: 3
2026-05-11 14:59:46,237 - INFO - Capote de Clérigo 8.2
Preco: 1099978 Vendidos: 2
2026-05-11 14:59:49,109 - INFO - Capote de Clérigo 8.3
Preco: 2729822 Vendidos: 2
2026-05-11 14:59:50,051 - INFO - 
[15/38] Capote de Mago
2026-05-11 14:59:55,338 - INFO - Capote de Mago 5.0
Preco: 10455 Vendidos: 750
2026-05-11 14:59:58,134 - INFO - Capote de Mago 5.1
Preco: 16821 Vendidos: 130
2026-05-11 15:00:00,923 - INFO - Capote de Mago 5.2
Preco: 38999 Vendidos: 22
2026-05-11 15:00:03,720 - INFO - Capote de Mago 5.3
Preco: 199895 Vendidos: 5
2026-05-11 15:00:08,524 - INFO - Capote de Mago 6.0
Preco: 23485 Vendidos: 342
2026-05-11 15:00:11,336 - INFO - Capote de Mago 6.1
Preco: 38985 Vendidos: 108
2026-05-11 15:00:14,171 - INFO - Capote de Mago 6.2
Preco: 146444 Vendidos: 8
2026-05-11 15:00:17,010 - INFO - Capote de Mago 6.3
Preco: 436425 Vendidos: 2
2026-05-11 15:00:21,807 - INFO - Capote de Mago 7.0
Preco: 46769 Vendidos: 119
2026-05-11 15:00:24,621 - INFO - Capote de Mago 7.1
Preco: 143987 Vendidos: 27
2026-05-11 15:00:27,440 - INFO - Capote de Mago 7.2
Preco: 354868 Vendidos: 5
2026-05-11 15:00:30,244 - INFO - Capote de Mago 7.3
Preco: 1289984 Vendidos: 0
2026-05-11 15:00:35,035 - INFO - Capote de Mago 8.0
Preco: 178873 Vendidos: 12
2026-05-11 15:00:37,877 - INFO - Capote de Mago 8.1
Preco: 325000 Vendidos: 7
2026-05-11 15:00:40,705 - INFO - Capote de Mago 8.2
Preco: 1299929 Vendidos: 0
2026-05-11 15:00:43,534 - INFO - Capote de Mago 8.3
Preco: 2999992 Vendidos: 1
2026-05-11 15:00:44,493 - INFO - 
[16/38] Capote de Druida
2026-05-11 15:00:50,957 - INFO - Capote de Druida 5.0
Preco: 155530 Vendidos: 322
2026-05-11 15:00:53,756 - INFO - Capote de Druida 5.1
Preco: 22983 Vendidos: 32
2026-05-11 15:00:56,564 - INFO - Capote de Druida 5.2
Preco: 54989 Vendidos: 11
2026-05-11 15:00:59,367 - INFO - Capote de Druida 5.3
Preco: 174082 Vendidos: 0
2026-05-11 15:01:04,178 - INFO - Capote de Druida 6.0
Preco: 40997 Vendidos: 240
2026-05-11 15:01:06,992 - INFO - Capote de Druida 6.1
Preco: 79000 Vendidos: 15
2026-05-11 15:01:09,781 - INFO - Capote de Druida 6.2
Preco: 184997 Vendidos: 1
2026-05-11 15:01:12,586 - INFO - Capote de Druida 6.3
Preco: 380777 Vendidos: 2
2026-05-11 15:01:17,418 - INFO - Capote de Druida 7.0
Preco: 72000 Vendidos: 47
2026-05-11 15:01:20,209 - INFO - Capote de Druida 7.1
Preco: 220000 Vendidos: 3
2026-05-11 15:01:23,031 - INFO - Capote de Druida 7.2
Preco: 477990 Vendidos: 0
2026-05-11 15:01:25,859 - INFO - Capote de Druida 7.3
Preco: 1354320 Vendidos: 0
2026-05-11 15:01:30,651 - INFO - Capote de Druida 8.0
Preco: 394000 Vendidos: 5
2026-05-11 15:01:46,948 - INFO - Capote de Druida 8.1
Preco: 409590 Vendidos: 2
2026-05-11 15:01:49,750 - INFO - Capote de Druida 8.2
Preco: 1697000 Vendidos: 0
2026-05-11 15:02:22,567 - WARNING - OCR de quantidade vazio: '—\n'
2026-05-11 15:02:22,568 - WARNING - [ERRO] Não foi possível extrair dados de Capote de Druida T8.3
2026-05-11 15:02:22,590 - INFO - Screenshot de falha salvo em screenshots\failures\fail_Capote de Druida_T8.3_20260511_150222.png
2026-05-11 15:02:23,541 - INFO - 
[17/38] Capuz de Mercenário
2026-05-11 15:02:28,861 - INFO - Capuz de Mercenário 5.0
Preco: 9736 Vendidos: 997
2026-05-11 15:02:31,704 - INFO - Capuz de Mercenário 5.1
Preco: 15297 Vendidos: 188
2026-05-11 15:02:34,539 - INFO - Capuz de Mercenário 5.2
Preco: 44273 Vendidos: 24
2026-05-11 15:02:37,388 - INFO - Capuz de Mercenário 5.3
Preco: 198987 Vendidos: 5
2026-05-11 15:02:42,200 - INFO - Capuz de Mercenário 6.0
Preco: 26849 Vendidos: 326
2026-05-11 15:02:45,037 - INFO - Capuz de Mercenário 6.1
Preco: 47951 Vendidos: 57
2026-05-11 15:02:47,870 - INFO - Capuz de Mercenário 6.2
Preco: 164995 Vendidos: 8
2026-05-11 15:02:50,694 - INFO - Capuz de Mercenário 6.3
Preco: 489000 Vendidos: 1
2026-05-11 15:02:55,501 - INFO - Capuz de Mercenário 7.0
Preco: 74973 Vendidos: 116
2026-05-11 15:02:58,319 - INFO - Capuz de Mercenário 7.1
Preco: 180607 Vendidos: 10
2026-05-11 15:03:01,158 - INFO - Capuz de Mercenário 7.2
Preco: 445000 Vendidos: 3
2026-05-11 15:03:03,976 - INFO - Capuz de Mercenário 7.3
Preco: 1589899 Vendidos: 0
2026-05-11 15:03:08,815 - INFO - Capuz de Mercenário 8.0
Preco: 185000 Vendidos: 9
2026-05-11 15:03:11,624 - INFO - Capuz de Mercenário 8.1
Preco: 452222 Vendidos: 6
2026-05-11 15:03:14,412 - INFO - Capuz de Mercenário 8.2
Preco: 1490916 Vendidos: 1
2026-05-11 15:03:17,257 - INFO - Capuz de Mercenário 8.3
Preco: 3198993 Vendidos: 1
2026-05-11 15:03:18,207 - INFO - 
[18/38] Capuz de Caçador
2026-05-11 15:03:23,524 - INFO - Capuz de Caçador 5.0
Preco: 12487 Vendidos: 1449
2026-05-11 15:03:26,356 - INFO - Capuz de Caçador 5.1
Preco: 1192 Vendidos: 479
2026-05-11 15:03:29,170 - INFO - Capuz de Caçador 5.2
Preco: 44993 Vendidos: 91
2026-05-11 15:03:45,808 - INFO - Capuz de Caçador 5.3
Preco: 191999 Vendidos: 4
2026-05-11 15:03:50,609 - INFO - Capuz de Caçador 6.0
Preco: 27797 Vendidos: 1335
2026-05-11 15:03:53,419 - INFO - Capuz de Caçador 6.1
Preco: 53882 Vendidos: 413
2026-05-11 15:03:56,264 - INFO - Capuz de Caçador 6.2
Preco: 176666 Vendidos: 83
2026-05-11 15:03:59,089 - INFO - Capuz de Caçador 6.3
Preco: 479997 Vendidos: 9
2026-05-11 15:04:03,919 - INFO - Capuz de Caçador 7.0
Preco: 88998 Vendidos: 432
2026-05-11 15:04:06,749 - INFO - Capuz de Caçador 7.1
Preco: 180500 Vendidos: 92
2026-05-11 15:04:09,566 - INFO - Capuz de Caçador 7.2
Preco: 494961 Vendidos: 24
2026-05-11 15:04:12,378 - INFO - Capuz de Caçador 7.3
Preco: 1598862 Vendidos: 0
2026-05-11 15:04:17,224 - INFO - Capuz de Caçador 8.0
Preco: 179969 Vendidos: 168
2026-05-11 15:04:20,049 - INFO - Capuz de Caçador 8.1
Preco: 578887 Vendidos: 29
2026-05-11 15:04:22,863 - INFO - Capuz de Caçador 8.2
Preco: 1607171 Vendidos: 3
2026-05-11 15:04:25,665 - INFO - Capuz de Caçador 8.3
Preco: 3758851 Vendidos: 0
2026-05-11 15:04:26,622 - INFO - 
[19/38] Capuz de Assassino
2026-05-11 15:04:31,953 - INFO - Capuz de Assassino 5.0
Preco: 9146 Vendidos: 2305
2026-05-11 15:04:34,780 - INFO - Capuz de Assassino 5.1
Preco: 13066 Vendidos: 992
2026-05-11 15:04:37,624 - INFO - Capuz de Assassino 5.2
Preco: 43514 Vendidos: 95
2026-05-11 15:04:40,438 - INFO - Capuz de Assassino 5.3
Preco: 159129 Vendidos: 15
2026-05-11 15:04:45,282 - INFO - Capuz de Assassino 6.0
Preco: 26542 Vendidos: 1548
2026-05-11 15:04:48,123 - INFO - Capuz de Assassino 6.1
Preco: 48819 Vendidos: 485
2026-05-11 15:04:50,955 - INFO - Capuz de Assassino 6.2
Preco: 183171 Vendidos: 69
2026-05-11 15:04:53,771 - INFO - Capuz de Assassino 6.3
Preco: 493982 Vendidos: 12
2026-05-11 15:04:58,576 - INFO - Capuz de Assassino 7.0
Preco: 88992 Vendidos: 428
2026-05-11 15:05:01,420 - INFO - Capuz de Assassino 7.1
Preco: 159966 Vendidos: 107
2026-05-11 15:05:04,249 - INFO - Capuz de Assassino 7.2
Preco: 533994 Vendidos: 13
2026-05-11 15:05:07,105 - INFO - Capuz de Assassino 7.3
Preco: 1620997 Vendidos: 2
2026-05-11 15:05:11,924 - INFO - Capuz de Assassino 8.0
Preco: 189262 Vendidos: 196
2026-05-11 15:05:14,756 - INFO - Capuz de Assassino 8.1
Preco: 478980 Vendidos: 27
2026-05-11 15:05:17,607 - INFO - Capuz de Assassino 8.2
Preco: 1406615 Vendidos: 0
2026-05-11 15:05:20,415 - INFO - Capuz de Assassino 8.3
Preco: 3248784 Vendidos: 0
2026-05-11 15:05:21,359 - INFO - 
[20/38] Capuz de Espreitador
2026-05-11 15:05:29,586 - INFO - Capuz de Espreitador 5.0
Preco: 17777 Vendidos: 99
2026-05-11 15:05:32,430 - INFO - Capuz de Espreitador 5.1
Preco: 22992 Vendidos: 12
2026-05-11 15:05:35,245 - INFO - Capuz de Espreitador 5.2
Preco: 53800 Vendidos: 6
2026-05-11 15:05:38,066 - INFO - Capuz de Espreitador 5.3
Preco: 229995 Vendidos: 0
2026-05-11 15:05:42,889 - INFO - Capuz de Espreitador 6.0
Preco: 45999 Vendidos: 205
2026-05-11 15:05:45,792 - INFO - Capuz de Espreitador 6.1
Preco: 81000 Vendidos: 24
2026-05-11 15:05:48,609 - INFO - Capuz de Espreitador 6.2
Preco: 182906 Vendidos: 1
2026-05-11 15:05:51,406 - INFO - Capuz de Espreitador 6.3
Preco: 525000 Vendidos: 2
2026-05-11 15:05:56,201 - INFO - Capuz de Espreitador 7.0
Preco: 109997 Vendidos: 29
2026-05-11 15:05:59,043 - INFO - Capuz de Espreitador 7.1
Preco: 186180 Vendidos: 2
2026-05-11 15:06:01,890 - INFO - Capuz de Espreitador 7.2
Preco: 604998 Vendidos: 1
2026-05-11 15:06:04,738 - INFO - Capuz de Espreitador 7.3
Preco: 1589989 Vendidos: 0
2026-05-11 15:06:09,583 - INFO - Capuz de Espreitador 8.0
Preco: 376983 Vendidos: 0
2026-05-11 15:06:25,966 - INFO - Capuz de Espreitador 8.1
Preco: 586996 Vendidos: 0
2026-05-11 15:06:28,760 - INFO - Capuz de Espreitador 8.2
Preco: 1759987 Vendidos: 0
2026-05-11 15:06:31,564 - INFO - Capuz de Espreitador 8.3
Preco: 3639777 Vendidos: 0
2026-05-11 15:06:32,521 - INFO - 
[21/38] Elmo de Soldado
2026-05-11 15:06:39,002 - INFO - Elmo de Soldado 5.0
Preco: 6975 Vendidos: 1092
2026-05-11 15:06:41,833 - INFO - Elmo de Soldado 5.1
Preco: 10863 Vendidos: 346
2026-05-11 15:06:44,646 - INFO - Elmo de Soldado 5.2
Preco: 44925 Vendidos: 31
2026-05-11 15:06:47,469 - INFO - Elmo de Soldado 5.3
Preco: 164591 Vendidos: 3
2026-05-11 15:06:52,284 - INFO - Elmo de Soldado 6.0
Preco: 15185 Vendidos: 537
2026-05-11 15:07:09,310 - INFO - Elmo de Soldado 6.1
Preco: 40690 Vendidos: 60
2026-05-11 15:07:12,131 - INFO - Elmo de Soldado 6.2
Preco: 159987 Vendidos: 8
2026-05-11 15:07:28,348 - INFO - Elmo de Soldado 6.3
Preco: 499913 Vendidos: 1
2026-05-11 15:07:33,154 - INFO - Elmo de Soldado 7.0
Preco: 56890 Vendidos: 145
2026-05-11 15:07:35,963 - INFO - Elmo de Soldado 7.1
Preco: 199880 Vendidos: 13
2026-05-11 15:07:38,798 - INFO - Elmo de Soldado 7.2
Preco: 540000 Vendidos: 3
2026-05-11 15:07:41,596 - INFO - Elmo de Soldado 7.3
Preco: 1549993 Vendidos: 0
2026-05-11 15:07:46,428 - INFO - Elmo de Soldado 8.0
Preco: 121980 Vendidos: 15
2026-05-11 15:07:49,242 - INFO - Elmo de Soldado 8.1
Preco: 449746 Vendidos: 2
2026-05-11 15:07:52,081 - INFO - Elmo de Soldado 8.2
Preco: 1547995 Vendidos: 2
2026-05-11 15:08:08,703 - INFO - Elmo de Soldado 8.3
Preco: 3610000 Vendidos: 0
2026-05-11 15:08:09,654 - INFO - 
[22/38] Elmo de Cavaleiro
2026-05-11 15:08:14,974 - INFO - Elmo de Cavaleiro 5.0
Preco: 7593 Vendidos: 896
2026-05-11 15:08:17,808 - INFO - Elmo de Cavaleiro 5.1
Preco: 10762 Vendidos: 351
2026-05-11 15:08:20,613 - INFO - Elmo de Cavaleiro 5.2
Preco: 48398 Vendidos: 33
2026-05-11 15:08:23,420 - INFO - Elmo de Cavaleiro 5.3
Preco: 209992 Vendidos: 1
2026-05-11 15:08:28,252 - INFO - Elmo de Cavaleiro 6.0
Preco: 16919 Vendidos: 664
2026-05-11 15:08:31,094 - INFO - Elmo de Cavaleiro 6.1
Preco: 39993 Vendidos: 149
2026-05-11 15:08:33,903 - INFO - Elmo de Cavaleiro 6.2
Preco: 178888 Vendidos: 10
2026-05-11 15:08:36,735 - INFO - Elmo de Cavaleiro 6.3
Preco: 528998 Vendidos: 1
2026-05-11 15:08:41,555 - INFO - Elmo de Cavaleiro 7.0
Preco: 57941 Vendidos: 194
2026-05-11 15:08:44,360 - INFO - Elmo de Cavaleiro 7.1
Preco: 145143 Vendidos: 26
2026-05-11 15:08:47,188 - INFO - Elmo de Cavaleiro 7.2
Preco: 578946 Vendidos: 1
2026-05-11 15:08:49,996 - INFO - Elmo de Cavaleiro 7.3
Preco: 1579999 Vendidos: 1
2026-05-11 15:08:54,807 - INFO - Elmo de Cavaleiro 8.0
Preco: 135548 Vendidos: 12
2026-05-11 15:08:57,634 - INFO - Elmo de Cavaleiro 8.1
Preco: 432213 Vendidos: 1
2026-05-11 15:09:00,464 - INFO - Elmo de Cavaleiro 8.2
Preco: 1279999 Vendidos: 3
2026-05-11 15:09:03,285 - INFO - Elmo de Cavaleiro 8.3
Preco: 2719999 Vendidos: 1
2026-05-11 15:09:04,236 - INFO - 
[23/38] Elmo de Guardião
2026-05-11 15:09:09,563 - INFO - Elmo de Guardião 5.0
Preco: 6974 Vendidos: 659
2026-05-11 15:09:26,354 - INFO - Elmo de Guardião 5.1
Preco: 11596 Vendidos: 327
2026-05-11 15:09:29,176 - INFO - Elmo de Guardião 5.2
Preco: 48888 Vendidos: 19
2026-05-11 15:09:32,006 - INFO - Elmo de Guardião 5.3
Preco: 199929 Vendidos: 0
2026-05-11 15:09:36,829 - INFO - Elmo de Guardião 6.0
Preco: 19265 Vendidos: 500
2026-05-11 15:09:39,666 - INFO - Elmo de Guardião 6.1
Preco: 45929 Vendidos: 45
2026-05-11 15:09:42,454 - INFO - Elmo de Guardião 6.2
Preco: 159992 Vendidos: 14
2026-05-11 15:09:46,632 - INFO - Elmo de Guardião 6.3
Preco: 487746 Vendidos: 0
2026-05-11 15:09:51,531 - INFO - Elmo de Guardião 7.0
Preco: 58575 Vendidos: 150
2026-05-11 15:09:54,320 - INFO - Elmo de Guardião 7.1
Preco: 160979 Vendidos: 16
2026-05-11 15:09:57,121 - INFO - Elmo de Guardião 7.2
Preco: 599908 Vendidos: 1
2026-05-11 15:09:59,946 - INFO - Elmo de Guardião 7.3
Preco: 1399787 Vendidos: 3
2026-05-11 15:10:04,764 - INFO - Elmo de Guardião 8.0
Preco: 134916 Vendidos: 15
2026-05-11 15:10:07,601 - INFO - Elmo de Guardião 8.1
Preco: 518888 Vendidos: 3
2026-05-11 15:10:10,438 - INFO - Elmo de Guardião 8.2
Preco: 1335881 Vendidos: 2
2026-05-11 15:10:13,236 - INFO - Elmo de Guardião 8.3
Preco: 3991868 Vendidos: 0
2026-05-11 15:10:14,184 - INFO - 
[24/38] Elmo de Guarda-tumbas
2026-05-11 15:10:22,477 - INFO - Elmo de Guarda-tumbas 5.0
Preco: 11872 Vendidos: 494
2026-05-11 15:10:25,278 - INFO - Elmo de Guarda-tumbas 5.1
Preco: 15793 Vendidos: 32
2026-05-11 15:10:28,104 - INFO - Elmo de Guarda-tumbas 5.2
Preco: 40495 Vendidos: 18
2026-05-11 15:10:30,906 - INFO - Elmo de Guarda-tumbas 5.3
Preco: 399991 Vendidos: 0
2026-05-11 15:10:35,719 - INFO - Elmo de Guarda-tumbas 6.0
Preco: 31493 Vendidos: 319
2026-05-11 15:10:38,576 - INFO - Elmo de Guarda-tumbas 6.1
Preco: 53991 Vendidos: 40
2026-05-11 15:10:41,374 - INFO - Elmo de Guarda-tumbas 6.2
Preco: 195998 Vendidos: 1
2026-05-11 15:10:58,024 - INFO - Elmo de Guarda-tumbas 6.3
Preco: 503979 Vendidos: 0
2026-05-11 15:11:02,878 - INFO - Elmo de Guarda-tumbas 7.0
Preco: 67986 Vendidos: 56
2026-05-11 15:11:05,703 - INFO - Elmo de Guarda-tumbas 7.1
Preco: 160000 Vendidos: 13
2026-05-11 15:11:08,520 - INFO - Elmo de Guarda-tumbas 7.2
Preco: 599878 Vendidos: 1
2026-05-11 15:11:11,335 - INFO - Elmo de Guarda-tumbas 7.3
Preco: 1498970 Vendidos: 0
2026-05-11 15:11:16,142 - INFO - Elmo de Guarda-tumbas 8.0
Preco: 297996 Vendidos: 5
2026-05-11 15:11:18,953 - INFO - Elmo de Guarda-tumbas 8.1
Preco: 640000 Vendidos: 5
2026-05-11 15:11:21,784 - INFO - Elmo de Guarda-tumbas 8.2
Preco: 1419980 Vendidos: 2
2026-05-11 15:11:24,593 - INFO - Elmo de Guarda-tumbas 8.3
Preco: 2499979 Vendidos: 0
2026-05-11 15:11:25,551 - INFO - 
[25/38] Sandálias de Erudito
2026-05-11 15:11:30,869 - INFO - Sandálias de Erudito 5.0
Preco: 8533 Vendidos: 592
2026-05-11 15:11:47,993 - INFO - Sandálias de Erudito 5.1
Preco: 17516 Vendidos: 140
2026-05-11 15:11:50,808 - INFO - Sandálias de Erudito 5.2
Preco: 43498 Vendidos: 3
2026-05-11 15:11:53,639 - INFO - Sandálias de Erudito 5.3
Preco: 161000 Vendidos: 4
2026-05-11 15:11:58,447 - INFO - Sandálias de Erudito 6.0
Preco: 25982 Vendidos: 342
2026-05-11 15:12:01,285 - INFO - Sandálias de Erudito 6.1
Preco: 40937 Vendidos: 84
2026-05-11 15:12:04,117 - INFO - Sandálias de Erudito 6.2
Preco: 156666 Vendidos: 16
2026-05-11 15:12:06,952 - INFO - Sandálias de Erudito 6.3
Preco: 429996 Vendidos: 4
2026-05-11 15:12:11,768 - INFO - Sandálias de Erudito 7.0
Preco: 51980 Vendidos: 126
2026-05-11 15:12:14,597 - INFO - Sandálias de Erudito 7.1
Preco: 136998 Vendidos: 15
2026-05-11 15:12:17,441 - INFO - Sandálias de Erudito 7.2
Preco: 456999 Vendidos: 3
2026-05-11 15:12:34,484 - INFO - Sandálias de Erudito 7.3
Preco: 1389995 Vendidos: 1
2026-05-11 15:12:39,269 - INFO - Sandálias de Erudito 8.0
Preco: 160996 Vendidos: 7
2026-05-11 15:12:42,093 - INFO - Sandálias de Erudito 8.1
Preco: 380863 Vendidos: 7
2026-05-11 15:12:44,911 - INFO - Sandálias de Erudito 8.2
Preco: 1279000 Vendidos: 3
2026-05-11 15:12:47,756 - INFO - Sandálias de Erudito 8.3
Preco: 3759000 Vendidos: 0
2026-05-11 15:12:48,699 - INFO - 
[26/38] Sandálias de Clérigo
2026-05-11 15:12:55,139 - INFO - Sandálias de Clérigo 5.0
Preco: 8452 Vendidos: 591
2026-05-11 15:12:57,930 - INFO - Sandálias de Clérigo 5.1
Preco: 19848 Vendidos: 87
2026-05-11 15:13:09,292 - INFO - Sandálias de Clérigo 5.2
Preco: 47000 Vendidos: 45
2026-05-11 15:13:12,103 - INFO - Sandálias de Clérigo 5.3
Preco: 154997 Vendidos: 1
2026-05-11 15:13:16,949 - INFO - Sandálias de Clérigo 6.0
Preco: 19978 Vendidos: 425
2026-05-11 15:13:19,793 - INFO - Sandálias de Clérigo 6.1
Preco: 40899 Vendidos: 58
2026-05-11 15:13:22,609 - INFO - Sandálias de Clérigo 6.2
Preco: 152219 Vendidos: 24
2026-05-11 15:13:25,400 - INFO - Sandálias de Clérigo 6.3
Preco: 470937 Vendidos: 3
2026-05-11 15:13:30,238 - INFO - Sandálias de Clérigo 7.0
Preco: 51688 Vendidos: 120
2026-05-11 15:13:33,058 - INFO - Sandálias de Clérigo 7.1
Preco: 147853 Vendidos: 12
2026-05-11 15:13:35,896 - INFO - Sandálias de Clérigo 7.2
Preco: 418999 Vendidos: 3
2026-05-11 15:13:40,778 - INFO - Sandálias de Clérigo 7.3
Preco: 1349880 Vendidos: 1
2026-05-11 15:13:48,432 - INFO - Sandálias de Clérigo 8.0
Preco: 231098 Vendidos: 14
2026-05-11 15:13:51,247 - INFO - Sandálias de Clérigo 8.1
Preco: 448200 Vendidos: 5
2026-05-11 15:13:54,044 - INFO - Sandálias de Clérigo 8.2
Preco: 1139978 Vendidos: 1
2026-05-11 15:13:56,856 - INFO - Sandálias de Clérigo 8.3
Preco: 3575985 Vendidos: 0
2026-05-11 15:13:57,800 - INFO - 
[27/38] Sandálias de Mago
2026-05-11 15:14:03,151 - INFO - Sandálias de Mago 5.0
Preco: 9636 Vendidos: 313
2026-05-11 15:14:05,989 - INFO - Sandálias de Mago 5.1
Preco: 19969 Vendidos: 140
2026-05-11 15:14:08,823 - INFO - Sandálias de Mago 5.2
Preco: 44499 Vendidos: 2
2026-05-11 15:14:11,621 - INFO - Sandálias de Mago 5.3
Preco: 170000 Vendidos: 0
2026-05-11 15:14:16,442 - INFO - Sandálias de Mago 6.0
Preco: 22261 Vendidos: 340
2026-05-11 15:14:19,231 - INFO - Sandálias de Mago 6.1
Preco: 469800 Vendidos: 50
2026-05-11 15:14:22,037 - INFO - Sandálias de Mago 6.2
Preco: 161110 Vendidos: 10
2026-05-11 15:14:26,243 - INFO - Sandálias de Mago 6.3
Preco: 414996 Vendidos: 2
2026-05-11 15:14:31,065 - INFO - Sandálias de Mago 7.0
Preco: 540000 Vendidos: 114
2026-05-11 15:14:33,882 - INFO - Sandálias de Mago 7.1
Preco: 142999 Vendidos: 10
2026-05-11 15:14:36,695 - INFO - Sandálias de Mago 7.2
Preco: 332995 Vendidos: 3
2026-05-11 15:14:39,530 - INFO - Sandálias de Mago 7.3
Preco: 1499987 Vendidos: 2
2026-05-11 15:14:44,329 - INFO - Sandálias de Mago 8.0
Preco: 159996 Vendidos: 14
2026-05-11 15:14:47,187 - INFO - Sandálias de Mago 8.1
Preco: 384982 Vendidos: 3
2026-05-11 15:14:50,026 - INFO - Sandálias de Mago 8.2
Preco: 1225499 Vendidos: 0
2026-05-11 15:14:52,909 - INFO - Sandálias de Mago 8.3
Preco: 3999960 Vendidos: 0
2026-05-11 15:14:53,865 - INFO - 
[28/38] Sandálias de Druida
2026-05-11 15:14:59,208 - INFO - Sandálias de Druida 5.0
Preco: 14500 Vendidos: 413
2026-05-11 15:15:02,059 - INFO - Sandálias de Druida 5.1
Preco: 29981 Vendidos: 66
2026-05-11 15:15:04,900 - INFO - Sandálias de Druida 5.2
Preco: 55879 Vendidos: 24
2026-05-11 15:15:07,737 - INFO - Sandálias de Druida 5.3
Preco: 188937 Vendidos: 2
2026-05-11 15:15:12,543 - INFO - Sandálias de Druida 6.0
Preco: 34999 Vendidos: 384
2026-05-11 15:15:15,400 - INFO - Sandálias de Druida 6.1
Preco: 81999 Vendidos: 78
2026-05-11 15:15:18,248 - INFO - Sandálias de Druida 6.2
Preco: 198996 Vendidos: 23
2026-05-11 15:15:21,057 - INFO - Sandálias de Druida 6.3
Preco: 495490 Vendidos: 3
2026-05-11 15:15:25,846 - INFO - Sandálias de Druida 7.0
Preco: 65840 Vendidos: 117
2026-05-11 15:15:28,689 - INFO - Sandálias de Druida 7.1
Preco: 159988 Vendidos: 20
2026-05-11 15:15:31,515 - INFO - Sandálias de Druida 7.2
Preco: 509940 Vendidos: 3
2026-05-11 15:15:34,329 - INFO - Sandálias de Druida 7.3
Preco: 1499990 Vendidos: 0
2026-05-11 15:15:41,940 - INFO - Sandálias de Druida 8.0
Preco: 274995 Vendidos: 32
2026-05-11 15:15:58,494 - INFO - Sandálias de Druida 8.1
Preco: 615586 Vendidos: 6
2026-05-11 15:16:01,321 - INFO - Sandálias de Druida 8.2
Preco: 1498494 Vendidos: 3
2026-05-11 15:16:04,111 - INFO - Sandálias de Druida 8.3
Preco: 2599999 Vendidos: 1
2026-05-11 15:16:05,064 - INFO - 
[29/38] Sapatos de Mercenário
2026-05-11 15:16:10,411 - INFO - Sapatos de Mercenário 5.0
Preco: 8206 Vendidos: 2109
2026-05-11 15:16:13,237 - INFO - Sapatos de Mercenário 5.1
Preco: 13266 Vendidos: 721
2026-05-11 15:16:16,067 - INFO - Sapatos de Mercenário 5.2
Preco: 43881 Vendidos: 137
2026-05-11 15:16:18,904 - INFO - Sapatos de Mercenário 5.3
Preco: 159668 Vendidos: 19
2026-05-11 15:16:23,729 - INFO - Sapatos de Mercenário 6.0
Preco: 25994 Vendidos: 1886
2026-05-11 15:16:26,575 - INFO - Sapatos de Mercenário 6.1
Preco: 49728 Vendidos: 503
2026-05-11 15:16:29,379 - INFO - Sapatos de Mercenário 6.2
Preco: 170952 Vendidos: 81
2026-05-11 15:16:32,216 - INFO - Sapatos de Mercenário 6.3
Preco: 486630 Vendidos: 10
2026-05-11 15:16:37,038 - INFO - Sapatos de Mercenário 7.0
Preco: 73847 Vendidos: 462
2026-05-11 15:16:39,894 - INFO - Sapatos de Mercenário 7.1
Preco: 163971 Vendidos: 83
2026-05-11 15:16:42,710 - INFO - Sapatos de Mercenário 7.2
Preco: 469970 Vendidos: 16
2026-05-11 15:16:45,529 - INFO - Sapatos de Mercenário 7.3
Preco: 1393597 Vendidos: 3
2026-05-11 15:16:50,379 - INFO - Sapatos de Mercenário 8.0
Preco: 167979 Vendidos: 200
2026-05-11 15:16:53,218 - INFO - Sapatos de Mercenário 8.1
Preco: 468000 Vendidos: 40
2026-05-11 15:16:57,842 - INFO - Sapatos de Mercenário 8.2
Preco: 1265855 Vendidos: 4
2026-05-11 15:17:00,690 - INFO - Sapatos de Mercenário 8.3
Preco: 3697983 Vendidos: 2
2026-05-11 15:17:01,647 - INFO - 
[30/38] Sapatos de Caçador
2026-05-11 15:17:06,995 - INFO - Sapatos de Caçador 5.0
Preco: 8964 Vendidos: 1140
2026-05-11 15:17:09,805 - INFO - Sapatos de Caçador 5.1
Preco: 12279 Vendidos: 184
2026-05-11 15:17:12,602 - INFO - Sapatos de Caçador 5.2
Preco: 43981 Vendidos: 8
2026-05-11 15:17:15,406 - INFO - Sapatos de Caçador 5.3
Preco: 192992 Vendidos: 1
2026-05-11 15:17:20,236 - INFO - Sapatos de Caçador 6.0
Preco: 24406 Vendidos: 408
2026-05-11 15:17:23,058 - INFO - Sapatos de Caçador 6.1
Preco: 41756 Vendidos: 100
2026-05-11 15:17:25,888 - INFO - Sapatos de Caçador 6.2
Preco: 205664 Vendidos: 6
2026-05-11 15:17:28,690 - INFO - Sapatos de Caçador 6.3
Preco: 41466 Vendidos: 0
2026-05-11 15:17:33,510 - INFO - Sapatos de Caçador 7.0
Preco: 84892 Vendidos: 63
2026-05-11 15:17:36,342 - INFO - Sapatos de Caçador 7.1
Preco: 249989 Vendidos: 22
2026-05-11 15:17:39,162 - INFO - Sapatos de Caçador 7.2
Preco: 417946 Vendidos: 2
2026-05-11 15:17:41,990 - INFO - Sapatos de Caçador 7.3
Preco: 1645888 Vendidos: 0
2026-05-11 15:18:00,119 - INFO - Sapatos de Caçador 8.0
Preco: 176987 Vendidos: 11
2026-05-11 15:18:02,925 - INFO - Sapatos de Caçador 8.1
Preco: 398888 Vendidos: 13
2026-05-11 15:18:05,749 - INFO - Sapatos de Caçador 8.2
Preco: 1462968 Vendidos: 0
2026-05-11 15:18:08,568 - INFO - Sapatos de Caçador 8.3
Preco: 3399888 Vendidos: 0
2026-05-11 15:18:09,511 - INFO - 
[31/38] Sapatos de Assassino
2026-05-11 15:18:15,959 - INFO - Sapatos de Assassino 5.0
Preco: 8526 Vendidos: 838
2026-05-11 15:18:18,755 - INFO - Sapatos de Assassino 5.1
Preco: 13284 Vendidos: 153
2026-05-11 15:18:21,537 - INFO - Sapatos de Assassino 5.2
Preco: 43932 Vendidos: 7
2026-05-11 15:18:24,342 - INFO - Sapatos de Assassino 5.3
Preco: 186974 Vendidos: 0
2026-05-11 15:18:29,174 - INFO - Sapatos de Assassino 6.0
Preco: 25989 Vendidos: 383
2026-05-11 15:18:31,986 - INFO - Sapatos de Assassino 6.1
Preco: 53956 Vendidos: 61
2026-05-11 15:18:34,808 - INFO - Sapatos de Assassino 6.2
Preco: 187777 Vendidos: 9
2026-05-11 15:18:37,616 - INFO - Sapatos de Assassino 6.3
Preco: 454066 Vendidos: 4
2026-05-11 15:18:42,422 - INFO - Sapatos de Assassino 7.0
Preco: 84984 Vendidos: 51
2026-05-11 15:18:45,251 - INFO - Sapatos de Assassino 7.1
Preco: 164914 Vendidos: 19
2026-05-11 15:18:48,062 - INFO - Sapatos de Assassino 7.2
Preco: 429745 Vendidos: 2
2026-05-11 15:18:50,871 - INFO - Sapatos de Assassino 7.3
Preco: 1450000 Vendidos: 0
2026-05-11 15:18:55,666 - INFO - Sapatos de Assassino 8.0
Preco: 179990 Vendidos: 7
2026-05-11 15:19:12,044 - INFO - Sapatos de Assassino 8.1
Preco: 462222 Vendidos: 4
2026-05-11 15:19:14,848 - INFO - Sapatos de Assassino 8.2
Preco: 1198995 Vendidos: 1
2026-05-11 15:19:17,670 - INFO - Sapatos de Assassino 8.3
Preco: 3297000 Vendidos: 0
2026-05-11 15:19:18,627 - INFO - 
[32/38] Sapatos de Espreitador
2026-05-11 15:19:23,933 - INFO - Sapatos de Espreitador 5.0
Preco: 31999 Vendidos: 61
2026-05-11 15:19:26,754 - INFO - Sapatos de Espreitador 5.1
Preco: 34000 Vendidos: 90
2026-05-11 15:19:29,537 - INFO - Sapatos de Espreitador 5.2
Preco: 62453 Vendidos: 0
2026-05-11 15:19:32,343 - INFO - Sapatos de Espreitador 5.3
Preco: 183985 Vendidos: 0
2026-05-11 15:19:37,167 - INFO - Sapatos de Espreitador 6.0
Preco: 99995 Vendidos: 71
2026-05-11 15:19:40,005 - INFO - Sapatos de Espreitador 6.1
Preco: 129993 Vendidos: 12
2026-05-11 15:19:42,808 - INFO - Sapatos de Espreitador 6.2
Preco: 225952 Vendidos: 3
2026-05-11 15:19:45,671 - INFO - Sapatos de Espreitador 6.3
Preco: 548996 Vendidos: 0
2026-05-11 15:20:04,802 - INFO - Sapatos de Espreitador 7.0
Preco: 128977 Vendidos: 37
2026-05-11 15:20:07,613 - INFO - Sapatos de Espreitador 7.1
Preco: 202996 Vendidos: 6
2026-05-11 15:20:10,400 - INFO - Sapatos de Espreitador 7.2
Preco: 600000 Vendidos: 1
2026-05-11 15:20:13,200 - INFO - Sapatos de Espreitador 7.3
Preco: 1522100 Vendidos: 1
2026-05-11 15:20:18,044 - INFO - Sapatos de Espreitador 8.0
Preco: 608998 Vendidos: 1
2026-05-11 15:20:20,861 - INFO - Sapatos de Espreitador 8.1
Preco: 898200 Vendidos: 0
2026-05-11 15:20:23,710 - INFO - Sapatos de Espreitador 8.2
Preco: 1900000 Vendidos: 0
2026-05-11 15:20:26,531 - INFO - Sapatos de Espreitador 8.3
Preco: 4199994 Vendidos: 0
2026-05-11 15:20:27,475 - INFO - 
[33/38] Botas de Soldado
2026-05-11 15:20:32,845 - INFO - Botas de Soldado 5.0
Preco: 6166 Vendidos: 693
2026-05-11 15:20:35,662 - INFO - Botas de Soldado 5.1
Preco: 9751 Vendidos: 320
2026-05-11 15:20:38,468 - INFO - Botas de Soldado 5.2
Preco: 43650 Vendidos: 9
2026-05-11 15:20:43,167 - INFO - Botas de Soldado 5.3
Preco: 159923 Vendidos: 4
2026-05-11 15:20:47,997 - INFO - Botas de Soldado 6.0
Preco: 16094 Vendidos: 462
2026-05-11 15:20:50,796 - INFO - Botas de Soldado 6.1
Preco: 34826 Vendidos: 67
2026-05-11 15:20:53,603 - INFO - Botas de Soldado 6.2
Preco: 141953 Vendidos: 17
2026-05-11 15:20:56,439 - INFO - Botas de Soldado 6.3
Preco: 409994 Vendidos: 2
2026-05-11 15:21:01,267 - INFO - Botas de Soldado 7.0
Preco: 42499 Vendidos: 90
2026-05-11 15:21:04,073 - INFO - Botas de Soldado 7.1
Preco: 147973 Vendidos: 15
2026-05-11 15:21:06,871 - INFO - Botas de Soldado 7.2
Preco: 495995 Vendidos: 0
2026-05-11 15:21:09,686 - INFO - Botas de Soldado 7.3
Preco: 1137990 Vendidos: 1
2026-05-11 15:21:14,469 - INFO - Botas de Soldado 8.0
Preco: 98987 Vendidos: 15
2026-05-11 15:21:17,316 - INFO - Botas de Soldado 8.1
Preco: 355984 Vendidos: 4
2026-05-11 15:21:20,136 - INFO - Botas de Soldado 8.2
Preco: 1079878 Vendidos: 1
2026-05-11 15:21:22,999 - INFO - Botas de Soldado 8.3
Preco: 2989892 Vendidos: 1
2026-05-11 15:21:23,961 - INFO - 
[34/38] Botas de Cavaleiro
2026-05-11 15:21:29,276 - INFO - Botas de Cavaleiro 5.0
Preco: 7651 Vendidos: 797
2026-05-11 15:21:32,107 - INFO - Botas de Cavaleiro 5.1
Preco: 11578 Vendidos: 218
2026-05-11 15:21:34,933 - INFO - Botas de Cavaleiro 5.2
Preco: 44276 Vendidos: 24
2026-05-11 15:21:37,765 - INFO - Botas de Cavaleiro 5.3
Preco: 149587 Vendidos: 1
2026-05-11 15:21:42,586 - INFO - Botas de Cavaleiro 6.0
Preco: 15998 Vendidos: 482
2026-05-11 15:21:45,438 - INFO - Botas de Cavaleiro 6.1
Preco: 31999 Vendidos: 64
2026-05-11 15:21:48,296 - INFO - Botas de Cavaleiro 6.2
Preco: 129978 Vendidos: 8
2026-05-11 15:21:51,119 - INFO - Botas de Cavaleiro 6.3
Preco: 424360 Vendidos: 2
2026-05-11 15:21:55,943 - INFO - Botas de Cavaleiro 7.0
Preco: 40999 Vendidos: 131
2026-05-11 15:21:58,757 - INFO - Botas de Cavaleiro 7.1
Preco: 113981 Vendidos: 25
2026-05-11 15:22:01,569 - INFO - Botas de Cavaleiro 7.2
Preco: 409994 Vendidos: 2
2026-05-11 15:22:04,352 - INFO - Botas de Cavaleiro 7.3
Preco: 1137964 Vendidos: 0
2026-05-11 15:22:09,193 - INFO - Botas de Cavaleiro 8.0
Preco: 130952 Vendidos: 15
2026-05-11 15:22:12,015 - INFO - Botas de Cavaleiro 8.1
Preco: 329999 Vendidos: 10
2026-05-11 15:22:14,823 - INFO - Botas de Cavaleiro 8.2
Preco: 999999 Vendidos: 1
2026-05-11 15:22:17,661 - INFO - Botas de Cavaleiro 8.3
Preco: 2949987 Vendidos: 0
2026-05-11 15:22:18,609 - INFO - 
[35/38] Botas de Guardião
2026-05-11 15:22:23,914 - INFO - Botas de Guardião 5.0
Preco: 7872 Vendidos: 853
2026-05-11 15:22:26,700 - INFO - Botas de Guardião 5.1
Preco: 9976 Vendidos: 179
2026-05-11 15:22:29,508 - INFO - Botas de Guardião 5.2
Preco: 46400 Vendidos: 20
2026-05-11 15:22:32,329 - INFO - Botas de Guardião 5.3
Preco: 167928 Vendidos: 0
2026-05-11 15:22:37,157 - INFO - Botas de Guardião 6.0
Preco: 16427 Vendidos: 654
2026-05-11 15:22:40,014 - INFO - Botas de Guardião 6.1
Preco: 29999 Vendidos: 87
2026-05-11 15:22:42,814 - INFO - Botas de Guardião 6.2
Preco: 129996 Vendidos: 4
2026-05-11 15:22:45,633 - INFO - Botas de Guardião 6.3
Preco: 430397 Vendidos: 3
2026-05-11 15:22:50,456 - INFO - Botas de Guardião 7.0
Preco: 42973 Vendidos: 104
2026-05-11 15:22:53,239 - INFO - Botas de Guardião 7.1
Preco: 116987 Vendidos: 18
2026-05-11 15:22:56,038 - INFO - Botas de Guardião 7.2
Preco: 398988 Vendidos: 1
2026-05-11 15:22:58,861 - INFO - Botas de Guardião 7.3
Preco: 1149897 Vendidos: 1
2026-05-11 15:23:03,699 - INFO - Botas de Guardião 8.0
Preco: 104987 Vendidos: 25
2026-05-11 15:23:06,506 - INFO - Botas de Guardião 8.1
Preco: 299999 Vendidos: 12
2026-05-11 15:23:09,354 - INFO - Botas de Guardião 8.2
Preco: 1040000 Vendidos: 2
2026-05-11 15:23:12,180 - INFO - Botas de Guardião 8.3
Preco: 2899600 Vendidos: 0
2026-05-11 15:23:13,125 - INFO - 
[36/38] Botas de Guarda-tumbas
2026-05-11 15:23:19,596 - INFO - Botas de Guarda-tumbas 5.0
Preco: 19884 Vendidos: 100
2026-05-11 15:23:22,405 - INFO - Botas de Guarda-tumbas 5.1
Preco: 22500 Vendidos: 17
2026-05-11 15:23:25,216 - INFO - Botas de Guarda-tumbas 5.2
Preco: 55999 Vendidos: 1
2026-05-11 15:23:28,017 - INFO - Botas de Guarda-tumbas 5.3
Preco: 167998 Vendidos: 2
2026-05-11 15:23:32,849 - INFO - Botas de Guarda-tumbas 6.0
Preco: 35999 Vendidos: 220
2026-05-11 15:23:35,665 - INFO - Botas de Guarda-tumbas 6.1
Preco: 62971 Vendidos: 68
2026-05-11 15:23:52,006 - INFO - Botas de Guarda-tumbas 6.2
Preco: 159000 Vendidos: 0
2026-05-11 15:23:54,862 - INFO - Botas de Guarda-tumbas 6.3
Preco: 289968 Vendidos: 0
2026-05-11 15:23:59,670 - INFO - Botas de Guarda-tumbas 7.0
Preco: 69983 Vendidos: 71
2026-05-11 15:24:02,499 - INFO - Botas de Guarda-tumbas 7.1
Preco: 134998 Vendidos: 4
2026-05-11 15:24:05,303 - INFO - Botas de Guarda-tumbas 7.2
Preco: 514998 Vendidos: 0
2026-05-11 15:24:08,120 - INFO - Botas de Guarda-tumbas 7.3
Preco: 1669997 Vendidos: 0
2026-05-11 15:24:12,916 - INFO - Botas de Guarda-tumbas 8.0
Preco: 308999 Vendidos: 3
2026-05-11 15:24:15,720 - INFO - Botas de Guarda-tumbas 8.1
Preco: 707200 Vendidos: 3
2026-05-11 15:24:18,514 - INFO - Botas de Guarda-tumbas 8.2
Preco: 1749998 Vendidos: 1
2026-05-11 15:24:21,293 - INFO - Botas de Guarda-tumbas 8.3
Preco: 4023232 Vendidos: 1
2026-05-11 15:24:22,235 - INFO - 
[37/38] Capa
2026-05-11 15:24:27,557 - INFO - Capa 5.0
Preco: 9652 Vendidos: 1465
2026-05-11 15:24:30,399 - INFO - Capa 5.1
Preco: 184820 Vendidos: 286
2026-05-11 15:24:33,205 - INFO - Capa 5.2
Preco: 49998 Vendidos: 123
2026-05-11 15:24:36,044 - INFO - Capa 5.3
Preco: 222219 Vendidos: 11
2026-05-11 15:24:40,848 - INFO - Capa 6.0
Preco: 27962 Vendidos: 2568
2026-05-11 15:24:43,665 - INFO - Capa 6.1
Preco: 51806 Vendidos: 728
2026-05-11 15:24:46,521 - INFO - Capa 6.2
Preco: 183983 Vendidos: 144
2026-05-11 15:24:49,362 - INFO - Capa 6.3
Preco: 497999 Vendidos: 27
2026-05-11 15:24:54,202 - INFO - Capa 7.0
Preco: 80639 Vendidos: 516
2026-05-11 15:24:57,091 - INFO - Capa 7.1
Preco: 175974 Vendidos: 171
2026-05-11 15:24:59,964 - INFO - Capa 7.2
Preco: 470978 Vendidos: 35
2026-05-11 15:25:02,816 - INFO - Capa 7.3
Preco: 1689987 Vendidos: 6
2026-05-11 15:25:07,663 - INFO - Capa 8.0
Preco: 189974 Vendidos: 49
2026-05-11 15:25:10,501 - INFO - Capa 8.1
Preco: 504991 Vendidos: 12
2026-05-11 15:25:27,178 - INFO - Capa 8.2
Preco: 1479995 Vendidos: 4
2026-05-11 15:25:29,993 - INFO - Capa 8.3
Preco: 3498884 Vendidos: 1
2026-05-11 15:25:30,940 - INFO - 
[38/38] Bolsa
2026-05-11 15:25:36,282 - INFO - Bolsa 5.0
Preco: 19277 Vendidos: 1492
2026-05-11 15:25:39,108 - INFO - Bolsa 5.1
Preco: 33392 Vendidos: 739
2026-05-11 15:25:41,920 - INFO - Bolsa 5.2
Preco: 89396 Vendidos: 95
2026-05-11 15:25:44,739 - INFO - Bolsa 5.3
Preco: 328795 Vendidos: 15
2026-05-11 15:25:50,899 - INFO - Bolsa 6.0
Preco: 49998 Vendidos: 2824
2026-05-11 15:25:53,700 - INFO - Bolsa 6.1
Preco: 98640 Vendidos: 1086
2026-05-11 15:25:56,547 - INFO - Bolsa 6.2
Preco: 373973 Vendidos: 157
2026-05-11 15:25:59,365 - INFO - Bolsa 6.3
Preco: 933999 Vendidos: 37
2026-05-11 15:26:04,181 - INFO - Bolsa 7.0
Preco: 145523 Vendidos: 612
2026-05-11 15:26:07,009 - INFO - Bolsa 7.1
Preco: 316981 Vendidos: 329
2026-05-11 15:26:09,831 - INFO - Bolsa 7.2
Preco: 829988 Vendidos: 60
2026-05-11 15:26:12,646 - INFO - Bolsa 7.3
Preco: 2394998 Vendidos: 15
2026-05-11 15:26:17,476 - INFO - Bolsa 8.0
Preco: 343696 Vendidos: 33
2026-05-11 15:26:20,304 - INFO - Bolsa 8.1
Preco: 823955 Vendidos: 22
2026-05-11 15:26:23,112 - INFO - Bolsa 8.2
Preco: 2869997 Vendidos: 7
2026-05-11 15:26:25,938 - INFO - Bolsa 8.3
Preco: 7099997 Vendidos: 0
2026-05-11 15:26:26,888 - INFO - Coleta completa.
2026-05-11 15:26:26,899 - INFO - Dados salvos em data/latest_market_data.json
2026-05-11 15:26:26,913 - INFO - HTML gerado com 344 linhas
2026-05-11 15:26:26,916 - INFO - HTML salvo em reports/market_analysis.html
2026-05-11 15:26:26,925 - INFO - Dados salvos em data/latest_market_data.json
2026-05-11 15:26:26,925 - INFO - [OK] Relatório gerado: reports/market_analysis.html
2026-05-11 15:26:26,968 - ERROR - Erro ao gerar relatório: [WinError 2] O sistema não pode encontrar o arquivo especificado: 'reports/market_analysis.html'
2026-05-11 15:36:23,810 - INFO - 
=== MODO AUTOMÁTICO DE COLETA ===
2026-05-11 15:36:25,284 - INFO - Iniciando coleta de 48 itens.
2026-05-11 15:36:25,285 - INFO - 
[1/48] Arco do
2026-05-11 15:36:31,256 - INFO - Arco do 5.0
Preco: 14538 Vendidos: 378
2026-05-11 15:36:34,115 - INFO - Arco do 5.1
Preco: 26376 Vendidos: 162
2026-05-11 15:36:36,938 - INFO - Arco do 5.2
Preco: 141943 Vendidos: 7
2026-05-11 15:36:39,773 - INFO - Arco do 5.3
Preco: 579997 Vendidos: 0
2026-05-11 15:36:44,604 - INFO - Arco do 6.0
Preco: 36795 Vendidos: 177
2026-05-11 15:36:47,443 - INFO - Arco do 6.1
Preco: 78866 Vendidos: 67
2026-05-11 15:36:50,293 - INFO - Arco do 6.2
Preco: 510908 Vendidos: 5
2026-05-11 15:36:57,814 - INFO - Arco do 6.3
Preco: 1600000 Vendidos: 0
2026-05-11 15:37:02,636 - INFO - Arco do 7.0
Preco: 161789 Vendidos: 27
2026-05-11 15:37:05,468 - INFO - Arco do 7.1
Preco: 376879 Vendidos: 2
2026-05-11 15:37:08,285 - INFO - Arco do 7.2
Preco: 1899991 Vendidos: 1
2026-05-11 15:37:11,107 - INFO - Arco do 7.3
Preco: 5749996 Vendidos: 0
2026-05-11 15:37:15,949 - INFO - Arco do 8.0
Preco: 562219 Vendidos: 5
2026-05-11 15:37:18,797 - INFO - Arco do 8.1
Preco: 1235998 Vendidos: 1
2026-05-11 15:37:21,616 - INFO - Arco do 8.2
Preco: 4848991 Vendidos: 0
2026-05-11 15:37:24,424 - INFO - Arco do 8.3
Preco: 12999964 Vendidos: 0
2026-05-11 15:37:25,381 - INFO - 
[2/48] Arco longo
2026-05-11 15:37:30,727 - INFO - Arco longo 5.0
Preco: 145460 Vendidos: 427
2026-05-11 15:37:33,570 - INFO - Arco longo 5.1
Preco: 25995 Vendidos: 110
2026-05-11 15:37:36,394 - INFO - Arco longo 5.2
Preco: 95996 Vendidos: 19
2026-05-11 15:37:39,241 - INFO - Arco longo 5.3
Preco: 479896 Vendidos: 1
2026-05-11 15:37:44,042 - INFO - Arco longo 6.0
Preco: 30600 Vendidos: 365
2026-05-11 15:37:46,942 - INFO - Arco longo 6.1
Preco: 85916 Vendidos: 86
2026-05-11 15:37:49,790 - INFO - Arco longo 6.2
Preco: 446885 Vendidos: 4
2026-05-11 15:37:52,603 - INFO - Arco longo 6.3
Preco: 1595074 Vendidos: 0
2026-05-11 15:37:57,455 - INFO - Arco longo 7.0
Preco: 167992 Vendidos: 22
2026-05-11 15:38:00,255 - INFO - Arco longo 7.1
Preco: 375923 Vendidos: 4
2026-05-11 15:38:03,073 - INFO - Arco longo 7.2
Preco: 1529000 Vendidos: 0
2026-05-11 15:38:05,888 - INFO - Arco longo 7.3
Preco: 5629989 Vendidos: 0
2026-05-11 15:38:10,703 - INFO - Arco longo 8.0
Preco: 515560 Vendidos: 8
2026-05-11 15:38:13,515 - INFO - Arco longo 8.1
Preco: 1102973 Vendidos: 0
2026-05-11 15:38:16,315 - INFO - Arco longo 8.2
Preco: 5409998 Vendidos: 0
2026-05-11 15:38:33,401 - WARNING - [ERRO] Não foi possível extrair dados de Arco longo T8.3
2026-05-11 15:38:33,425 - INFO - Screenshot de falha salvo em screenshots\failures\fail_Arco longo_T8.3_20260511_153833.png
2026-05-11 15:38:34,380 - INFO - 
[3/48] Arco de Guerra
2026-05-11 15:38:39,693 - INFO - Arco de Guerra 5.0
Preco: 16027 Vendidos: 394
2026-05-11 15:38:42,507 - INFO - Arco de Guerra 5.1
Preco: 25491 Vendidos: 143
2026-05-11 15:38:45,334 - INFO - Arco de Guerra 5.2
Preco: 139994 Vendidos: 10
2026-05-11 15:38:48,150 - INFO - Arco de Guerra 5.3
Preco: 599990 Vendidos: 2
2026-05-11 15:38:52,939 - INFO - Arco de Guerra 6.0
Preco: 32996 Vendidos: 277
2026-05-11 15:38:55,760 - INFO - Arco de Guerra 6.1
Preco: 89997 Vendidos: 68
2026-05-11 15:38:58,584 - INFO - Arco de Guerra 6.2
Preco: 520977 Vendidos: 10
2026-05-11 15:39:01,397 - INFO - Arco de Guerra 6.3
Preco: 1650997 Vendidos: 1
2026-05-11 15:39:06,215 - INFO - Arco de Guerra 7.0
Preco: 178997 Vendidos: 44
2026-05-11 15:39:09,033 - INFO - Arco de Guerra 7.1
Preco: 409997 Vendidos: 9
2026-05-11 15:39:11,857 - INFO - Arco de Guerra 7.2
Preco: 1550998 Vendidos: 2
2026-05-11 15:39:14,687 - INFO - Arco de Guerra 7.3
Preco: 5200000 Vendidos: 0
2026-05-11 15:39:19,542 - INFO - Arco de Guerra 8.0
Preco: 642219 Vendidos: 9
2026-05-11 15:39:22,372 - INFO - Arco de Guerra 8.1
Preco: 1149945 Vendidos: 1
2026-05-11 15:39:25,205 - INFO - Arco de Guerra 8.2
Preco: 4790938 Vendidos: 1
2026-05-11 15:39:28,020 - INFO - Arco de Guerra 8.3
Preco: 11999999 Vendidos: 1
2026-05-11 15:39:28,979 - INFO - 
[4/48] Besta do
2026-05-11 15:39:36,086 - INFO - Besta do 5.0
Preco: 23079 Vendidos: 130
2026-05-11 15:39:38,898 - INFO - Besta do 5.1
Preco: 45452 Vendidos: 31
2026-05-11 15:39:41,716 - INFO - Besta do 5.2
Preco: 169999 Vendidos: 3
2026-05-11 15:39:44,552 - INFO - Besta do 5.3
Preco: 699899 Vendidos: 2
2026-05-11 15:39:49,362 - INFO - Besta do 6.0
Preco: 62299 Vendidos: 124
2026-05-11 15:39:52,190 - INFO - Besta do 6.1
Preco: 125479 Vendidos: 19
2026-05-11 15:39:54,981 - INFO - Besta do 6.2
Preco: 629997 Vendidos: 3
2026-05-11 15:39:57,805 - INFO - Besta do 6.3
Preco: 1748979 Vendidos: 2
2026-05-11 15:40:02,624 - INFO - Besta do 7.0
Preco: 237407 Vendidos: 18
2026-05-11 15:40:05,441 - INFO - Besta do 7.1
Preco: 550992 Vendidos: 5
2026-05-11 15:40:08,275 - INFO - Besta do 7.2
Preco: 1849998 Vendidos: 2
2026-05-11 15:40:11,076 - INFO - Besta do 7.3
Preco: 5799895 Vendidos: 1
2026-05-11 15:40:15,890 - INFO - Besta do 8.0
Preco: 649995 Vendidos: 9
2026-05-11 15:40:18,726 - INFO - Besta do 8.1
Preco: 1740142 Vendidos: 0
2026-05-11 15:40:21,513 - INFO - Besta do 8.2
Preco: 4979488 Vendidos: 1
2026-05-11 15:40:24,318 - INFO - Besta do 8.3
Preco: 17075344 Vendidos: 0
2026-05-11 15:40:25,278 - INFO - 
[5/48] Besta Pesada
2026-05-11 15:40:30,588 - INFO - Besta Pesada 5.0
Preco: 29943 Vendidos: 247
2026-05-11 15:40:33,404 - INFO - Besta Pesada 5.1
Preco: 48993 Vendidos: 91
2026-05-11 15:40:36,203 - INFO - Besta Pesada 5.2
Preco: 190907 Vendidos: 10
2026-05-11 15:40:39,006 - INFO - Besta Pesada 5.3
Preco: 626983 Vendidos: 2
2026-05-11 15:40:43,827 - INFO - Besta Pesada 6.0
Preco: 59646 Vendidos: 114
2026-05-11 15:40:46,728 - INFO - Besta Pesada 6.1
Preco: 143498 Vendidos: 30
2026-05-11 15:40:49,558 - INFO - Besta Pesada 6.2
Preco: 615977 Vendidos: 8
2026-05-11 15:40:52,370 - INFO - Besta Pesada 6.3
Preco: 1900000 Vendidos: 1
2026-05-11 15:40:57,191 - INFO - Besta Pesada 7.0
Preco: 205552 Vendidos: 34
2026-05-11 15:41:00,004 - INFO - Besta Pesada 7.1
Preco: 586947 Vendidos: 3
2026-05-11 15:41:02,825 - INFO - Besta Pesada 7.2
Preco: 1795946 Vendidos: 1
2026-05-11 15:41:05,672 - INFO - Besta Pesada 7.3
Preco: 4985999 Vendidos: 0
2026-05-11 15:41:10,507 - INFO - Besta Pesada 8.0
Preco: 644999 Vendidos: 14
2026-05-11 15:41:13,333 - INFO - Besta Pesada 8.1
Preco: 1839797 Vendidos: 0
2026-05-11 15:41:16,177 - INFO - Besta Pesada 8.2
Preco: 4899999 Vendidos: 0
2026-05-11 15:41:19,026 - INFO - Besta Pesada 8.3
Preco: 13229995 Vendidos: 0
2026-05-11 15:41:19,977 - INFO - 
[6/48] Besta Leve
2026-05-11 15:41:26,415 - INFO - Besta Leve 5.0
Preco: 18259 Vendidos: 647
2026-05-11 15:41:29,251 - INFO - Besta Leve 5.1
Preco: 43787 Vendidos: 143
2026-05-11 15:41:32,084 - INFO - Besta Leve 5.2
Preco: 129997 Vendidos: 19
2026-05-11 15:41:34,904 - INFO - Besta Leve 5.3
Preco: 494999 Vendidos: 3
2026-05-11 15:41:39,771 - INFO - Besta Leve 6.0
Preco: 50991 Vendidos: 479
2026-05-11 15:41:42,593 - INFO - Besta Leve 6.1
Preco: 128983 Vendidos: 128
2026-05-11 15:41:45,419 - INFO - Besta Leve 6.2
Preco: 504382 Vendidos: 8
2026-05-11 15:41:48,260 - INFO - Besta Leve 6.3
Preco: 1299999 Vendidos: 3
2026-05-11 15:41:53,072 - INFO - Besta Leve 7.0
Preco: 158885 Vendidos: 109
2026-05-11 15:41:55,887 - INFO - Besta Leve 7.1
Preco: 451039 Vendidos: 15
2026-05-11 15:41:58,704 - INFO - Besta Leve 7.2
Preco: 1100000 Vendidos: 1
2026-05-11 15:42:01,502 - INFO - Besta Leve 7.3
Preco: 3987651 Vendidos: 0
2026-05-11 15:42:06,328 - INFO - Besta Leve 8.0
Preco: 515554 Vendidos: 26
2026-05-11 15:42:09,153 - INFO - Besta Leve 8.1
Preco: 1419988 Vendidos: 5
2026-05-11 15:42:11,977 - INFO - Besta Leve 8.2
Preco: 3499977 Vendidos: 0
2026-05-11 15:42:14,772 - INFO - Besta Leve 8.3
Preco: 4242524 Vendidos: 0
2026-05-11 15:42:15,727 - INFO - 
[7/48] Machado de Guerra
2026-05-11 15:42:21,060 - INFO - Machado de Guerra 5.0
Preco: 14758 Vendidos: 366
2026-05-11 15:42:23,886 - INFO - Machado de Guerra 5.1
Preco: 26790 Vendidos: 51
2026-05-11 15:42:40,858 - INFO - Machado de Guerra 5.2
Preco: 97902 Vendidos: 4
2026-05-11 15:42:43,696 - INFO - Machado de Guerra 5.3
Preco: 442233 Vendidos: 2
2026-05-11 15:42:48,508 - INFO - Machado de Guerra 6.0
Preco: 35963 Vendidos: 186
2026-05-11 15:42:51,414 - INFO - Machado de Guerra 6.1
Preco: 109950 Vendidos: 45
2026-05-11 15:43:08,205 - INFO - Machado de Guerra 6.2
Preco: 507999 Vendidos: 1
2026-05-11 15:43:11,019 - INFO - Machado de Guerra 6.3
Preco: 1000000 Vendidos: 0
2026-05-11 15:43:15,828 - INFO - Machado de Guerra 7.0
Preco: 177998 Vendidos: 20
2026-05-11 15:43:18,641 - INFO - Machado de Guerra 7.1
Preco: 500000 Vendidos: 4
2026-05-11 15:43:21,469 - INFO - Machado de Guerra 7.2
Preco: 1584001 Vendidos: 0
2026-05-11 15:43:24,267 - INFO - Machado de Guerra 7.3
Preco: 3754972 Vendidos: 0
2026-05-11 15:43:42,853 - INFO - Machado de Guerra 8.0
Preco: 488968 Vendidos: 4
2026-05-11 15:43:45,714 - INFO - Machado de Guerra 8.1
Preco: 1129996 Vendidos: 2
2026-05-11 15:43:48,535 - INFO - Machado de Guerra 8.2
Preco: 4399983 Vendidos: 0
2026-05-11 15:43:51,367 - INFO - Machado de Guerra 8.3
Preco: 6999996 Vendidos: 0
2026-05-11 15:43:52,311 - INFO - 
[8/48] Machadão
2026-05-11 15:43:57,614 - INFO - Machadão 5.0
Preco: 29472 Vendidos: 252
2026-05-11 15:44:14,419 - INFO - Machadão 5.1
Preco: 58995 Vendidos: 60
2026-05-11 15:44:17,284 - INFO - Machadão 5.2
Preco: 176821 Vendidos: 0
2026-05-11 15:44:20,100 - INFO - Machadão 5.3
Preco: 668885 Vendidos: 3
2026-05-11 15:44:24,897 - INFO - Machadão 6.0
Preco: 60982 Vendidos: 156
2026-05-11 15:44:27,684 - INFO - Machadão 6.1
Preco: 126444 Vendidos: 16
2026-05-11 15:44:30,473 - INFO - Machadão 6.2
Preco: 690000 Vendidos: 1
2026-05-11 15:44:33,306 - INFO - Machadão 6.3
Preco: 1729992 Vendidos: 0
2026-05-11 15:44:38,115 - INFO - Machadão 7.0
Preco: 216492 Vendidos: 35
2026-05-11 15:44:40,925 - INFO - Machadão 7.1
Preco: 457970 Vendidos: 2
2026-05-11 15:44:43,738 - INFO - Machadão 7.2
Preco: 1700175 Vendidos: 0
2026-05-11 15:44:46,612 - INFO - Machadão 7.3
Preco: 5269999 Vendidos: 0
2026-05-11 15:44:51,434 - INFO - Machadão 8.0
Preco: 619950 Vendidos: 3
2026-05-11 15:44:54,232 - INFO - Machadão 8.1
Preco: 1889979 Vendidos: 2
2026-05-11 15:44:57,102 - INFO - Machadão 8.2
Preco: 5150000 Vendidos: 0
2026-05-11 15:45:14,324 - WARNING - [ERRO] Não foi possível extrair dados de Machadão T8.3
2026-05-11 15:45:14,349 - INFO - Screenshot de falha salvo em screenshots\failures\fail_Machadão_T8.3_20260511_154514.png
2026-05-11 15:45:15,309 - INFO - 
[9/48] Alabarda
2026-05-11 15:45:20,639 - INFO - Alabarda 5.0
Preco: 33678 Vendidos: 165
2026-05-11 15:45:23,429 - INFO - Alabarda 5.1
Preco: 36749 Vendidos: 60
2026-05-11 15:45:26,264 - INFO - Alabarda 5.2
Preco: 159998 Vendidos: 3
2026-05-11 15:45:29,080 - INFO - Alabarda 5.3
Preco: 569991 Vendidos: 2
2026-05-11 15:45:33,874 - INFO - Alabarda 6.0
Preco: 56797 Vendidos: 167
2026-05-11 15:45:36,699 - INFO - Alabarda 6.1
Preco: 98689 Vendidos: 44
2026-05-11 15:45:39,497 - INFO - Alabarda 6.2
Preco: 549998 Vendidos: 2
2026-05-11 15:45:42,319 - INFO - Alabarda 6.3
Preco: 1798977 Vendidos: 2
2026-05-11 15:45:47,169 - INFO - Alabarda 7.0
Preco: 199981 Vendidos: 35
2026-05-11 15:45:50,010 - INFO - Alabarda 7.1
Preco: 500929 Vendidos: 8
2026-05-11 15:45:52,818 - INFO - Alabarda 7.2
Preco: 1769882 Vendidos: 0
2026-05-11 15:45:55,642 - INFO - Alabarda 7.3
Preco: 5999990 Vendidos: 0
2026-05-11 15:46:00,470 - INFO - Alabarda 8.0
Preco: 461992 Vendidos: 5
2026-05-11 15:46:03,277 - INFO - Alabarda 8.1
Preco: 1669997 Vendidos: 2
2026-05-11 15:46:06,092 - INFO - Alabarda 8.2
Preco: 5749989 Vendidos: 1
2026-05-11 15:46:08,933 - INFO - Alabarda 8.3
Preco: 10500000 Vendidos: 0
2026-05-11 15:46:09,877 - INFO - 
[10/48] Adaga do
2026-05-11 15:46:15,204 - INFO - Adaga do 5.0
Preco: 25688 Vendidos: 284
2026-05-11 15:46:17,999 - INFO - Adaga do 5.1
Preco: 40771 Vendidos: 26
2026-05-11 15:46:20,813 - INFO - Adaga do 5.2
Preco: 159784 Vendidos: 2
2026-05-11 15:46:23,627 - INFO - Adaga do 5.3
Preco: 532963 Vendidos: 2
2026-05-11 15:46:28,424 - INFO - Adaga do 6.0
Preco: 55950 Vendidos: 73
2026-05-11 15:46:31,248 - INFO - Adaga do 6.1
Preco: 145000 Vendidos: 15
2026-05-11 15:46:34,063 - INFO - Adaga do 6.2
Preco: 568996 Vendidos: 3
2026-05-11 15:46:36,870 - INFO - Adaga do 6.3
Preco: 1350000 Vendidos: 1
2026-05-11 15:46:41,675 - INFO - Adaga do 7.0
Preco: 189730 Vendidos: 16
2026-05-11 15:46:44,489 - INFO - Adaga do 7.1
Preco: 543931 Vendidos: 8
2026-05-11 15:46:47,311 - INFO - Adaga do 7.2
Preco: 1700000 Vendidos: 2
2026-05-11 15:46:50,133 - INFO - Adaga do 7.3
Preco: 4259000 Vendidos: 0
2026-05-11 15:46:54,933 - INFO - Adaga do 8.0
Preco: 449999 Vendidos: 6
2026-05-11 15:46:57,776 - INFO - Adaga do 8.1
Preco: 1285000 Vendidos: 0
2026-05-11 15:47:00,609 - INFO - Adaga do 8.2
Preco: 4759600 Vendidos: 0
2026-05-11 15:47:03,469 - INFO - Adaga do 8.3
Preco: 5298998 Vendidos: 1
2026-05-11 15:47:04,423 - INFO - 
[11/48] Par de Adagas
2026-05-11 15:47:10,873 - INFO - Par de Adagas 5.0
Preco: 29999 Vendidos: 216
2026-05-11 15:47:13,684 - INFO - Par de Adagas 5.1
Preco: 68067 Vendidos: 41
2026-05-11 15:47:16,505 - INFO - Par de Adagas 5.2
Preco: 198687 Vendidos: 7
2026-05-11 15:47:19,342 - INFO - Par de Adagas 5.3
Preco: 719983 Vendidos: 2
2026-05-11 15:47:24,130 - INFO - Par de Adagas 6.0
Preco: 739340 Vendidos: 90
2026-05-11 15:47:26,963 - INFO - Par de Adagas 6.1
Preco: 140000 Vendidos: 30
2026-05-11 15:47:29,760 - INFO - Par de Adagas 6.2
Preco: 689999 Vendidos: 8
2026-05-11 15:47:32,602 - INFO - Par de Adagas 6.3
Preco: 1849996 Vendidos: 3
2026-05-11 15:47:37,440 - INFO - Par de Adagas 7.0
Preco: 237872 Vendidos: 21
2026-05-11 15:47:40,300 - INFO - Par de Adagas 7.1
Preco: 654993 Vendidos: 5
2026-05-11 15:47:43,099 - INFO - Par de Adagas 7.2
Preco: 1798988 Vendidos: 1
2026-05-11 15:47:45,954 - INFO - Par de Adagas 7.3
Preco: 5695991 Vendidos: 0
2026-05-11 15:47:50,774 - INFO - Par de Adagas 8.0
Preco: 791000 Vendidos: 1
2026-05-11 15:47:53,570 - INFO - Par de Adagas 8.1
Preco: 1689997 Vendidos: 1
2026-05-11 15:47:56,407 - INFO - Par de Adagas 8.2
Preco: 6149976 Vendidos: 0
2026-05-11 15:47:59,222 - INFO - Par de Adagas 8.3
Preco: 16000000 Vendidos: 0
2026-05-11 15:48:00,173 - INFO - 
[12/48] Garras do
2026-05-11 15:48:05,557 - INFO - Garras do 5.0
Preco: 34435 Vendidos: 128
2026-05-11 15:48:08,393 - INFO - Garras do 5.1
Preco: 56298 Vendidos: 23
2026-05-11 15:48:11,224 - INFO - Garras do 5.2
Preco: 179959 Vendidos: 8
2026-05-11 15:48:14,027 - INFO - Garras do 5.3
Preco: 799996 Vendidos: 2
2026-05-11 15:48:18,852 - INFO - Garras do 6.0
Preco: 80920 Vendidos: 119
2026-05-11 15:48:21,676 - INFO - Garras do 6.1
Preco: 166993 Vendidos: 26
2026-05-11 15:48:24,485 - INFO - Garras do 6.2
Preco: 724000 Vendidos: 11
2026-05-11 15:48:27,324 - INFO - Garras do 6.3
Preco: 1796663 Vendidos: 0
2026-05-11 15:48:32,134 - INFO - Garras do 7.0
Preco: 264462 Vendidos: 25
2026-05-11 15:48:34,953 - INFO - Garras do 7.1
Preco: 679000 Vendidos: 7
2026-05-11 15:48:37,817 - INFO - Garras do 7.2
Preco: 1999883 Vendidos: 1
2026-05-11 15:48:40,651 - INFO - Garras do 7.3
Preco: 4599900 Vendidos: 1
2026-05-11 15:48:45,466 - INFO - Garras do 8.0
Preco: 744443 Vendidos: 7
2026-05-11 15:48:48,278 - INFO - Garras do 8.1
Preco: 2091999 Vendidos: 5
2026-05-11 15:48:51,076 - INFO - Garras do 8.2
Preco: 6999999 Vendidos: 1
2026-05-11 15:48:53,884 - INFO - Garras do 8.3
Preco: 13500000 Vendidos: 0
2026-05-11 15:48:54,839 - INFO - 
[13/48] Martelo do
2026-05-11 15:49:00,175 - INFO - Martelo do 5.0
Preco: 23692 Vendidos: 159
2026-05-11 15:49:02,973 - INFO - Martelo do 5.1
Preco: 429360 Vendidos: 37
2026-05-11 15:49:05,774 - INFO - Martelo do 5.2
Preco: 149994 Vendidos: 2
2026-05-11 15:49:08,579 - INFO - Martelo do 5.3
Preco: 526893 Vendidos: 1
2026-05-11 15:49:13,396 - INFO - Martelo do 6.0
Preco: 57200 Vendidos: 319
2026-05-11 15:49:16,216 - INFO - Martelo do 6.1
Preco: 154995 Vendidos: 53
2026-05-11 15:49:19,063 - INFO - Martelo do 6.2
Preco: 414953 Vendidos: 5
2026-05-11 15:49:21,897 - INFO - Martelo do 6.3
Preco: 1393531 Vendidos: 1
2026-05-11 15:49:26,680 - INFO - Martelo do 7.0
Preco: 249996 Vendidos: 28
2026-05-11 15:49:29,484 - INFO - Martelo do 7.1
Preco: 439898 Vendidos: 3
2026-05-11 15:49:32,309 - INFO - Martelo do 7.2
Preco: 1385999 Vendidos: 2
2026-05-11 15:49:38,050 - INFO - Martelo do 7.3
Preco: 4777777 Vendidos: 0
2026-05-11 15:49:42,867 - INFO - Martelo do 8.0
Preco: 498888 Vendidos: 1
2026-05-11 15:49:45,703 - INFO - Martelo do 8.1
Preco: 1450993 Vendidos: 2
2026-05-11 15:49:48,546 - INFO - Martelo do 8.2
Preco: 4395813 Vendidos: 1
2026-05-11 15:49:51,344 - INFO - Martelo do 8.3
Preco: 8389999 Vendidos: 0
2026-05-11 15:49:52,287 - INFO - 
[14/48] Martelo Elevado
2026-05-11 15:49:57,674 - INFO - Martelo Elevado 5.0
Preco: 33482 Vendidos: 318
2026-05-11 15:50:00,501 - INFO - Martelo Elevado 5.1
Preco: 56787 Vendidos: 32
2026-05-11 15:50:03,345 - INFO - Martelo Elevado 5.2
Preco: 182943 Vendidos: 12
2026-05-11 15:50:06,154 - INFO - Martelo Elevado 5.3
Preco: 689000 Vendidos: 2
2026-05-11 15:50:10,950 - INFO - Martelo Elevado 6.0
Preco: 69994 Vendidos: 100
2026-05-11 15:50:13,758 - INFO - Martelo Elevado 6.1
Preco: 192423 Vendidos: 38
2026-05-11 15:50:16,581 - INFO - Martelo Elevado 6.2
Preco: 702985 Vendidos: 10
2026-05-11 15:50:19,398 - INFO - Martelo Elevado 6.3
Preco: 1645988 Vendidos: 0
2026-05-11 15:50:24,208 - INFO - Martelo Elevado 7.0
Preco: 266997 Vendidos: 18
2026-05-11 15:50:27,075 - INFO - Martelo Elevado 7.1
Preco: 539997 Vendidos: 5
2026-05-11 15:50:29,883 - INFO - Martelo Elevado 7.2
Preco: 1730999 Vendidos: 0
2026-05-11 15:50:32,724 - INFO - Martelo Elevado 7.3
Preco: 5799974 Vendidos: 0
2026-05-11 15:50:37,522 - INFO - Martelo Elevado 8.0
Preco: 699995 Vendidos: 6
2026-05-11 15:50:40,387 - INFO - Martelo Elevado 8.1
Preco: 1690998 Vendidos: 4
2026-05-11 15:50:43,169 - INFO - Martelo Elevado 8.2
Preco: 6588784 Vendidos: 1
2026-05-11 15:50:45,973 - INFO - Martelo Elevado 8.3
Preco: 14999989 Vendidos: 0
2026-05-11 15:50:46,921 - INFO - 
[15/48] Martelo de Batalha
2026-05-11 15:50:52,241 - INFO - Martelo de Batalha 5.0
Preco: 35533 Vendidos: 124
2026-05-11 15:50:55,063 - INFO - Martelo de Batalha 5.1
Preco: 48550 Vendidos: 28
2026-05-11 15:50:57,869 - INFO - Martelo de Batalha 5.2
Preco: 197797 Vendidos: 4
2026-05-11 15:51:14,754 - INFO - Martelo de Batalha 5.3
Preco: 699954 Vendidos: 3
2026-05-11 15:51:19,559 - INFO - Martelo de Batalha 6.0
Preco: 73941 Vendidos: 90
2026-05-11 15:51:22,369 - INFO - Martelo de Batalha 6.1
Preco: 178000 Vendidos: 19
2026-05-11 15:51:25,213 - INFO - Martelo de Batalha 6.2
Preco: 651975 Vendidos: 6
2026-05-11 15:51:28,045 - INFO - Martelo de Batalha 6.3
Preco: 1698989 Vendidos: 0
2026-05-11 15:51:32,883 - INFO - Martelo de Batalha 7.0
Preco: 279987 Vendidos: 38
2026-05-11 15:51:49,735 - INFO - Martelo de Batalha 7.1
Preco: 708919 Vendidos: 1
2026-05-11 15:51:52,571 - INFO - Martelo de Batalha 7.2
Preco: 1999996 Vendidos: 2
2026-05-11 15:51:55,379 - INFO - Martelo de Batalha 7.3
Preco: 5999985 Vendidos: 0
2026-05-11 15:52:00,210 - INFO - Martelo de Batalha 8.0
Preco: 920997 Vendidos: 6
2026-05-11 15:52:03,051 - INFO - Martelo de Batalha 8.1
Preco: 1809879 Vendidos: 1
2026-05-11 15:52:05,895 - INFO - Martelo de Batalha 8.2
Preco: 4999989 Vendidos: 2
2026-05-11 15:52:08,709 - INFO - Martelo de Batalha 8.3
Preco: 14999993 Vendidos: 0
2026-05-11 15:52:09,670 - INFO - 
[16/48] Luvas de Lutador
2026-05-11 15:52:16,102 - INFO - Luvas de Lutador 5.0
Preco: 41375 Vendidos: 166
2026-05-11 15:52:18,927 - INFO - Luvas de Lutador 5.1
Preco: 85915 Vendidos: 37
2026-05-11 15:52:21,719 - INFO - Luvas de Lutador 5.2
Preco: 208965 Vendidos: 8
2026-05-11 15:52:24,548 - INFO - Luvas de Lutador 5.3
Preco: 639998 Vendidos: 2
2026-05-11 15:52:29,402 - INFO - Luvas de Lutador 6.0
Preco: 94766 Vendidos: 75
2026-05-11 15:52:32,214 - INFO - Luvas de Lutador 6.1
Preco: 189472 Vendidos: 15
2026-05-11 15:52:35,030 - INFO - Luvas de Lutador 6.2
Preco: 624996 Vendidos: 6
2026-05-11 15:52:37,860 - INFO - Luvas de Lutador 6.3
Preco: 1698884 Vendidos: 1
2026-05-11 15:52:42,700 - INFO - Luvas de Lutador 7.0
Preco: 344006 Vendidos: 18
2026-05-11 15:52:45,516 - INFO - Luvas de Lutador 7.1
Preco: 779999 Vendidos: 2
2026-05-11 15:52:48,377 - INFO - Luvas de Lutador 7.2
Preco: 1999998 Vendidos: 0
2026-05-11 15:52:52,562 - INFO - Luvas de Lutador 7.3
Preco: 4999997 Vendidos: 1
2026-05-11 15:52:57,378 - INFO - Luvas de Lutador 8.0
Preco: 638953 Vendidos: 9
2026-05-11 15:53:00,170 - INFO - Luvas de Lutador 8.1
Preco: 1990170 Vendidos: 5
2026-05-11 15:53:02,967 - INFO - Luvas de Lutador 8.2
Preco: 4695970 Vendidos: 1
2026-05-11 15:53:19,336 - INFO - Luvas de Lutador 8.3
Preco: 11345152 Vendidos: 0
2026-05-11 15:53:20,285 - INFO - 
[17/48] Braçadeiras de Batalha
2026-05-11 15:53:25,636 - INFO - Braçadeiras de Batalha 5.0
Preco: 43488 Vendidos: 145
2026-05-11 15:53:28,489 - INFO - Braçadeiras de Batalha 5.1
Preco: 69442 Vendidos: 63
2026-05-11 15:53:31,310 - INFO - Braçadeiras de Batalha 5.2
Preco: 214769 Vendidos: 2
2026-05-11 15:53:34,146 - INFO - Braçadeiras de Batalha 5.3
Preco: 748991 Vendidos: 1
2026-05-11 15:53:38,986 - INFO - Braçadeiras de Batalha 6.0
Preco: 117899 Vendidos: 161
2026-05-11 15:53:41,837 - INFO - Braçadeiras de Batalha 6.1
Preco: 216983 Vendidos: 21
2026-05-11 15:53:44,674 - INFO - Braçadeiras de Batalha 6.2
Preco: 1090000 Vendidos: 10
2026-05-11 15:53:47,494 - INFO - Braçadeiras de Batalha 6.3
Preco: 1699999 Vendidos: 0
2026-05-11 15:53:52,312 - INFO - Braçadeiras de Batalha 7.0
Preco: 339058 Vendidos: 17
2026-05-11 15:53:55,099 - INFO - Braçadeiras de Batalha 7.1
Preco: 845000 Vendidos: 2
2026-05-11 15:53:57,943 - INFO - Braçadeiras de Batalha 7.2
Preco: 2011849 Vendidos: 1
2026-05-11 15:54:00,748 - INFO - Braçadeiras de Batalha 7.3
Preco: 5999998 Vendidos: 0
2026-05-11 15:54:05,553 - INFO - Braçadeiras de Batalha 8.0
Preco: 888888 Vendidos: 3
2026-05-11 15:54:08,342 - INFO - Braçadeiras de Batalha 8.1
Preco: 1749984 Vendidos: 3
2026-05-11 15:54:11,148 - INFO - Braçadeiras de Batalha 8.2
Preco: 5989995 Vendidos: 0
2026-05-11 15:54:30,096 - WARNING - OCR de quantidade vazio: '—\n'
2026-05-11 15:54:30,096 - WARNING - [ERRO] Não foi possível extrair dados de Braçadeiras de Batalha T8.3
2026-05-11 15:54:30,120 - INFO - Screenshot de falha salvo em screenshots\failures\fail_Braçadeiras de Batalha_T8.3_20260511_155430.png
2026-05-11 15:54:31,067 - INFO - 
[18/48] Manoplas Cravadas
2026-05-11 15:54:50,333 - INFO - Manoplas Cravadas 5.0
Preco: 38668 Vendidos: 135
2026-05-11 15:54:53,166 - INFO - Manoplas Cravadas 5.1
Preco: 59407 Vendidos: 38
2026-05-11 15:54:55,981 - INFO - Manoplas Cravadas 5.2
Preco: 204992 Vendidos: 6
2026-05-11 15:54:58,803 - INFO - Manoplas Cravadas 5.3
Preco: 576999 Vendidos: 1
2026-05-11 15:55:03,625 - INFO - Manoplas Cravadas 6.0
Preco: 98016 Vendidos: 253
2026-05-11 15:55:06,445 - INFO - Manoplas Cravadas 6.1
Preco: 214433 Vendidos: 16
2026-05-11 15:55:09,277 - INFO - Manoplas Cravadas 6.2
Preco: 699999 Vendidos: 7
2026-05-11 15:55:12,076 - INFO - Manoplas Cravadas 6.3
Preco: 1799999 Vendidos: 2
2026-05-11 15:55:16,901 - INFO - Manoplas Cravadas 7.0
Preco: 336886 Vendidos: 18
2026-05-11 15:55:19,697 - INFO - Manoplas Cravadas 7.1
Preco: 679993 Vendidos: 3
2026-05-11 15:55:22,517 - INFO - Manoplas Cravadas 7.2
Preco: 2149900 Vendidos: 3
2026-05-11 15:55:25,353 - INFO - Manoplas Cravadas 7.3
Preco: 5538998 Vendidos: 1
2026-05-11 15:55:33,145 - INFO - Manoplas Cravadas 8.0
Preco: 688888 Vendidos: 1
2026-05-11 15:55:36,023 - INFO - Manoplas Cravadas 8.1
Preco: 1778978 Vendidos: 0
2026-05-11 15:55:38,838 - INFO - Manoplas Cravadas 8.2
Preco: 5377980 Vendidos: 0
2026-05-11 15:55:41,658 - INFO - Manoplas Cravadas 8.3
Preco: 13499998 Vendidos: 1
2026-05-11 15:55:42,602 - INFO - 
[19/48] Bordão do
2026-05-11 15:55:47,915 - INFO - Bordão do 5.0
Preco: 46878 Vendidos: 120
2026-05-11 15:55:50,741 - INFO - Bordão do 5.1
Preco: 65677 Vendidos: 46
2026-05-11 15:55:53,552 - INFO - Bordão do 5.2
Preco: 204855 Vendidos: 8
2026-05-11 15:55:56,355 - INFO - Bordão do 5.3
Preco: 699994 Vendidos: 3
2026-05-11 15:56:01,139 - INFO - Bordão do 6.0
Preco: 129979 Vendidos: 60
2026-05-11 15:56:03,976 - INFO - Bordão do 6.1
Preco: 199995 Vendidos: 28
2026-05-11 15:56:06,831 - INFO - Bordão do 6.2
Preco: 688879 Vendidos: 4
2026-05-11 15:56:09,662 - INFO - Bordão do 6.3
Preco: 1665531 Vendidos: 1
2026-05-11 15:56:14,475 - INFO - Bordão do 7.0
Preco: 299996 Vendidos: 10
2026-05-11 15:56:17,293 - INFO - Bordão do 7.1
Preco: 671107 Vendidos: 5
2026-05-11 15:56:20,134 - INFO - Bordão do 7.2
Preco: 1808998 Vendidos: 3
2026-05-11 15:56:22,953 - INFO - Bordão do 7.3
Preco: 5399975 Vendidos: 0
2026-05-11 15:56:27,758 - INFO - Bordão do 8.0
Preco: 766666 Vendidos: 11
2026-05-11 15:56:30,548 - INFO - Bordão do 8.1
Preco: 1811979 Vendidos: 1
2026-05-11 15:56:33,382 - INFO - Bordão do 8.2
Preco: 5999970 Vendidos: 0
2026-05-11 15:56:52,426 - WARNING - OCR de quantidade vazio: '—\n'
2026-05-11 15:56:52,426 - WARNING - [ERRO] Não foi possível extrair dados de Bordão do T8.3
2026-05-11 15:56:52,450 - INFO - Screenshot de falha salvo em screenshots\failures\fail_Bordão do_T8.3_20260511_155652.png
2026-05-11 15:56:53,399 - INFO - 
[20/48] Cajado Férreo
2026-05-11 15:56:58,748 - INFO - Cajado Férreo 5.0
Preco: 46799 Vendidos: 163
2026-05-11 15:57:01,587 - INFO - Cajado Férreo 5.1
Preco: 69466 Vendidos: 11
2026-05-11 15:57:04,380 - INFO - Cajado Férreo 5.2
Preco: 224190 Vendidos: 5
2026-05-11 15:57:07,217 - INFO - Cajado Férreo 5.3
Preco: 665990 Vendidos: 3
2026-05-11 15:57:12,002 - INFO - Cajado Férreo 6.0
Preco: 138989 Vendidos: 65
2026-05-11 15:57:14,826 - INFO - Cajado Férreo 6.1
Preco: 187755 Vendidos: 31
2026-05-11 15:57:17,649 - INFO - Cajado Férreo 6.2
Preco: 890000 Vendidos: 3
2026-05-11 15:57:20,472 - INFO - Cajado Férreo 6.3
Preco: 1789997 Vendidos: 0
2026-05-11 15:57:25,249 - INFO - Cajado Férreo 7.0
Preco: 309473 Vendidos: 22
2026-05-11 15:57:28,054 - INFO - Cajado Férreo 7.1
Preco: 641982 Vendidos: 5
2026-05-11 15:57:30,893 - INFO - Cajado Férreo 7.2
Preco: 1890103 Vendidos: 1
2026-05-11 15:57:33,728 - INFO - Cajado Férreo 7.3
Preco: 5099991 Vendidos: 0
2026-05-11 15:57:38,539 - INFO - Cajado Férreo 8.0
Preco: 857988 Vendidos: 6
2026-05-11 15:57:55,324 - INFO - Cajado Férreo 8.1
Preco: 2211287 Vendidos: 4
2026-05-11 15:57:58,146 - INFO - Cajado Férreo 8.2
Preco: 5469984 Vendidos: 1
2026-05-11 15:58:00,983 - INFO - Cajado Férreo 8.3
Preco: 11999192 Vendidos: 0
2026-05-11 15:58:01,932 - INFO - 
[21/48] Cajado Bilaminado
2026-05-11 15:58:08,375 - INFO - Cajado Bilaminado 5.0
Preco: 50880 Vendidos: 94
2026-05-11 15:58:11,186 - INFO - Cajado Bilaminado 5.1
Preco: 74421 Vendidos: 29
2026-05-11 15:58:14,034 - INFO - Cajado Bilaminado 5.2
Preco: 227947 Vendidos: 8
2026-05-11 15:58:16,855 - INFO - Cajado Bilaminado 5.3
Preco: 737645 Vendidos: 1
2026-05-11 15:58:21,667 - INFO - Cajado Bilaminado 6.0
Preco: 124930 Vendidos: 58
2026-05-11 15:58:24,508 - INFO - Cajado Bilaminado 6.1
Preco: 256634 Vendidos: 13
2026-05-11 15:58:27,345 - INFO - Cajado Bilaminado 6.2
Preco: 790000 Vendidos: 2
2026-05-11 15:58:30,178 - INFO - Cajado Bilaminado 6.3
Preco: 1690990 Vendidos: 1
2026-05-11 15:58:35,039 - INFO - Cajado Bilaminado 7.0
Preco: 297754 Vendidos: 23
2026-05-11 15:58:52,123 - INFO - Cajado Bilaminado 7.1
Preco: 826000 Vendidos: 8
2026-05-11 15:58:54,940 - INFO - Cajado Bilaminado 7.2
Preco: 1798895 Vendidos: 0
2026-05-11 15:58:57,730 - INFO - Cajado Bilaminado 7.3
Preco: 5999897 Vendidos: 1
2026-05-11 15:59:02,555 - INFO - Cajado Bilaminado 8.0
Preco: 818998 Vendidos: 4
2026-05-11 15:59:05,361 - INFO - Cajado Bilaminado 8.1
Preco: 2109999 Vendidos: 1
2026-05-11 15:59:08,175 - INFO - Cajado Bilaminado 8.2
Preco: 5398884 Vendidos: 1
2026-05-11 15:59:10,989 - INFO - Cajado Bilaminado 8.3
Preco: 9000000 Vendidos: 0
2026-05-11 15:59:11,932 - INFO - 
[22/48] Lança do
2026-05-11 15:59:17,237 - INFO - Lança do 5.0
Preco: 19586 Vendidos: 104
2026-05-11 15:59:20,044 - INFO - Lança do 5.1
Preco: 39776 Vendidos: 26
2026-05-11 15:59:22,900 - INFO - Lança do 5.2
Preco: 96643 Vendidos: 10
2026-05-11 15:59:25,705 - INFO - Lança do 5.3
Preco: 549987 Vendidos: 1
2026-05-11 15:59:30,529 - INFO - Lança do 6.0
Preco: 52479 Vendidos: 83
2026-05-11 15:59:33,358 - INFO - Lança do 6.1
Preco: 145554 Vendidos: 39
2026-05-11 15:59:36,189 - INFO - Lança do 6.2
Preco: 440374 Vendidos: 10
2026-05-11 15:59:39,008 - INFO - Lança do 6.3
Preco: 1447938 Vendidos: 1
2026-05-11 15:59:43,825 - INFO - Lança do 7.0
Preco: 199999 Vendidos: 18
2026-05-11 15:59:46,701 - INFO - Lança do 7.1
Preco: 429963 Vendidos: 5
2026-05-11 15:59:49,526 - INFO - Lança do 7.2
Preco: 1455683 Vendidos: 1
2026-05-11 15:59:52,378 - INFO - Lança do 7.3
Preco: 4644944 Vendidos: 1
2026-05-11 15:59:57,206 - INFO - Lança do 8.0
Preco: 589994 Vendidos: 3
2026-05-11 16:00:13,991 - INFO - Lança do 8.1
Preco: 1221984 Vendidos: 4
2026-05-11 16:00:16,809 - INFO - Lança do 8.2
Preco: 4749980 Vendidos: 1
2026-05-11 16:00:19,622 - INFO - Lança do 8.3
Preco: 8999999 Vendidos: 0
2026-05-11 16:00:20,580 - INFO - 
[23/48] Pique
2026-05-11 16:00:25,886 - INFO - Pique 5.0
Preco: 32577 Vendidos: 165
2026-05-11 16:00:28,705 - INFO - Pique 5.1
Preco: 56931 Vendidos: 33
2026-05-11 16:00:31,521 - INFO - Pique 5.2
Preco: 181949 Vendidos: 2
2026-05-11 16:00:34,347 - INFO - Pique 5.3
Preco: 649995 Vendidos: 2
2026-05-11 16:00:39,163 - INFO - Pique 6.0
Preco: 74986 Vendidos: 72
2026-05-11 16:00:41,995 - INFO - Pique 6.1
Preco: 135549 Vendidos: 31
2026-05-11 16:00:44,825 - INFO - Pique 6.2
Preco: 581096 Vendidos: 8
2026-05-11 16:00:47,651 - INFO - Pique 6.3
Preco: 1784990 Vendidos: 2
2026-05-11 16:00:52,462 - INFO - Pique 7.0
Preco: 338000 Vendidos: 27
2026-05-11 16:00:55,287 - INFO - Pique 7.1
Preco: 508067 Vendidos: 3
2026-05-11 16:00:58,094 - INFO - Pique 7.2
Preco: 1811098 Vendidos: 1
2026-05-11 16:01:00,945 - INFO - Pique 7.3
Preco: 5300000 Vendidos: 1
2026-05-11 16:01:05,781 - INFO - Pique 8.0
Preco: 828888 Vendidos: 5
2026-05-11 16:01:08,589 - INFO - Pique 8.1
Preco: 1657975 Vendidos: 3
2026-05-11 16:01:11,389 - INFO - Pique 8.2
Preco: 5079994 Vendidos: 1
2026-05-11 16:01:14,192 - INFO - Pique 8.3
Preco: 14999994 Vendidos: 0
2026-05-11 16:01:15,147 - INFO - 
[24/48] Archa
2026-05-11 16:01:20,458 - INFO - Archa 5.0
Preco: 34129 Vendidos: 91
2026-05-11 16:01:23,270 - INFO - Archa 5.1
Preco: 40651 Vendidos: 69
2026-05-11 16:01:26,054 - INFO - Archa 5.2
Preco: 159098 Vendidos: 13
2026-05-11 16:01:28,884 - INFO - Archa 5.3
Preco: 587994 Vendidos: 2
2026-05-11 16:01:33,739 - INFO - Archa 6.0
Preco: 78996 Vendidos: 88
2026-05-11 16:01:36,574 - INFO - Archa 6.1
Preco: 133322 Vendidos: 53
2026-05-11 16:01:39,418 - INFO - Archa 6.2
Preco: 525000 Vendidos: 6
2026-05-11 16:01:42,232 - INFO - Archa 6.3
Preco: 1855976 Vendidos: 1
2026-05-11 16:01:47,059 - INFO - Archa 7.0
Preco: 219992 Vendidos: 21
2026-05-11 16:01:49,872 - INFO - Archa 7.1
Preco: 552177 Vendidos: 8
2026-05-11 16:01:52,698 - INFO - Archa 7.2
Preco: 1799999 Vendidos: 1
2026-05-11 16:01:55,512 - INFO - Archa 7.3
Preco: 5499999 Vendidos: 0
2026-05-11 16:02:00,319 - INFO - Archa 8.0
Preco: 696000 Vendidos: 7
2026-05-11 16:02:03,174 - INFO - Archa 8.1
Preco: 1549994 Vendidos: 3
2026-05-11 16:02:05,992 - INFO - Archa 8.2
Preco: 5910411 Vendidos: 1
2026-05-11 16:02:08,853 - INFO - Archa 8.3
Preco: 13000000 Vendidos: 0
2026-05-11 16:02:09,811 - INFO - 
[25/48] Espada Larga
2026-05-11 16:02:15,144 - INFO - Espada Larga 5.0
Preco: 25540 Vendidos: 141
2026-05-11 16:02:17,958 - INFO - Espada Larga 5.1
Preco: 35008 Vendidos: 60
2026-05-11 16:02:20,762 - INFO - Espada Larga 5.2
Preco: 179998 Vendidos: 6
2026-05-11 16:02:23,592 - INFO - Espada Larga 5.3
Preco: 553994 Vendidos: 3
2026-05-11 16:02:28,416 - INFO - Espada Larga 6.0
Preco: 40947 Vendidos: 166
2026-05-11 16:02:31,239 - INFO - Espada Larga 6.1
Preco: 164994 Vendidos: 33
2026-05-11 16:02:34,089 - INFO - Espada Larga 6.2
Preco: 496994 Vendidos: 4
2026-05-11 16:02:36,914 - INFO - Espada Larga 6.3
Preco: 1424990 Vendidos: 0
2026-05-11 16:02:41,727 - INFO - Espada Larga 7.0
Preco: 152222 Vendidos: 28
2026-05-11 16:02:44,527 - INFO - Espada Larga 7.1
Preco: 483000 Vendidos: 6
2026-05-11 16:02:47,367 - INFO - Espada Larga 7.2
Preco: 1565440 Vendidos: 0
2026-05-11 16:02:50,181 - INFO - Espada Larga 7.3
Preco: 4490984 Vendidos: 0
2026-05-11 16:02:54,981 - INFO - Espada Larga 8.0
Preco: 77777 Vendidos: 8
2026-05-11 16:02:57,803 - INFO - Espada Larga 8.1
Preco: 1674988 Vendidos: 1
2026-05-11 16:03:00,642 - INFO - Espada Larga 8.2
Preco: 4400000 Vendidos: 2
2026-05-11 16:03:17,449 - INFO - Espada Larga 8.3
Preco: 11499997 Vendidos: 0
2026-05-11 16:03:18,394 - INFO - 
[26/48] Montante
2026-05-11 16:03:24,819 - INFO - Montante 5.0
Preco: 41935 Vendidos: 154
2026-05-11 16:03:27,617 - INFO - Montante 5.1
Preco: 55572 Vendidos: 74
2026-05-11 16:03:30,421 - INFO - Montante 5.2
Preco: 237980 Vendidos: 6
2026-05-11 16:03:33,229 - INFO - Montante 5.3
Preco: 609959 Vendidos: 1
2026-05-11 16:03:38,034 - INFO - Montante 6.0
Preco: 90908 Vendidos: 280
2026-05-11 16:03:40,854 - INFO - Montante 6.1
Preco: 192988 Vendidos: 35
2026-05-11 16:03:43,665 - INFO - Montante 6.2
Preco: 692000 Vendidos: 3
2026-05-11 16:03:46,518 - INFO - Montante 6.3
Preco: 1738999 Vendidos: 1
2026-05-11 16:03:51,338 - INFO - Montante 7.0
Preco: 275997 Vendidos: 30
2026-05-11 16:03:54,156 - INFO - Montante 7.1
Preco: 629977 Vendidos: 7
2026-05-11 16:03:56,979 - INFO - Montante 7.2
Preco: 1888875 Vendidos: 3
2026-05-11 16:03:59,779 - INFO - Montante 7.3
Preco: 5797989 Vendidos: 0
2026-05-11 16:04:04,621 - INFO - Montante 8.0
Preco: 614443 Vendidos: 12
2026-05-11 16:04:07,484 - INFO - Montante 8.1
Preco: 2191985 Vendidos: 1
2026-05-11 16:04:10,283 - INFO - Montante 8.2
Preco: 5989948 Vendidos: 0
2026-05-11 16:04:13,102 - INFO - Montante 8.3
Preco: 17999997 Vendidos: 0
2026-05-11 16:04:14,062 - INFO - 
[27/48] Espadas Duplas
2026-05-11 16:04:19,398 - INFO - Espadas Duplas 5.0
Preco: 41792 Vendidos: 140
2026-05-11 16:04:22,208 - INFO - Espadas Duplas 5.1
Preco: 44491 Vendidos: 87
2026-05-11 16:04:24,992 - INFO - Espadas Duplas 5.2
Preco: 164157 Vendidos: 23
2026-05-11 16:04:27,798 - INFO - Espadas Duplas 5.3
Preco: 627742 Vendidos: 2
2026-05-11 16:04:32,593 - INFO - Espadas Duplas 6.0
Preco: 90055 Vendidos: 198
2026-05-11 16:04:35,390 - INFO - Espadas Duplas 6.1
Preco: 186990 Vendidos: 18
2026-05-11 16:04:38,210 - INFO - Espadas Duplas 6.2
Preco: 760092 Vendidos: 3
2026-05-11 16:04:41,045 - INFO - Espadas Duplas 6.3
Preco: 1699998 Vendidos: 0
2026-05-11 16:04:45,850 - INFO - Espadas Duplas 7.0
Preco: 329998 Vendidos: 15
2026-05-11 16:04:48,671 - INFO - Espadas Duplas 7.1
Preco: 809996 Vendidos: 7
2026-05-11 16:04:51,496 - INFO - Espadas Duplas 7.2
Preco: 2146437 Vendidos: 1
2026-05-11 16:04:54,306 - INFO - Espadas Duplas 7.3
Preco: 7999993 Vendidos: 0
2026-05-11 16:04:59,131 - INFO - Espadas Duplas 8.0
Preco: 697906 Vendidos: 1
2026-05-11 16:05:01,999 - INFO - Espadas Duplas 8.1
Preco: 1899996 Vendidos: 2
2026-05-11 16:05:04,824 - INFO - Espadas Duplas 8.2
Preco: 8699999 Vendidos: 0
2026-05-11 16:05:07,652 - INFO - Espadas Duplas 8.3
Preco: 15199992 Vendidos: 0
2026-05-11 16:05:08,610 - INFO - 
[28/48] Cajado Arcano do
2026-05-11 16:05:13,933 - INFO - Cajado Arcano do 5.0
Preco: 15780 Vendidos: 164
2026-05-11 16:05:16,755 - INFO - Cajado Arcano do 5.1
Preco: 18746 Vendidos: 146
2026-05-11 16:05:19,553 - INFO - Cajado Arcano do 5.2
Preco: 73968 Vendidos: 15
2026-05-11 16:05:22,396 - INFO - Cajado Arcano do 5.3
Preco: 199769 Vendidos: 2
2026-05-11 16:05:27,199 - INFO - Cajado Arcano do 6.0
Preco: 22777 Vendidos: 601
2026-05-11 16:05:30,000 - INFO - Cajado Arcano do 6.1
Preco: 55999 Vendidos: 59
2026-05-11 16:05:32,825 - INFO - Cajado Arcano do 6.2
Preco: 141898 Vendidos: 29
2026-05-11 16:05:35,633 - INFO - Cajado Arcano do 6.3
Preco: 509983 Vendidos: 3
2026-05-11 16:05:40,490 - INFO - Cajado Arcano do 7.0
Preco: 51991 Vendidos: 453
2026-05-11 16:05:43,310 - INFO - Cajado Arcano do 7.1
Preco: 133996 Vendidos: 124
2026-05-11 16:05:46,159 - INFO - Cajado Arcano do 7.2
Preco: 507187 Vendidos: 10
2026-05-11 16:05:48,970 - INFO - Cajado Arcano do 7.3
Preco: 1644391 Vendidos: 2
2026-05-11 16:05:53,793 - INFO - Cajado Arcano do 8.0
Preco: 197761 Vendidos: 75
2026-05-11 16:05:56,617 - INFO - Cajado Arcano do 8.1
Preco: 466833 Vendidos: 12
2026-05-11 16:05:59,421 - INFO - Cajado Arcano do 8.2
Preco: 1387410 Vendidos: 2
2026-05-11 16:06:02,221 - INFO - Cajado Arcano do 8.3
Preco: 4199910 Vendidos: 0
2026-05-11 16:06:03,176 - INFO - 
[29/48] Cajado Arcano Elevado
2026-05-11 16:06:08,502 - INFO - Cajado Arcano Elevado 5.0
Preco: 26815 Vendidos: 135
2026-05-11 16:06:11,325 - INFO - Cajado Arcano Elevado 5.1
Preco: 39990 Vendidos: 77
2026-05-11 16:06:14,125 - INFO - Cajado Arcano Elevado 5.2
Preco: 195994 Vendidos: 2
2026-05-11 16:06:16,954 - INFO - Cajado Arcano Elevado 5.3
Preco: 687951 Vendidos: 2
2026-05-11 16:06:21,774 - INFO - Cajado Arcano Elevado 6.0
Preco: 73947 Vendidos: 148
2026-05-11 16:06:24,556 - INFO - Cajado Arcano Elevado 6.1
Preco: 166665 Vendidos: 23
2026-05-11 16:06:27,387 - INFO - Cajado Arcano Elevado 6.2
Preco: 638996 Vendidos: 8
2026-05-11 16:06:44,265 - INFO - Cajado Arcano Elevado 6.3
Preco: 1749998 Vendidos: 4
2026-05-11 16:06:49,082 - INFO - Cajado Arcano Elevado 7.0
Preco: 267777 Vendidos: 27
2026-05-11 16:06:51,893 - INFO - Cajado Arcano Elevado 7.1
Preco: 581848 Vendidos: 5
2026-05-11 16:06:54,719 - INFO - Cajado Arcano Elevado 7.2
Preco: 1830999 Vendidos: 2
2026-05-11 16:06:57,547 - INFO - Cajado Arcano Elevado 7.3
Preco: 5699961 Vendidos: 0
2026-05-11 16:07:02,355 - INFO - Cajado Arcano Elevado 8.0
Preco: 779997 Vendidos: 4
2026-05-11 16:07:19,050 - INFO - Cajado Arcano Elevado 8.1
Preco: 1397000 Vendidos: 4
2026-05-11 16:07:21,843 - INFO - Cajado Arcano Elevado 8.2
Preco: 5899975 Vendidos: 1
2026-05-11 16:07:24,649 - INFO - Cajado Arcano Elevado 8.3
Preco: 13499998 Vendidos: 0
2026-05-11 16:07:25,609 - INFO - 
[30/48] Cajado Enigmático
2026-05-11 16:07:30,933 - INFO - Cajado Enigmático 5.0
Preco: 34327 Vendidos: 286
2026-05-11 16:07:33,755 - INFO - Cajado Enigmático 5.1
Preco: 49493 Vendidos: 52
2026-05-11 16:07:50,286 - INFO - Cajado Enigmático 5.2
Preco: 195490 Vendidos: 14
2026-05-11 16:07:53,109 - INFO - Cajado Enigmático 5.3
Preco: 722100 Vendidos: 2
2026-05-11 16:07:57,925 - INFO - Cajado Enigmático 6.0
Preco: 80895 Vendidos: 222
2026-05-11 16:08:00,756 - INFO - Cajado Enigmático 6.1
Preco: 116000 Vendidos: 38
2026-05-11 16:08:03,578 - INFO - Cajado Enigmático 6.2
Preco: 742993 Vendidos: 7
2026-05-11 16:08:06,419 - INFO - Cajado Enigmático 6.3
Preco: 1795935 Vendidos: 0
2026-05-11 16:08:11,221 - INFO - Cajado Enigmático 7.0
Preco: 242965 Vendidos: 39
2026-05-11 16:08:14,024 - INFO - Cajado Enigmático 7.1
Preco: 456000 Vendidos: 11
2026-05-11 16:08:16,849 - INFO - Cajado Enigmático 7.2
Preco: 1769970 Vendidos: 1
2026-05-11 16:08:19,642 - INFO - Cajado Enigmático 7.3
Preco: 5938984 Vendidos: 0
2026-05-11 16:08:24,453 - INFO - Cajado Enigmático 8.0
Preco: 687993 Vendidos: 11
2026-05-11 16:08:27,283 - INFO - Cajado Enigmático 8.1
Preco: 1680998 Vendidos: 0
2026-05-11 16:08:44,177 - INFO - Cajado Enigmático 8.2
Preco: 5599900 Vendidos: 0
2026-05-11 16:08:46,986 - INFO - Cajado Enigmático 8.3
Preco: 10000000 Vendidos: 0
2026-05-11 16:08:47,940 - INFO - 
[31/48] Cajado Amaldiçoado
2026-05-11 16:08:54,380 - INFO - Cajado Amaldiçoado 5.0
Preco: 8368 Vendidos: 331
2026-05-11 16:08:57,186 - INFO - Cajado Amaldiçoado 5.1
Preco: 142660 Vendidos: 93
2026-05-11 16:09:00,012 - INFO - Cajado Amaldiçoado 5.2
Preco: 30983 Vendidos: 3
2026-05-11 16:09:02,829 - INFO - Cajado Amaldiçoado 5.3
Preco: 121280 Vendidos: 1
2026-05-11 16:09:07,630 - INFO - Cajado Amaldiçoado 6.0
Preco: 19769 Vendidos: 564
2026-05-11 16:09:10,447 - INFO - Cajado Amaldiçoado 6.1
Preco: 40766 Vendidos: 61
2026-05-11 16:09:13,244 - INFO - Cajado Amaldiçoado 6.2
Preco: 90000 Vendidos: 0
2026-05-11 16:09:29,526 - INFO - Cajado Amaldiçoado 6.3
Preco: 420995 Vendidos: 1
2026-05-11 16:09:34,327 - INFO - Cajado Amaldiçoado 7.0
Preco: 52040 Vendidos: 117
2026-05-11 16:09:37,152 - INFO - Cajado Amaldiçoado 7.1
Preco: 128983 Vendidos: 41
2026-05-11 16:09:39,974 - INFO - Cajado Amaldiçoado 7.2
Preco: 417997 Vendidos: 3
2026-05-11 16:09:56,580 - INFO - Cajado Amaldiçoado 7.3
Preco: 1294540 Vendidos: 2
2026-05-11 16:10:15,040 - INFO - Cajado Amaldiçoado 8.0
Preco: 157382 Vendidos: 14
2026-05-11 16:10:17,902 - INFO - Cajado Amaldiçoado 8.1
Preco: 360965 Vendidos: 5
2026-05-11 16:10:20,734 - INFO - Cajado Amaldiçoado 8.2
Preco: 1369990 Vendidos: 0
2026-05-11 16:10:23,536 - INFO - Cajado Amaldiçoado 8.3
Preco: 4199997 Vendidos: 0
2026-05-11 16:10:24,489 - INFO - 
[32/48] Cajado Amaldiçoado Elevado
2026-05-11 16:10:29,802 - INFO - Cajado Amaldiçoado Elevado 5.0
Preco: 27976 Vendidos: 125
2026-05-11 16:10:34,484 - INFO - Cajado Amaldiçoado Elevado 5.1
Preco: 48488 Vendidos: 21
2026-05-11 16:10:37,326 - INFO - Cajado Amaldiçoado Elevado 5.2
Preco: 164994 Vendidos: 2
2026-05-11 16:10:40,200 - INFO - Cajado Amaldiçoado Elevado 5.3
Preco: 529999 Vendidos: 3
2026-05-11 16:10:45,045 - INFO - Cajado Amaldiçoado Elevado 6.0
Preco: 69880 Vendidos: 98
2026-05-11 16:10:50,795 - INFO - Cajado Amaldiçoado Elevado 6.1
Preco: 177777 Vendidos: 28
2026-05-11 16:11:06,762 - INFO - Cajado Amaldiçoado Elevado 6.2
Preco: 749999 Vendidos: 4
2026-05-11 16:11:09,590 - INFO - Cajado Amaldiçoado Elevado 6.3
Preco: 1660998 Vendidos: 2
2026-05-11 16:11:14,399 - INFO - Cajado Amaldiçoado Elevado 7.0
Preco: 233000 Vendidos: 14
2026-05-11 16:11:17,230 - INFO - Cajado Amaldiçoado Elevado 7.1
Preco: 474998 Vendidos: 9
2026-05-11 16:11:20,026 - INFO - Cajado Amaldiçoado Elevado 7.2
Preco: 1748999 Vendidos: 1
2026-05-11 16:11:22,853 - INFO - Cajado Amaldiçoado Elevado 7.3
Preco: 4894997 Vendidos: 1
2026-05-11 16:11:27,658 - INFO - Cajado Amaldiçoado Elevado 8.0
Preco: 652216 Vendidos: 6
2026-05-11 16:11:30,480 - INFO - Cajado Amaldiçoado Elevado 8.1
Preco: 1789997 Vendidos: 3
2026-05-11 16:11:47,184 - INFO - Cajado Amaldiçoado Elevado 8.2
Preco: 4859973 Vendidos: 2
2026-05-11 16:11:50,007 - INFO - Cajado Amaldiçoado Elevado 8.3
Preco: 12989999 Vendidos: 0
2026-05-11 16:11:50,955 - INFO - 
[33/48] Cajado Demoníaco
2026-05-11 16:11:56,280 - INFO - Cajado Demoníaco 5.0
Preco: 34319 Vendidos: 103
2026-05-11 16:12:13,138 - INFO - Cajado Demoníaco 5.1
Preco: 47495 Vendidos: 30
2026-05-11 16:12:15,953 - INFO - Cajado Demoníaco 5.2
Preco: 180840 Vendidos: 4
2026-05-11 16:12:18,787 - INFO - Cajado Demoníaco 5.3
Preco: 560884 Vendidos: 2
2026-05-11 16:12:23,606 - INFO - Cajado Demoníaco 6.0
Preco: 77600 Vendidos: 96
2026-05-11 16:12:26,424 - INFO - Cajado Demoníaco 6.1
Preco: 176884 Vendidos: 28
2026-05-11 16:12:29,232 - INFO - Cajado Demoníaco 6.2
Preco: 651991 Vendidos: 5
2026-05-11 16:12:32,078 - INFO - Cajado Demoníaco 6.3
Preco: 1709991 Vendidos: 3
2026-05-11 16:12:36,911 - INFO - Cajado Demoníaco 7.0
Preco: 217000 Vendidos: 35
2026-05-11 16:12:39,750 - INFO - Cajado Demoníaco 7.1
Preco: 520970 Vendidos: 7
2026-05-11 16:12:42,588 - INFO - Cajado Demoníaco 7.2
Preco: 1670109 Vendidos: 2
2026-05-11 16:12:45,425 - INFO - Cajado Demoníaco 7.3
Preco: 5400000 Vendidos: 0
2026-05-11 16:12:50,244 - INFO - Cajado Demoníaco 8.0
Preco: 682443 Vendidos: 7
2026-05-11 16:12:53,046 - INFO - Cajado Demoníaco 8.1
Preco: 1709999 Vendidos: 1
2026-05-11 16:12:55,836 - INFO - Cajado Demoníaco 8.2
Preco: 4089999 Vendidos: 1
2026-05-11 16:12:58,663 - INFO - Cajado Demoníaco 8.3
Preco: 10997989 Vendidos: 0
2026-05-11 16:12:59,621 - INFO - 
[34/48] Cajado de Fogo do
2026-05-11 16:13:04,965 - INFO - Cajado de Fogo do 5.0
Preco: 15990 Vendidos: 344
2026-05-11 16:13:07,784 - INFO - Cajado de Fogo do 5.1
Preco: 65000 Vendidos: 38
2026-05-11 16:13:24,886 - INFO - Cajado de Fogo do 5.2
Preco: 144961 Vendidos: 0
2026-05-11 16:13:27,723 - INFO - Cajado de Fogo do 5.3
Preco: 496965 Vendidos: 1
2026-05-11 16:13:32,518 - INFO - Cajado de Fogo do 6.0
Preco: 53600 Vendidos: 76
2026-05-11 16:13:35,324 - INFO - Cajado de Fogo do 6.1
Preco: 169499 Vendidos: 20
2026-05-11 16:13:38,144 - INFO - Cajado de Fogo do 6.2
Preco: 600000 Vendidos: 4
2026-05-11 16:13:40,956 - INFO - Cajado de Fogo do 6.3
Preco: 1405000 Vendidos: 1
2026-05-11 16:13:45,746 - INFO - Cajado de Fogo do 7.0
Preco: 164429 Vendidos: 19
2026-05-11 16:13:48,591 - INFO - Cajado de Fogo do 7.1
Preco: 439960 Vendidos: 8
2026-05-11 16:13:51,393 - INFO - Cajado de Fogo do 7.2
Preco: 1422640 Vendidos: 0
2026-05-11 16:13:56,070 - INFO - Cajado de Fogo do 7.3
Preco: 4499985 Vendidos: 1
2026-05-11 16:14:00,873 - INFO - Cajado de Fogo do 8.0
Preco: 621797 Vendidos: 5
2026-05-11 16:14:03,687 - INFO - Cajado de Fogo do 8.1
Preco: 1119990 Vendidos: 2
2026-05-11 16:14:06,509 - INFO - Cajado de Fogo do 8.2
Preco: 4339890 Vendidos: 0
2026-05-11 16:14:09,328 - INFO - Cajado de Fogo do 8.3
Preco: 12851834 Vendidos: 0
2026-05-11 16:14:10,286 - INFO - 
[35/48] Cajado de Fogo Elevado
2026-05-11 16:14:29,895 - INFO - Cajado de Fogo Elevado 5.0
Preco: 25083 Vendidos: 148
2026-05-11 16:14:32,716 - INFO - Cajado de Fogo Elevado 5.1
Preco: 51059 Vendidos: 46
2026-05-11 16:14:35,550 - INFO - Cajado de Fogo Elevado 5.2
Preco: 192109 Vendidos: 2
2026-05-11 16:14:38,380 - INFO - Cajado de Fogo Elevado 5.3
Preco: 639959 Vendidos: 4
2026-05-11 16:14:43,172 - INFO - Cajado de Fogo Elevado 6.0
Preco: 83500 Vendidos: 8
2026-05-11 16:14:46,008 - INFO - Cajado de Fogo Elevado 6.1
Preco: 173327 Vendidos: 19
2026-05-11 16:14:48,807 - INFO - Cajado de Fogo Elevado 6.2
Preco: 606666 Vendidos: 4
2026-05-11 16:14:51,638 - INFO - Cajado de Fogo Elevado 6.3
Preco: 1758888 Vendidos: 3
2026-05-11 16:14:56,460 - INFO - Cajado de Fogo Elevado 7.0
Preco: 240995 Vendidos: 19
2026-05-11 16:14:59,281 - INFO - Cajado de Fogo Elevado 7.1
Preco: 542105 Vendidos: 6
2026-05-11 16:15:02,133 - INFO - Cajado de Fogo Elevado 7.2
Preco: 1697993 Vendidos: 3
2026-05-11 16:15:04,969 - INFO - Cajado de Fogo Elevado 7.3
Preco: 5599978 Vendidos: 0
2026-05-11 16:15:09,794 - INFO - Cajado de Fogo Elevado 8.0
Preco: 677775 Vendidos: 5
2026-05-11 16:15:12,632 - INFO - Cajado de Fogo Elevado 8.1
Preco: 1497989 Vendidos: 2
2026-05-11 16:15:15,487 - INFO - Cajado de Fogo Elevado 8.2
Preco: 5749995 Vendidos: 2
2026-05-11 16:15:18,306 - INFO - Cajado de Fogo Elevado 8.3
Preco: 10888800 Vendidos: 1
2026-05-11 16:15:19,252 - INFO - 
[36/48] Cajado Infernal
2026-05-11 16:15:25,697 - INFO - Cajado Infernal 5.0
Preco: 31104 Vendidos: 119
2026-05-11 16:15:28,520 - INFO - Cajado Infernal 5.1
Preco: 68866 Vendidos: 43
2026-05-11 16:15:31,360 - INFO - Cajado Infernal 5.2
Preco: 199952 Vendidos: 8
2026-05-11 16:15:34,175 - INFO - Cajado Infernal 5.3
Preco: 689986 Vendidos: 0
2026-05-11 16:15:38,985 - INFO - Cajado Infernal 6.0
Preco: 79969 Vendidos: 96
2026-05-11 16:15:41,817 - INFO - Cajado Infernal 6.1
Preco: 170546 Vendidos: 43
2026-05-11 16:15:44,623 - INFO - Cajado Infernal 6.2
Preco: 673998 Vendidos: 5
2026-05-11 16:15:47,447 - INFO - Cajado Infernal 6.3
Preco: 1778907 Vendidos: 1
2026-05-11 16:15:52,294 - INFO - Cajado Infernal 7.0
Preco: 265551 Vendidos: 34
2026-05-11 16:15:55,120 - INFO - Cajado Infernal 7.1
Preco: 619996 Vendidos: 13
2026-05-11 16:15:57,936 - INFO - Cajado Infernal 7.2
Preco: 1799000 Vendidos: 1
2026-05-11 16:16:00,764 - INFO - Cajado Infernal 7.3
Preco: 6000000 Vendidos: 0
2026-05-11 16:16:05,610 - INFO - Cajado Infernal 8.0
Preco: 781109 Vendidos: 6
2026-05-11 16:16:08,415 - INFO - Cajado Infernal 8.1
Preco: 1599985 Vendidos: 1
2026-05-11 16:16:11,220 - INFO - Cajado Infernal 8.2
Preco: 4999994 Vendidos: 0
2026-05-11 16:16:14,019 - INFO - Cajado Infernal 8.3
Preco: 15441551 Vendidos: 0
2026-05-11 16:16:14,969 - INFO - 
[37/48] Cajado de Gelo do
2026-05-11 16:16:20,337 - INFO - Cajado de Gelo do 5.0
Preco: 7079 Vendidos: 286
2026-05-11 16:16:23,158 - INFO - Cajado de Gelo do 5.1
Preco: 9889 Vendidos: 120
2026-05-11 16:16:25,965 - INFO - Cajado de Gelo do 5.2
Preco: 28477 Vendidos: 7
2026-05-11 16:16:28,773 - INFO - Cajado de Gelo do 5.3
Preco: 147421 Vendidos: 2
2026-05-11 16:16:33,599 - INFO - Cajado de Gelo do 6.0
Preco: 14371 Vendidos: 267
2026-05-11 16:16:36,447 - INFO - Cajado de Gelo do 6.1
Preco: 24688 Vendidos: 124
2026-05-11 16:16:39,269 - INFO - Cajado de Gelo do 6.2
Preco: 119500 Vendidos: 5
2026-05-11 16:16:42,092 - INFO - Cajado de Gelo do 6.3
Preco: 537640 Vendidos: 1
2026-05-11 16:16:46,942 - INFO - Cajado de Gelo do 7.0
Preco: 30484 Vendidos: 164
2026-05-11 16:16:49,768 - INFO - Cajado de Gelo do 7.1
Preco: 74697 Vendidos: 62
2026-05-11 16:17:06,180 - INFO - Cajado de Gelo do 7.2
Preco: 422222 Vendidos: 9
2026-05-11 16:17:09,011 - INFO - Cajado de Gelo do 7.3
Preco: 1394884 Vendidos: 2
2026-05-11 16:17:13,826 - INFO - Cajado de Gelo do 8.0
Preco: 129987 Vendidos: 23
2026-05-11 16:17:16,618 - INFO - Cajado de Gelo do 8.1
Preco: 303846 Vendidos: 11
2026-05-11 16:17:19,451 - INFO - Cajado de Gelo do 8.2
Preco: 1184971 Vendidos: 2
2026-05-11 16:17:36,811 - WARNING - [ERRO] Não foi possível extrair dados de Cajado de Gelo do T8.3
2026-05-11 16:17:36,835 - INFO - Screenshot de falha salvo em screenshots\failures\fail_Cajado de Gelo do_T8.3_20260511_161736.png
2026-05-11 16:17:37,784 - INFO - 
[38/48] Cajado de Gelo Elevado
2026-05-11 16:17:43,104 - INFO - Cajado de Gelo Elevado 5.0
Preco: 29312 Vendidos: 301
2026-05-11 16:17:45,957 - INFO - Cajado de Gelo Elevado 5.1
Preco: 39597 Vendidos: 50
2026-05-11 16:17:48,822 - INFO - Cajado de Gelo Elevado 5.2
Preco: 175105 Vendidos: 18
2026-05-11 16:17:51,651 - INFO - Cajado de Gelo Elevado 5.3
Preco: 655543 Vendidos: 1
2026-05-11 16:17:56,478 - INFO - Cajado de Gelo Elevado 6.0
Preco: 50985 Vendidos: 149
2026-05-11 16:17:59,325 - INFO - Cajado de Gelo Elevado 6.1
Preco: 118886 Vendidos: 44
2026-05-11 16:18:02,137 - INFO - Cajado de Gelo Elevado 6.2
Preco: 496999 Vendidos: 7
2026-05-11 16:18:04,963 - INFO - Cajado de Gelo Elevado 6.3
Preco: 1557769 Vendidos: 3
2026-05-11 16:18:09,777 - INFO - Cajado de Gelo Elevado 7.0
Preco: 164986 Vendidos: 51
2026-05-11 16:18:12,597 - INFO - Cajado de Gelo Elevado 7.1
Preco: 454998 Vendidos: 4
2026-05-11 16:18:15,445 - INFO - Cajado de Gelo Elevado 7.2
Preco: 1599991 Vendidos: 1
2026-05-11 16:18:18,295 - INFO - Cajado de Gelo Elevado 7.3
Preco: 5348990 Vendidos: 0
2026-05-11 16:18:23,108 - INFO - Cajado de Gelo Elevado 8.0
Preco: 548888 Vendidos: 4
2026-05-11 16:18:25,903 - INFO - Cajado de Gelo Elevado 8.1
Preco: 1420000 Vendidos: 2
2026-05-11 16:18:28,739 - INFO - Cajado de Gelo Elevado 8.2
Preco: 5579990 Vendidos: 0
2026-05-11 16:18:31,600 - INFO - Cajado de Gelo Elevado 8.3
Preco: 13594322 Vendidos: 0
2026-05-11 16:18:32,549 - INFO - 
[39/48] Cajado Glacial
2026-05-11 16:18:37,902 - INFO - Cajado Glacial 5.0
Preco: 27247 Vendidos: 155
2026-05-11 16:18:40,718 - INFO - Cajado Glacial 5.1
Preco: 40488 Vendidos: 75
2026-05-11 16:18:43,533 - INFO - Cajado Glacial 5.2
Preco: 171996 Vendidos: 9
2026-05-11 16:18:46,425 - INFO - Cajado Glacial 5.3
Preco: 569991 Vendidos: 1
2026-05-11 16:18:51,258 - INFO - Cajado Glacial 6.0
Preco: 49922 Vendidos: 199
2026-05-11 16:18:54,084 - INFO - Cajado Glacial 6.1
Preco: 102215 Vendidos: 60
2026-05-11 16:18:56,907 - INFO - Cajado Glacial 6.2
Preco: 520680 Vendidos: 7
2026-05-11 16:18:59,708 - INFO - Cajado Glacial 6.3
Preco: 1743909 Vendidos: 1
2026-05-11 16:19:04,517 - INFO - Cajado Glacial 7.0
Preco: 163999 Vendidos: 33
2026-05-11 16:19:07,364 - INFO - Cajado Glacial 7.1
Preco: 490997 Vendidos: 3
2026-05-11 16:19:10,166 - INFO - Cajado Glacial 7.2
Preco: 1779987 Vendidos: 1
2026-05-11 16:19:13,016 - INFO - Cajado Glacial 7.3
Preco: 5298424 Vendidos: 0
2026-05-11 16:19:17,817 - INFO - Cajado Glacial 8.0
Preco: 579999 Vendidos: 8
2026-05-11 16:19:20,652 - INFO - Cajado Glacial 8.1
Preco: 1323996 Vendidos: 1
2026-05-11 16:19:23,447 - INFO - Cajado Glacial 8.2
Preco: 5400000 Vendidos: 0
2026-05-11 16:19:26,269 - INFO - Cajado Glacial 8.3
Preco: 12999998 Vendidos: 0
2026-05-11 16:19:27,216 - INFO - 
[40/48] Cajado Sagrado do
2026-05-11 16:19:32,579 - INFO - Cajado Sagrado do 5.0
Preco: 19974 Vendidos: 293
2026-05-11 16:19:35,417 - INFO - Cajado Sagrado do 5.1
Preco: 40995 Vendidos: 67
2026-05-11 16:19:52,198 - INFO - Cajado Sagrado do 5.2
Preco: 127981 Vendidos: 4
2026-05-11 16:19:55,037 - INFO - Cajado Sagrado do 5.3
Preco: 485514 Vendidos: 3
2026-05-11 16:19:59,826 - INFO - Cajado Sagrado do 6.0
Preco: 58994 Vendidos: 88
2026-05-11 16:20:02,725 - INFO - Cajado Sagrado do 6.1
Preco: 152722 Vendidos: 32
2026-05-11 16:20:05,556 - INFO - Cajado Sagrado do 6.2
Preco: 575999 Vendidos: 0
2026-05-11 16:20:22,811 - INFO - Cajado Sagrado do 6.3
Preco: 1341829 Vendidos: 0
2026-05-11 16:20:27,623 - INFO - Cajado Sagrado do 7.0
Preco: 214996 Vendidos: 19
2026-05-11 16:20:30,412 - INFO - Cajado Sagrado do 7.1
Preco: 463945 Vendidos: 2
2026-05-11 16:20:33,246 - INFO - Cajado Sagrado do 7.2
Preco: 1440954 Vendidos: 1
2026-05-11 16:20:36,060 - INFO - Cajado Sagrado do 7.3
Preco: 4399994 Vendidos: 0
2026-05-11 16:20:40,880 - INFO - Cajado Sagrado do 8.0
Preco: 512220 Vendidos: 1
2026-05-11 16:20:45,518 - INFO - Cajado Sagrado do 8.1
Preco: 1597989 Vendidos: 4
2026-05-11 16:20:48,314 - INFO - Cajado Sagrado do 8.2
Preco: 3979995 Vendidos: 1
2026-05-11 16:20:51,117 - INFO - Cajado Sagrado do 8.3
Preco: 8888885 Vendidos: 0
2026-05-11 16:20:52,060 - INFO - 
[41/48] Cajado Sagrado Elevado
2026-05-11 16:21:12,214 - INFO - Cajado Sagrado Elevado 5.0
Preco: 34760 Vendidos: 130
2026-05-11 16:21:15,040 - INFO - Cajado Sagrado Elevado 5.1
Preco: 52208 Vendidos: 0
2026-05-11 16:21:17,842 - INFO - Cajado Sagrado Elevado 5.2
Preco: 170983 Vendidos: 10
2026-05-11 16:21:20,697 - INFO - Cajado Sagrado Elevado 5.3
Preco: 620000 Vendidos: 0
2026-05-11 16:21:25,510 - INFO - Cajado Sagrado Elevado 6.0
Preco: 84639 Vendidos: 146
2026-05-11 16:21:28,347 - INFO - Cajado Sagrado Elevado 6.1
Preco: 186065 Vendidos: 32
2026-05-11 16:21:31,169 - INFO - Cajado Sagrado Elevado 6.2
Preco: 449996 Vendidos: 5
2026-05-11 16:21:34,000 - INFO - Cajado Sagrado Elevado 6.3
Preco: 1700934 Vendidos: 1
2026-05-11 16:21:38,827 - INFO - Cajado Sagrado Elevado 7.0
Preco: 222204 Vendidos: 25
2026-05-11 16:21:41,642 - INFO - Cajado Sagrado Elevado 7.1
Preco: 581987 Vendidos: 12
2026-05-11 16:21:44,438 - INFO - Cajado Sagrado Elevado 7.2
Preco: 1990984 Vendidos: 0
2026-05-11 16:21:47,256 - INFO - Cajado Sagrado Elevado 7.3
Preco: 5980000 Vendidos: 0
2026-05-11 16:21:52,100 - INFO - Cajado Sagrado Elevado 8.0
Preco: 522222 Vendidos: 6
2026-05-11 16:21:54,904 - INFO - Cajado Sagrado Elevado 8.1
Preco: 1639998 Vendidos: 0
2026-05-11 16:21:57,714 - INFO - Cajado Sagrado Elevado 8.2
Preco: 5198998 Vendidos: 1
2026-05-11 16:22:00,554 - INFO - Cajado Sagrado Elevado 8.3
Preco: 13999998 Vendidos: 0
2026-05-11 16:22:01,513 - INFO - 
[42/48] Cajado Divino
2026-05-11 16:22:06,881 - INFO - Cajado Divino 5.0
Preco: 35095 Vendidos: 120
2026-05-11 16:22:09,722 - INFO - Cajado Divino 5.1
Preco: 49192 Vendidos: 70
2026-05-11 16:22:12,518 - INFO - Cajado Divino 5.2
Preco: 169990 Vendidos: 5
2026-05-11 16:22:15,323 - INFO - Cajado Divino 5.3
Preco: 489989 Vendidos: 5
2026-05-11 16:22:20,157 - INFO - Cajado Divino 6.0
Preco: 73647 Vendidos: 102
2026-05-11 16:22:22,994 - INFO - Cajado Divino 6.1
Preco: 146665 Vendidos: 30
2026-05-11 16:22:25,824 - INFO - Cajado Divino 6.2
Preco: 555555 Vendidos: 6
2026-05-11 16:22:28,647 - INFO - Cajado Divino 6.3
Preco: 1699989 Vendidos: 2
2026-05-11 16:22:33,495 - INFO - Cajado Divino 7.0
Preco: 216664 Vendidos: 45
2026-05-11 16:22:36,331 - INFO - Cajado Divino 7.1
Preco: 480096 Vendidos: 4
2026-05-11 16:22:39,166 - INFO - Cajado Divino 7.2
Preco: 1799877 Vendidos: 3
2026-05-11 16:22:41,972 - INFO - Cajado Divino 7.3
Preco: 5499997 Vendidos: 0
2026-05-11 16:22:46,859 - INFO - Cajado Divino 8.0
Preco: 568887 Vendidos: 2
2026-05-11 16:22:49,688 - INFO - Cajado Divino 8.1
Preco: 1729996 Vendidos: 3
2026-05-11 16:22:52,483 - INFO - Cajado Divino 8.2
Preco: 4899995 Vendidos: 0
2026-05-11 16:22:55,275 - INFO - Cajado Divino 8.3
Preco: 11999999 Vendidos: 1
2026-05-11 16:22:56,230 - INFO - 
[43/48] Cajado da Natureza do
2026-05-11 16:23:01,583 - INFO - Cajado da Natureza do 5.0
Preco: 19284 Vendidos: 190
2026-05-11 16:23:04,398 - INFO - Cajado da Natureza do 5.1
Preco: 34968 Vendidos: 19
2026-05-11 16:23:07,203 - INFO - Cajado da Natureza do 5.2
Preco: 127980 Vendidos: 10
2026-05-11 16:23:10,026 - INFO - Cajado da Natureza do 5.3
Preco: 549497 Vendidos: 1
2026-05-11 16:23:14,838 - INFO - Cajado da Natureza do 6.0
Preco: 46997 Vendidos: 231
2026-05-11 16:23:17,657 - INFO - Cajado da Natureza do 6.1
Preco: 159975 Vendidos: 18
2026-05-11 16:23:20,471 - INFO - Cajado da Natureza do 6.2
Preco: 519888 Vendidos: 5
2026-05-11 16:23:23,291 - INFO - Cajado da Natureza do 6.3
Preco: 1497881 Vendidos: 0
2026-05-11 16:23:28,131 - INFO - Cajado da Natureza do 7.0
Preco: 198869 Vendidos: 21
2026-05-11 16:23:30,925 - INFO - Cajado da Natureza do 7.1
Preco: 410109 Vendidos: 5
2026-05-11 16:23:33,742 - INFO - Cajado da Natureza do 7.2
Preco: 1299999 Vendidos: 0
2026-05-11 16:23:36,559 - INFO - Cajado da Natureza do 7.3
Preco: 4111 Vendidos: 0
2026-05-11 16:23:41,363 - INFO - Cajado da Natureza do 8.0
Preco: 624481 Vendidos: 12
2026-05-11 16:23:44,201 - INFO - Cajado da Natureza do 8.1
Preco: 1310988 Vendidos: 0
2026-05-11 16:23:47,006 - INFO - Cajado da Natureza do 8.2
Preco: 3099988 Vendidos: 0
2026-05-11 16:23:49,853 - INFO - Cajado da Natureza do 8.3
Preco: 6899948 Vendidos: 0
2026-05-11 16:23:50,812 - INFO - 
[44/48] Cajado da Natureza Elevado
2026-05-11 16:23:56,171 - INFO - Cajado da Natureza Elevado 5.0
Preco: 30973 Vendidos: 264
2026-05-11 16:23:58,955 - INFO - Cajado da Natureza Elevado 5.1
Preco: 60931 Vendidos: 47
2026-05-11 16:24:01,750 - INFO - Cajado da Natureza Elevado 5.2
Preco: 134988 Vendidos: 37
2026-05-11 16:24:04,578 - INFO - Cajado da Natureza Elevado 5.3
Preco: 644982 Vendidos: 2
2026-05-11 16:24:09,375 - INFO - Cajado da Natureza Elevado 6.0
Preco: 7720026 Vendidos: 147
2026-05-11 16:24:12,204 - INFO - Cajado da Natureza Elevado 6.1
Preco: 196994 Vendidos: 14
2026-05-11 16:24:15,012 - INFO - Cajado da Natureza Elevado 6.2
Preco: 688888 Vendidos: 7
2026-05-11 16:24:17,853 - INFO - Cajado da Natureza Elevado 6.3
Preco: 1749997 Vendidos: 1
2026-05-11 16:24:22,669 - INFO - Cajado da Natureza Elevado 7.0
Preco: 277777 Vendidos: 22
2026-05-11 16:24:25,471 - INFO - Cajado da Natureza Elevado 7.1
Preco: 639976 Vendidos: 6
2026-05-11 16:24:28,265 - INFO - Cajado da Natureza Elevado 7.2
Preco: 1689999 Vendidos: 0
2026-05-11 16:24:31,097 - INFO - Cajado da Natureza Elevado 7.3
Preco: 6199999 Vendidos: 0
2026-05-11 16:24:50,076 - INFO - Cajado da Natureza Elevado 8.0
Preco: 935547 Vendidos: 4
2026-05-11 16:24:52,889 - INFO - Cajado da Natureza Elevado 8.1
Preco: 1780000 Vendidos: 0
2026-05-11 16:24:55,723 - INFO - Cajado da Natureza Elevado 8.2
Preco: 6299949 Vendidos: 0
2026-05-11 16:24:58,541 - INFO - Cajado da Natureza Elevado 8.3
Preco: 13999999 Vendidos: 0
2026-05-11 16:24:59,494 - INFO - 
[45/48] Cajado Selvagem
2026-05-11 16:25:04,876 - INFO - Cajado Selvagem 5.0
Preco: 29991 Vendidos: 116
2026-05-11 16:25:07,707 - INFO - Cajado Selvagem 5.1
Preco: 44496 Vendidos: 68
2026-05-11 16:25:10,552 - INFO - Cajado Selvagem 5.2
Preco: 167996 Vendidos: 9
2026-05-11 16:25:13,355 - INFO - Cajado Selvagem 5.3
Preco: 533876 Vendidos: 0
2026-05-11 16:25:18,181 - INFO - Cajado Selvagem 6.0
Preco: 63997 Vendidos: 104
2026-05-11 16:25:20,996 - INFO - Cajado Selvagem 6.1
Preco: 164000 Vendidos: 38
2026-05-11 16:25:23,821 - INFO - Cajado Selvagem 6.2
Preco: 666666 Vendidos: 8
2026-05-11 16:25:26,645 - INFO - Cajado Selvagem 6.3
Preco: 1859995 Vendidos: 1
2026-05-11 16:25:31,463 - INFO - Cajado Selvagem 7.0
Preco: 236666 Vendidos: 54
2026-05-11 16:25:34,293 - INFO - Cajado Selvagem 7.1
Preco: 505958 Vendidos: 3
2026-05-11 16:25:37,119 - INFO - Cajado Selvagem 7.2
Preco: 1889960 Vendidos: 3
2026-05-11 16:25:39,995 - INFO - Cajado Selvagem 7.3
Preco: 5100000 Vendidos: 1
2026-05-11 16:25:44,810 - INFO - Cajado Selvagem 8.0
Preco: 654442 Vendidos: 3
2026-05-11 16:25:47,620 - INFO - Cajado Selvagem 8.1
Preco: 1790996 Vendidos: 2
2026-05-11 16:25:50,428 - INFO - Cajado Selvagem 8.2
Preco: 4249996 Vendidos: 0
2026-05-11 16:25:53,251 - INFO - Cajado Selvagem 8.3
Preco: 8999990 Vendidos: 0
2026-05-11 16:25:54,195 - INFO - 
[46/48] Tomo de Feitiços
2026-05-11 16:26:00,654 - INFO - Tomo de Feitiços 5.0
Preco: 7586 Vendidos: 122
2026-05-11 16:26:03,516 - INFO - Tomo de Feitiços 5.1
Preco: 39979 Vendidos: 119
2026-05-11 16:26:06,327 - INFO - Tomo de Feitiços 5.2
Preco: 56486 Vendidos: 44
2026-05-11 16:26:09,154 - INFO - Tomo de Feitiços 5.3
Preco: 206796 Vendidos: 4
2026-05-11 16:26:13,978 - INFO - Tomo de Feitiços 6.0
Preco: 263000 Vendidos: 374
2026-05-11 16:26:16,837 - INFO - Tomo de Feitiços 6.1
Preco: 40199 Vendidos: 80
2026-05-11 16:26:19,683 - INFO - Tomo de Feitiços 6.2
Preco: 131982 Vendidos: 12
2026-05-11 16:26:22,489 - INFO - Tomo de Feitiços 6.3
Preco: 480000 Vendidos: 1
2026-05-11 16:26:27,327 - INFO - Tomo de Feitiços 7.0
Preco: 67999 Vendidos: 114
2026-05-11 16:26:30,156 - INFO - Tomo de Feitiços 7.1
Preco: 142962 Vendidos: 20
2026-05-11 16:26:32,984 - INFO - Tomo de Feitiços 7.2
Preco: 459998 Vendidos: 1
2026-05-11 16:26:35,779 - INFO - Tomo de Feitiços 7.3
Preco: 1299944 Vendidos: 1
2026-05-11 16:26:40,610 - INFO - Tomo de Feitiços 8.0
Preco: 163958 Vendidos: 14
2026-05-11 16:26:43,418 - INFO - Tomo de Feitiços 8.1
Preco: 379947 Vendidos: 6
2026-05-11 16:26:46,261 - INFO - Tomo de Feitiços 8.2
Preco: 1420998 Vendidos: 1
2026-05-11 16:26:49,122 - INFO - Tomo de Feitiços 8.3
Preco: 3840279 Vendidos: 1
2026-05-11 16:26:50,076 - INFO - 
[47/48] Tocha do
2026-05-11 16:26:55,385 - INFO - Tocha do 5.0
Preco: 4945 Vendidos: 645
2026-05-11 16:26:58,176 - INFO - Tocha do 5.1
Preco: 5996 Vendidos: 186
2026-05-11 16:27:00,967 - INFO - Tocha do 5.2
Preco: 18975 Vendidos: 13
2026-05-11 16:27:03,758 - INFO - Tocha do 5.3
Preco: 53968 Vendidos: 0
2026-05-11 16:27:08,551 - INFO - Tocha do 6.0
Preco: 8173 Vendidos: 158
2026-05-11 16:27:11,337 - INFO - Tocha do 6.1
Preco: 14198 Vendidos: 43
2026-05-11 16:27:14,135 - INFO - Tocha do 6.2
Preco: 42552 Vendidos: 16
2026-05-11 16:27:16,951 - INFO - Tocha do 6.3
Preco: 176963 Vendidos: 5
2026-05-11 16:27:21,744 - INFO - Tocha do 7.0
Preco: 19576 Vendidos: 210
2026-05-11 16:27:38,125 - INFO - Tocha do 7.1
Preco: 52206 Vendidos: 46
2026-05-11 16:27:40,950 - INFO - Tocha do 7.2
Preco: 138999 Vendidos: 6
2026-05-11 16:27:43,772 - INFO - Tocha do 7.3
Preco: 388888 Vendidos: 2
2026-05-11 16:27:48,602 - INFO - Tocha do 8.0
Preco: 52995 Vendidos: 69
2026-05-11 16:27:51,444 - INFO - Tocha do 8.1
Preco: 145000 Vendidos: 10
2026-05-11 16:27:54,278 - INFO - Tocha do 8.2
Preco: 420983 Vendidos: 2
2026-05-11 16:27:57,072 - INFO - Tocha do 8.3
Preco: 1393989 Vendidos: 1
2026-05-11 16:27:58,025 - INFO - 
[48/48] Escudo do
2026-05-11 16:28:09,904 - INFO - Escudo do 5.0
Preco: 569 Vendidos: 658
2026-05-11 16:28:19,210 - INFO - Escudo do 5.1
Preco: 569 Vendidos: 658
2026-05-11 16:28:28,531 - INFO - Escudo do 5.2
Preco: 569 Vendidos: 658
2026-05-11 16:28:37,896 - INFO - Escudo do 5.3
Preco: 569 Vendidos: 658
2026-05-11 16:28:42,734 - INFO - Escudo do 6.0
Preco: 3960 Vendidos: 544
2026-05-11 16:28:45,551 - INFO - Escudo do 6.1
Preco: 3960 Vendidos: 544
2026-05-11 16:28:48,382 - INFO - Escudo do 6.2
Preco: 3960 Vendidos: 544
2026-05-11 16:28:51,197 - INFO - Escudo do 6.3
Preco: 3960 Vendidos: 544
2026-05-11 16:28:55,994 - INFO - Escudo do 7.0
Preco: 4398 Vendidos: 309
2026-05-11 16:28:58,826 - INFO - Escudo do 7.1
Preco: 3851 Vendidos: 281
2026-05-11 16:29:01,616 - INFO - Escudo do 7.2
Preco: 12976 Vendidos: 32
2026-05-11 16:29:04,446 - INFO - Escudo do 7.3
Preco: 111079 Vendidos: 0
2026-05-11 16:29:09,268 - INFO - Escudo do 8.0
Preco: 6893 Vendidos: 332
2026-05-11 16:29:12,086 - INFO - Escudo do 8.1
Preco: 9999 Vendidos: 65
2026-05-11 16:29:14,918 - INFO - Escudo do 8.2
Preco: 34780 Vendidos: 19
2026-05-11 16:29:17,723 - INFO - Escudo do 8.3
Preco: 180609 Vendidos: 1
2026-05-11 16:29:18,674 - INFO - Coleta completa.
2026-05-11 16:29:18,687 - INFO - Dados salvos em data/latest_market_data.json
2026-05-11 16:29:18,700 - INFO - HTML gerado com 344 linhas
2026-05-11 16:29:18,702 - INFO - HTML salvo em reports/market_analysis.html
2026-05-11 16:29:18,712 - INFO - Dados salvos em data/latest_market_data.json
2026-05-11 16:29:18,713 - INFO - [OK] Relatório gerado: reports/market_analysis.html
2026-05-11 16:29:18,725 - ERROR - Erro ao gerar relatório: [WinError 2] O sistema não pode encontrar o arquivo especificado: 'reports/market_analysis.html'
2026-05-11 16:56:04,720 - INFO - Aplicação encerrada
2026-05-11 17:00:03,945 - INFO - Configurações carregadas de config.yaml
2026-05-11 17:00:03,970 - INFO - Dados carregados de data/latest_market_data.json
2026-05-11 17:00:03,971 - INFO - Albion Market Tracker inicializado
2026-05-11 17:00:05,753 - INFO - 
=== MODO AUTOMÁTICO DE COLETA ===
2026-05-11 17:00:08,251 - INFO - Iniciando coleta de 38 itens.
2026-05-11 17:00:08,251 - INFO - 
[1/38] Robe de Erudito
2026-05-11 17:00:14,247 - INFO - Robe de Erudito 5.0
Preco: 15499 Vendidos: 1135
2026-05-11 17:00:17,104 - INFO - Robe de Erudito 5.1
Preco: 24212 Vendidos: 202
2026-05-11 17:00:19,952 - INFO - Robe de Erudito 5.2
Preco: 74996 Vendidos: 31
2026-05-11 17:00:22,833 - INFO - Robe de Erudito 5.3
Preco: 370363 Vendidos: 4
2026-05-11 17:00:23,782 - INFO - 
Coleta interrompida. Gerando relatório parcial...
2026-05-11 17:00:23,794 - INFO - Dados salvos em data/latest_market_data.json
2026-05-11 17:00:23,806 - INFO - HTML gerado com 344 linhas
2026-05-11 17:00:23,809 - INFO - HTML salvo em reports/market_analysis.html
2026-05-11 17:00:23,822 - INFO - Dados salvos em data/latest_market_data.json
2026-05-11 17:00:23,823 - INFO - [OK] Relatório gerado: reports/market_analysis.html
2026-05-11 17:00:23,823 - INFO - Interrompido pelo usuário
2026-05-11 17:05:15,738 - INFO - Configurações carregadas de config.yaml
2026-05-11 17:05:15,763 - INFO - Dados carregados de data/latest_market_data.json
2026-05-11 17:05:15,764 - INFO - Albion Market Tracker inicializado
2026-05-11 17:05:16,664 - INFO - 
=== MODO AUTOMÁTICO DE COLETA ===
2026-05-11 17:05:17,378 - INFO - Iniciando coleta de 38 itens.
2026-05-11 17:05:17,378 - INFO - 
[1/38] Robe de Erudito
2026-05-11 17:05:26,522 - INFO - Robe de Erudito 5.0
Preco: 15510 Vendidos: 1135
2026-05-11 17:05:29,350 - INFO - Robe de Erudito 5.1
Preco: 24212 Vendidos: 202
2026-05-11 17:05:32,168 - INFO - Robe de Erudito 5.2
Preco: 74998 Vendidos: 31
2026-05-11 17:05:34,996 - INFO - Robe de Erudito 5.3
Preco: 370363 Vendidos: 4
2026-05-11 17:05:38,558 - INFO - 
Coleta interrompida. Gerando relatório parcial...
2026-05-11 17:05:38,574 - INFO - Dados salvos em data/latest_market_data.json
2026-05-11 17:05:38,593 - INFO - HTML gerado com 344 linhas
2026-05-11 17:05:38,596 - INFO - HTML salvo em reports/market_analysis.html
2026-05-11 17:05:38,610 - INFO - Dados salvos em data/latest_market_data.json
2026-05-11 17:05:38,611 - INFO - [OK] Relatório gerado: reports/market_analysis.html
2026-05-11 17:05:38,612 - INFO - Interrompido pelo usuário
2026-05-11 17:09:44,363 - INFO - Configurações carregadas de config.yaml
2026-05-11 17:09:44,392 - INFO - Dados carregados de data/latest_market_data.json
2026-05-11 17:09:44,393 - INFO - Albion Market Tracker inicializado
2026-05-11 17:09:47,769 - INFO - 
=== MODO AUTOMÁTICO DE COLETA ===
2026-05-11 17:09:49,294 - INFO - Iniciando coleta de 38 itens.
2026-05-11 17:09:49,295 - INFO - 
[1/38] Robe de Erudito
2026-05-11 17:09:58,355 - INFO - Robe de Erudito 5.0
Preco: 15510 Vendidos: 1135
2026-05-11 17:10:01,186 - INFO - Robe de Erudito 5.1
Preco: 24212 Vendidos: 202
2026-05-11 17:10:07,055 - INFO - Robe de Erudito 5.2
Preco: 74996 Vendidos: 31
2026-05-11 17:10:09,926 - INFO - Robe de Erudito 5.3
Preco: 370363 Vendidos: 4
2026-05-11 17:10:17,759 - INFO - Robe de Erudito 6.0
Preco: 35200 Vendidos: 603
2026-05-11 17:10:20,602 - INFO - Robe de Erudito 6.1
Preco: 66999 Vendidos: 101
2026-05-11 17:10:23,444 - INFO - Robe de Erudito 6.2
Preco: 296631 Vendidos: 3
2026-05-11 17:10:26,273 - INFO - Robe de Erudito 6.3
Preco: 651976 Vendidos: 0
2026-05-11 17:10:31,160 - INFO - Robe de Erudito 7.0
Preco: 96570 Vendidos: 176
2026-05-11 17:10:34,016 - INFO - Robe de Erudito 7.1
Preco: 244333 Vendidos: 26
2026-05-11 17:10:36,845 - INFO - Robe de Erudito 7.2
Preco: 722987 Vendidos: 2
2026-05-11 17:10:39,670 - INFO - Robe de Erudito 7.3
Preco: 2600000 Vendidos: 2
2026-05-11 17:10:44,502 - INFO - Robe de Erudito 8.0
Preco: 279994 Vendidos: 16
2026-05-11 17:10:47,364 - INFO - Robe de Erudito 8.1
Preco: 598885 Vendidos: 8
2026-05-11 17:11:04,083 - INFO - Robe de Erudito 8.2
Preco: 2690990 Vendidos: 4
2026-05-11 17:11:06,925 - INFO - Robe de Erudito 8.3
Preco: 6999996 Vendidos: 0
2026-05-11 17:11:07,876 - INFO - 
[2/38] Robe de Clérigo
2026-05-11 17:11:13,271 - INFO - Robe de Clérigo 5.0
Preco: 16103 Vendidos: 894
2026-05-11 17:11:19,053 - INFO - Robe de Clérigo 5.1
Preco: 25339 Vendidos: 128
2026-05-11 17:11:21,903 - INFO - Robe de Clérigo 5.2
Preco: 68266 Vendidos: 23
2026-05-11 17:11:24,722 - INFO - Robe de Clérigo 5.3
Preco: 269999 Vendidos: 0
2026-05-11 17:11:29,606 - INFO - Robe de Clérigo 6.0
Preco: 34089 Vendidos: 518
2026-05-11 17:11:32,435 - INFO - Robe de Clérigo 6.1
Preco: 66995 Vendidos: 76
2026-05-11 17:11:38,183 - INFO - Robe de Clérigo 6.2
Preco: 239000 Vendidos: 25
2026-05-11 17:11:41,011 - INFO - Robe de Clérigo 6.3
Preco: 601897 Vendidos: 4
2026-05-11 17:11:45,879 - INFO - Robe de Clérigo 7.0
Preco: 97910 Vendidos: 142
2026-05-11 17:11:51,593 - INFO - Robe de Clérigo 7.1
Preco: 232778 Vendidos: 22
2026-05-11 17:11:57,339 - INFO - Robe de Clérigo 7.2
Preco: 706858 Vendidos: 0
2026-05-11 17:12:03,104 - INFO - Robe de Clérigo 7.3
Preco: 2195898 Vendidos: 1
2026-05-11 17:12:07,962 - INFO - Robe de Clérigo 8.0
Preco: 254429 Vendidos: 22
2026-05-11 17:12:10,786 - INFO - Robe de Clérigo 8.1
Preco: 831990 Vendidos: 5
2026-05-11 17:12:13,615 - INFO - Robe de Clérigo 8.2
Preco: 2627979 Vendidos: 0
2026-05-11 17:12:16,467 - INFO - Robe de Clérigo 8.3
Preco: 6299999 Vendidos: 0
2026-05-11 17:12:17,426 - INFO - 
[3/38] Robe de Mago
2026-05-11 17:12:22,805 - INFO - Robe de Mago 5.0
Preco: 14887 Vendidos: 575
2026-05-11 17:12:25,453 - INFO - 
Coleta interrompida. Gerando relatório parcial...
2026-05-11 17:12:25,466 - INFO - Dados salvos em data/latest_market_data.json
2026-05-11 17:12:25,478 - INFO - HTML gerado com 344 linhas
2026-05-11 17:12:25,480 - INFO - HTML salvo em reports/market_analysis.html
2026-05-11 17:12:25,492 - INFO - Dados salvos em data/latest_market_data.json
2026-05-11 17:12:25,493 - INFO - [OK] Relatório gerado: reports/market_analysis.html
2026-05-11 17:12:25,493 - INFO - Interrompido pelo usuário
