Gerado em;Categoria;Item;Tier;Encantamento;API ID;Melhor cidade compra;Menor preco compra;Black Market pedido venda;Black Market compra max;Lucro bruto;ROI %;Compra atualizada;Black Market venda atualizado;Black Market compra atualizado;Bridgewatch venda min;Caerleon venda min;Fort Sterling venda min;Lymhurst venda min;Martlock venda min;Thetford venda min
12/05/2026 17:50:23;armaduras;Armadura de Cavaleiro;T5;.0;T5_ARMOR_PLATE_SET2;Bridgewatch;8996;19215;18328;10219;113,59;2026-05-12T00:05:00;2026-05-12T20:35:00;2026-05-12T20:35:00;8996;16995;;;;9809
12/05/2026 17:50:23;armaduras;Armadura de Cavaleiro;T5;.1;T5_ARMOR_PLATE_SET2@1;Caerleon;48000;32234;31600;-15766;-32,85;2026-05-12T09:45:00;2026-05-12T20:20:00;2026-05-12T20:25:00;;48000;;;;
12/05/2026 17:50:23;armaduras;Armadura de Cavaleiro;T5;.2;T5_ARMOR_PLATE_SET2@2;Martlock;70994;99498;40416;28504;40,15;2026-05-11T23:35:00;2026-05-12T20:25:00;2026-05-12T20:25:00;;176996;;;70994;
12/05/2026 17:50:23;armaduras;Armadura de Cavaleiro;T5;.3;T5_ARMOR_PLATE_SET2@3;Bridgewatch;349857;;126300;;;2026-05-12T00:00:00;0001-01-01T00:00:00;2026-05-12T15:15:00;349857;;;;;
12/05/2026 17:50:23;armaduras;Armadura de Cavaleiro;T6;.0;T6_ARMOR_PLATE_SET2;Lymhurst;29830;39796;39184;9966;33,41;2026-05-12T13:15:00;2026-05-12T20:35:00;2026-05-12T20:35:00;;49195;;29830;;
12/05/2026 17:50:23;armaduras;Armadura de Cavaleiro;T6;.1;T6_ARMOR_PLATE_SET2@1;Caerleon;179985;;61887;;;2026-05-12T17:40:00;0001-01-01T00:00:00;2026-05-12T15:15:00;;179985;;;;
12/05/2026 17:50:23;armaduras;Armadura de Cavaleiro;T6;.2;T6_ARMOR_PLATE_SET2@2;Bridgewatch;229999;;328380;;;2026-05-12T17:55:00;0001-01-01T00:00:00;2026-05-12T15:15:00;229999;;;;;
12/05/2026 17:50:23;armaduras;Armadura de Cavaleiro;T6;.3;T6_ARMOR_PLATE_SET2@3;Caerleon;986981;;232438;;;2026-05-12T17:40:00;0001-01-01T00:00:00;2026-05-12T15:15:00;;986981;;;;
12/05/2026 17:50:23;armaduras;Armadura de Cavaleiro;T7;.0;T7_ARMOR_PLATE_SET2;Thetford;74999;98910;29049;23911;31,88;2026-05-12T12:40:00;2026-05-12T20:35:00;2026-05-12T20:35:00;;179999;;;;74999
12/05/2026 17:50:23;armaduras;Armadura de Cavaleiro;T7;.1;T7_ARMOR_PLATE_SET2@1;Fort Sterling;229998;313331;293016;83333;36,23;2026-05-12T18:40:00;2026-05-12T05:35:00;2026-05-12T15:15:00;;302990;229998;;;
12/05/2026 17:50:23;armaduras;Armadura de Cavaleiro;T7;.2;T7_ARMOR_PLATE_SET2@2;;;;778162;;;;0001-01-01T00:00:00;2026-05-12T15:15:00;;;;;;
12/05/2026 17:50:23;armaduras;Armadura de Cavaleiro;T7;.3;T7_ARMOR_PLATE_SET2@3;;;;1313780;;;;0001-01-01T00:00:00;2026-05-12T15:15:00;;;;;;
12/05/2026 17:50:23;armaduras;Armadura de Cavaleiro;T8;.0;T8_ARMOR_PLATE_SET2;;;277953;247548;;;;2026-05-12T20:35:00;2026-05-12T20:35:00;;;;;;
12/05/2026 17:50:23;armaduras;Armadura de Cavaleiro;T8;.1;T8_ARMOR_PLATE_SET2@1;Caerleon;888887;;848904;;;2026-05-12T15:05:00;0001-01-01T00:00:00;2026-05-12T15:15:00;;888887;;;;
12/05/2026 17:50:23;armaduras;Armadura de Cavaleiro;T8;.2;T8_ARMOR_PLATE_SET2@2;;;;1404734;;;;0001-01-01T00:00:00;2026-05-12T15:15:00;;;;;;
12/05/2026 17:50:23;armaduras;Armadura de Cavaleiro;T8;.3;T8_ARMOR_PLATE_SET2@3;;;;3880512;;;;0001-01-01T00:00:00;2026-05-12T15:15:00;;;;;;
12/05/2026 17:50:23;armaduras;Armadura de Guarda-tumbas;T5;.0;T5_ARMOR_PLATE_UNDEAD;Caerleon;44989;;13035;;;2026-05-11T22:50:00;0001-01-01T00:00:00;2026-05-12T09:45:00;;44989;;;;
12/05/2026 17:50:23;armaduras;Armadura de Guarda-tumbas;T5;.1;T5_ARMOR_PLATE_UNDEAD@1;Caerleon;199984;;36972;;;2026-05-12T17:40:00;0001-01-01T00:00:00;2026-05-12T09:45:00;;199984;;;;
12/05/2026 17:50:23;armaduras;Armadura de Guarda-tumbas;T5;.2;T5_ARMOR_PLATE_UNDEAD@2;Caerleon;180000;;108702;;;2026-05-12T17:40:00;0001-01-01T00:00:00;2026-05-12T15:15:00;;180000;;;;
12/05/2026 17:50:23;armaduras;Armadura de Guarda-tumbas;T5;.3;T5_ARMOR_PLATE_UNDEAD@3;Bridgewatch;299786;449997;442850;150211;50,11;2026-05-12T00:00:00;2026-05-12T09:10:00;2026-05-12T15:15:00;299786;;;;;
12/05/2026 17:50:23;armaduras;Armadura de Guarda-tumbas;T6;.0;T6_ARMOR_PLATE_UNDEAD;Caerleon;119996;59988;48190;-60008;-50,01;2026-05-12T01:40:00;2026-05-12T12:45:00;2026-05-12T15:10:00;;119996;;;;
12/05/2026 17:50:23;armaduras;Armadura de Guarda-tumbas;T6;.1;T6_ARMOR_PLATE_UNDEAD@1;Caerleon;174994;;80997;;;2026-05-12T17:40:00;0001-01-01T00:00:00;2026-05-12T15:15:00;;174994;;;;
12/05/2026 17:50:23;armaduras;Armadura de Guarda-tumbas;T6;.2;T6_ARMOR_PLATE_UNDEAD@2;;;;131516;;;;0001-01-01T00:00:00;2026-05-12T15:15:00;;;;;;
12/05/2026 17:50:23;armaduras;Armadura de Guarda-tumbas;T6;.3;T6_ARMOR_PLATE_UNDEAD@3;Bridgewatch;774998;;776439;;;2026-05-12T00:00:00;0001-01-01T00:00:00;2026-05-12T15:15:00;774998;;;;;
12/05/2026 17:50:23;armaduras;Armadura de Guarda-tumbas;T7;.0;T7_ARMOR_PLATE_UNDEAD;Lymhurst;93986;;71055;;;2026-05-11T23:45:00;0001-01-01T00:00:00;2026-05-12T15:15:00;99963;149999;;93986;;
12/05/2026 17:50:23;armaduras;Armadura de Guarda-tumbas;T7;.1;T7_ARMOR_PLATE_UNDEAD@1;Bridgewatch;279991;;349566;;;2026-05-12T00:00:00;0001-01-01T00:00:00;2026-05-12T15:15:00;279991;389495;;;;
12/05/2026 17:50:23;armaduras;Armadura de Guarda-tumbas;T7;.2;T7_ARMOR_PLATE_UNDEAD@2;;;;220129;;;;0001-01-01T00:00:00;2026-05-12T15:15:00;;;;;;
12/05/2026 17:50:23;armaduras;Armadura de Guarda-tumbas;T7;.3;T7_ARMOR_PLATE_UNDEAD@3;;;;760733;;;;0001-01-01T00:00:00;2026-05-12T15:15:00;;;;;;
12/05/2026 17:50:23;armaduras;Armadura de Guarda-tumbas;T8;.0;T8_ARMOR_PLATE_UNDEAD;Caerleon;549999;;356854;;;2026-05-12T15:05:00;0001-01-01T00:00:00;2026-05-12T15:15:00;;549999;;;;
12/05/2026 17:50:23;armaduras;Armadura de Guarda-tumbas;T8;.1;T8_ARMOR_PLATE_UNDEAD@1;Bridgewatch;899997;;369460;;;2026-05-12T00:00:00;0001-01-01T00:00:00;2026-05-12T15:15:00;899997;;989999;;;
12/05/2026 17:50:23;armaduras;Armadura de Guarda-tumbas;T8;.2;T8_ARMOR_PLATE_UNDEAD@2;;;;3070782;;;;0001-01-01T00:00:00;2026-05-12T15:15:00;;;;;;
12/05/2026 17:50:23;armaduras;Armadura de Guarda-tumbas;T8;.3;T8_ARMOR_PLATE_UNDEAD@3;;;;2918020;;;;0001-01-01T00:00:00;2026-05-12T15:10:00;;;;;;
12/05/2026 17:50:23;armaduras;Armadura de Guardião;T5;.0;T5_ARMOR_PLATE_SET3;Thetford;10914;16918;9480;6004;55,01;2026-05-12T15:05:00;2026-05-12T07:55:00;2026-05-12T09:45:00;;22106;;;;10914
12/05/2026 17:50:23;armaduras;Armadura de Guardião;T5;.1;T5_ARMOR_PLATE_SET3@1;Bridgewatch;17961;27739;27176;9778;54,44;2026-05-12T16:50:00;2026-05-12T07:55:00;2026-05-12T09:45:00;17961;49990;;;;
12/05/2026 17:50:23;armaduras;Armadura de Guardião;T5;.2;T5_ARMOR_PLATE_SET3@2;;;;89673;;;;0001-01-01T00:00:00;2026-05-12T15:15:00;;;;;;
12/05/2026 17:50:23;armaduras;Armadura de Guardião;T5;.3;T5_ARMOR_PLATE_SET3@3;Bridgewatch;340971;;73254;;;2026-05-12T00:00:00;0001-01-01T00:00:00;2026-05-12T15:15:00;340971;;;399977;;
12/05/2026 17:50:23;armaduras;Armadura de Guardião;T6;.0;T6_ARMOR_PLATE_SET3;Bridgewatch;25987;;32864;;;2026-05-11T23:15:00;0001-01-01T00:00:00;2026-05-12T15:10:00;25987;53439;;;;
12/05/2026 17:50:23;armaduras;Armadura de Guardião;T6;.1;T6_ARMOR_PLATE_SET3@1;Caerleon;149947;;64413;;;2026-05-12T04:50:00;0001-01-01T00:00:00;2026-05-12T15:15:00;;149947;;;;
12/05/2026 17:50:23;armaduras;Armadura de Guardião;T6;.2;T6_ARMOR_PLATE_SET3@2;Lymhurst;235000;373332;242496;138332;58,86;2026-05-11T21:35:00;2026-05-11T22:10:00;2026-05-12T15:15:00;269995;240000;;235000;;
12/05/2026 17:50:23;armaduras;Armadura de Guardião;T6;.3;T6_ARMOR_PLATE_SET3@3;Lymhurst;900000;;631625;;;2026-05-11T21:35:00;0001-01-01T00:00:00;2026-05-12T15:15:00;;;;900000;;
12/05/2026 17:50:23;armaduras;Armadura de Guardião;T7;.0;T7_ARMOR_PLATE_SET3;Caerleon;118973;95995;92199;-22978;-19,31;2026-05-12T10:25:00;2026-05-12T09:45:00;2026-05-12T15:15:00;;118973;;;;
12/05/2026 17:50:23;armaduras;Armadura de Guardião;T7;.1;T7_ARMOR_PLATE_SET3@1;Lymhurst;222000;;260178;;;2026-05-11T21:35:00;0001-01-01T00:00:00;2026-05-12T15:15:00;;324973;230034;222000;;
12/05/2026 17:50:23;armaduras;Armadura de Guardião;T7;.2;T7_ARMOR_PLATE_SET3@2;Lymhurst;999995;;186961;;;2026-05-11T21:35:00;0001-01-01T00:00:00;2026-05-12T15:15:00;;;;999995;;
12/05/2026 17:50:23;armaduras;Armadura de Guardião;T7;.3;T7_ARMOR_PLATE_SET3@3;;;;2496182;;;;0001-01-01T00:00:00;2026-05-12T15:15:00;;;;;;
12/05/2026 17:50:23;armaduras;Armadura de Guardião;T8;.0;T8_ARMOR_PLATE_SET3;Lymhurst;241308;;214710;;;2026-05-11T21:35:00;0001-01-01T00:00:00;2026-05-12T15:15:00;;250009;;241308;;
12/05/2026 17:50:23;armaduras;Armadura de Guardião;T8;.1;T8_ARMOR_PLATE_SET3@1;Lymhurst;939994;;505300;;;2026-05-11T21:35:00;0001-01-01T00:00:00;2026-05-12T15:15:00;;;1033979;939994;;
12/05/2026 17:50:23;armaduras;Armadura de Guardião;T8;.2;T8_ARMOR_PLATE_SET3@2;;;;1879716;;;;0001-01-01T00:00:00;2026-05-12T15:15:00;;;;;;
12/05/2026 17:50:23;armaduras;Armadura de Guardião;T8;.3;T8_ARMOR_PLATE_SET3@3;;;;101055;;;;0001-01-01T00:00:00;2026-05-12T15:05:00;;;;;;
12/05/2026 17:50:23;armaduras;Armadura de Soldado;T5;.0;T5_ARMOR_PLATE_SET1;Caerleon;14996;;5372;;;2026-05-12T09:45:00;0001-01-01T00:00:00;2026-05-12T09:45:00;;14996;;;;
12/05/2026 17:50:23;armaduras;Armadura de Soldado;T5;.1;T5_ARMOR_PLATE_SET1@1;Bridgewatch;18763;;25912;;;2026-05-12T16:50:00;0001-01-01T00:00:00;2026-05-12T09:45:00;18763;179979;;;;
12/05/2026 17:50:23;armaduras;Armadura de Soldado;T5;.2;T5_ARMOR_PLATE_SET1@2;Bridgewatch;69884;;83358;;;2026-05-11T21:40:00;0001-01-01T00:00:00;2026-05-12T15:15:00;69884;;;;;
12/05/2026 17:50:23;armaduras;Armadura de Soldado;T5;.3;T5_ARMOR_PLATE_SET1@3;Thetford;301736;;250074;;;2026-05-11T22:50:00;0001-01-01T00:00:00;2026-05-12T15:15:00;339994;;;359978;;301736
12/05/2026 17:50:23;armaduras;Armadura de Soldado;T6;.0;T6_ARMOR_PLATE_SET1;Martlock;27999;43649;22752;15650;55,89;2026-05-12T00:20:00;2026-05-12T15:50:00;2026-05-12T15:50:00;;52840;;33898;27999;
12/05/2026 17:50:23;armaduras;Armadura de Soldado;T6;.1;T6_ARMOR_PLATE_SET1@1;;;;44205;;;;0001-01-01T00:00:00;2026-05-12T15:10:00;;;;;;
12/05/2026 17:50:23;armaduras;Armadura de Soldado;T6;.2;T6_ARMOR_PLATE_SET1@2;Bridgewatch;229968;;239970;;;2026-05-12T17:55:00;0001-01-01T00:00:00;2026-05-12T15:15:00;229968;;;255941;;
12/05/2026 17:50:23;armaduras;Armadura de Soldado;T6;.3;T6_ARMOR_PLATE_SET1@3;Thetford;979999;;186961;;;2026-05-11T23:05:00;0001-01-01T00:00:00;2026-05-12T15:15:00;;;;;;979999
12/05/2026 17:50:23;armaduras;Armadura de Soldado;T7;.0;T7_ARMOR_PLATE_SET1;Bridgewatch;68430;;68202;;;2026-05-11T23:15:00;0001-01-01T00:00:00;2026-05-12T15:15:00;68430;179974;74980;;;
12/05/2026 17:50:23;armaduras;Armadura de Soldado;T7;.1;T7_ARMOR_PLATE_SET1@1;Fort Sterling;228078;;275334;;;2026-05-12T18:40:00;0001-01-01T00:00:00;2026-05-12T15:15:00;;499999;228078;;;
12/05/2026 17:50:23;armaduras;Armadura de Soldado;T7;.2;T7_ARMOR_PLATE_SET1@2;Caerleon;1000000;;646784;;;2026-05-12T15:05:00;0001-01-01T00:00:00;2026-05-12T15:15:00;;1000000;;;;
12/05/2026 17:50:23;armaduras;Armadura de Soldado;T7;.3;T7_ARMOR_PLATE_SET1@3;;;;1859504;;;;0001-01-01T00:00:00;2026-05-12T15:15:00;;;;;;
12/05/2026 17:50:23;armaduras;Armadura de Soldado;T8;.0;T8_ARMOR_PLATE_SET1;Caerleon;320000;;265230;;;2026-05-12T15:05:00;0001-01-01T00:00:00;2026-05-12T15:15:00;;320000;;;;
12/05/2026 17:50:23;armaduras;Armadura de Soldado;T8;.1;T8_ARMOR_PLATE_SET1@1;Thetford;850000;;545724;;;2026-05-11T23:10:00;0001-01-01T00:00:00;2026-05-12T15:15:00;;;;;;850000
12/05/2026 17:50:23;armaduras;Armadura de Soldado;T8;.2;T8_ARMOR_PLATE_SET1@2;;;;1263250;;;;0001-01-01T00:00:00;2026-05-12T15:15:00;;;;;;
12/05/2026 17:50:23;armaduras;Armadura de Soldado;T8;.3;T8_ARMOR_PLATE_SET1@3;;;;4405998;;;;0001-01-01T00:00:00;2026-05-12T15:15:00;;;;;;
12/05/2026 17:50:23;armaduras;Bolsa;T5;.0;T5_BAG;Thetford;12662;19246;15800;6584;52,00;2026-05-12T14:50:00;2026-05-12T20:00:00;2026-05-12T20:00:00;14968;21845;15000;14990;13394;12662
12/05/2026 17:50:23;armaduras;Bolsa;T5;.1;T5_BAG@1;Martlock;27477;33409;32232;5932;21,59;2026-05-12T16:45:00;2026-05-12T04:00:00;2026-05-12T15:15:00;29988;120000;29997;29980;27477;31981
12/05/2026 17:50:23;armaduras;Bolsa;T5;.2;T5_BAG@2;Lymhurst;88981;;64413;;;2026-05-12T00:55:00;0001-01-01T00:00:00;2026-05-12T15:15:00;91856;375000;;88981;90961;
12/05/2026 17:50:23;armaduras;Bolsa;T5;.3;T5_BAG@3;Thetford;289988;;88410;;;2026-05-11T22:55:00;0001-01-01T00:00:00;2026-05-12T15:15:00;;;;;;289988
12/05/2026 17:50:23;armaduras;Bolsa;T6;.0;T6_BAG;Fort Sterling;46875;49386;47400;2511;5,36;2026-05-12T20:00:00;2026-05-12T14:55:00;2026-05-12T15:20:00;49989;52190;46875;47785;55199;52078
12/05/2026 17:50:23;armaduras;Bolsa;T6;.1;T6_BAG@1;Lymhurst;85992;100943;92199;14951;17,39;2026-05-12T02:05:00;2026-05-12T10:45:00;2026-05-12T15:20:00;87989;90501;;85992;;89995
12/05/2026 17:50:23;armaduras;Bolsa;T6;.2;T6_BAG@2;Lymhurst;268945;;262704;;;2026-05-12T02:05:00;0001-01-01T00:00:00;2026-05-12T15:30:00;280000;;;268945;280000;
12/05/2026 17:50:23;armaduras;Bolsa;T6;.3;T6_BAG@3;;;;864063;;;;0001-01-01T00:00:00;2026-05-12T15:20:00;;;;;;
12/05/2026 17:50:23;armaduras;Bolsa;T7;.0;T7_BAG;Lymhurst;127000;167812;128826;40812;32,14;2026-05-12T19:50:00;2026-05-12T15:05:00;2026-05-12T15:10:00;143306;154982;140997;127000;129999;
12/05/2026 17:50:23;armaduras;Bolsa;T7;.1;T7_BAG@1;Lymhurst;264109;300000;164190;35891;13,59;2026-05-12T02:05:00;2026-05-12T15:50:00;2026-05-12T15:50:00;;299987;;264109;;
12/05/2026 17:50:23;armaduras;Bolsa;T7;.2;T7_BAG@2;Lymhurst;749982;;581095;;;2026-05-11T21:40:00;0001-01-01T00:00:00;2026-05-12T15:20:00;;966666;;749982;791576;780999
12/05/2026 17:50:23;armaduras;Bolsa;T7;.3;T7_BAG@3;;;;1798868;;;;0001-01-01T00:00:00;2026-05-12T15:25:00;;;;;;
12/05/2026 17:50:23;armaduras;Bolsa;T8;.0;T8_BAG;Bridgewatch;346750;;287964;;;2026-05-12T00:20:00;0001-01-01T00:00:00;2026-05-12T15:20:00;346750;449990;379998;;;429936
12/05/2026 17:50:23;armaduras;Bolsa;T8;.1;T8_BAG@1;Bridgewatch;699860;;454770;;;2026-05-12T00:20:00;0001-01-01T00:00:00;2026-05-12T15:20:00;699860;849989;720975;718998;;
12/05/2026 17:50:23;armaduras;Bolsa;T8;.2;T8_BAG@2;Fort Sterling;2799969;;485088;;;2026-05-12T19:05:00;0001-01-01T00:00:00;2026-05-12T15:20:00;;;2799969;;;
12/05/2026 17:50:23;armaduras;Bolsa;T8;.3;T8_BAG@3;;;;4183677;;;;0001-01-01T00:00:00;2026-05-12T15:25:00;;;;;;
12/05/2026 17:50:23;armaduras;Botas de Cavaleiro;T5;.0;T5_SHOES_PLATE_SET2;Thetford;2740;7651;3792;4911;179,23;2026-05-12T15:05:00;2026-05-12T00:05:00;2026-05-12T16:30:00;;5990;;;;2740
12/05/2026 17:50:23;armaduras;Botas de Cavaleiro;T5;.1;T5_SHOES_PLATE_SET2@1;Caerleon;42971;;7268;;;2026-05-12T01:30:00;0001-01-01T00:00:00;2026-05-12T01:35:00;;42971;;;;
12/05/2026 17:50:23;armaduras;Botas de Cavaleiro;T5;.2;T5_SHOES_PLATE_SET2@2;Caerleon;43998;;37920;;;2026-05-12T01:30:00;0001-01-01T00:00:00;2026-05-12T15:10:00;;43998;;;;
12/05/2026 17:50:23;armaduras;Botas de Cavaleiro;T5;.3;T5_SHOES_PLATE_SET2@3;;;;109881;;;;0001-01-01T00:00:00;2026-05-12T15:15:00;;;;;;
12/05/2026 17:50:23;armaduras;Botas de Cavaleiro;T6;.0;T6_SHOES_PLATE_SET2;Lymhurst;10997;16835;16432;5838;53,09;2026-05-12T13:15:00;2026-05-12T14:55:00;2026-05-12T15:15:00;11894;18999;;10997;;
12/05/2026 17:50:23;armaduras;Botas de Cavaleiro;T6;.1;T6_SHOES_PLATE_SET2@1;Bridgewatch;22900;;30336;;;2026-05-12T00:20:00;0001-01-01T00:00:00;2026-05-12T15:10:00;22900;37881;;;;
12/05/2026 17:50:23;armaduras;Botas de Cavaleiro;T6;.2;T6_SHOES_PLATE_SET2@2;;;;79569;;;;0001-01-01T00:00:00;2026-05-12T15:15:00;;;;;;
12/05/2026 17:50:23;armaduras;Botas de Cavaleiro;T6;.3;T6_SHOES_PLATE_SET2@3;Caerleon;449877;;20208;;;2026-05-12T15:15:00;0001-01-01T00:00:00;2026-05-12T15:15:00;;449877;;;;
12/05/2026 17:50:23;armaduras;Botas de Cavaleiro;T7;.0;T7_SHOES_PLATE_SET2;Fort Sterling;29986;;24016;;;2026-05-12T00:45:00;0001-01-01T00:00:00;2026-05-12T15:15:00;;39966;29986;;;33465
12/05/2026 17:50:23;armaduras;Botas de Cavaleiro;T7;.1;T7_SHOES_PLATE_SET2@1;Lymhurst;81996;;111144;;;2026-05-12T16:15:00;0001-01-01T00:00:00;2026-05-12T15:10:00;;118888;;81996;;
12/05/2026 17:50:23;armaduras;Botas de Cavaleiro;T7;.2;T7_SHOES_PLATE_SET2@2;;;;373848;;;;0001-01-01T00:00:00;2026-05-12T15:15:00;;;;;;
12/05/2026 17:50:23;armaduras;Botas de Cavaleiro;T7;.3;T7_SHOES_PLATE_SET2@3;;;;267809;;;;0001-01-01T00:00:00;2026-05-12T15:15:00;;;;;;
12/05/2026 17:50:23;armaduras;Botas de Cavaleiro;T8;.0;T8_SHOES_PLATE_SET2;Fort Sterling;90278;129994;118722;39716;43,99;2026-05-11T23:55:00;2026-05-12T09:00:00;2026-05-12T15:10:00;;154997;90278;;;
12/05/2026 17:50:23;armaduras;Botas de Cavaleiro;T8;.1;T8_SHOES_PLATE_SET2@1;;;;212184;;;;0001-01-01T00:00:00;2026-05-12T15:15:00;;;;;;
12/05/2026 17:50:23;armaduras;Botas de Cavaleiro;T8;.2;T8_SHOES_PLATE_SET2@2;;;;101060;;;;0001-01-01T00:00:00;2026-05-12T15:15:00;;;;;;
12/05/2026 17:50:23;armaduras;Botas de Cavaleiro;T8;.3;T8_SHOES_PLATE_SET2@3;;;;808480;;;;0001-01-01T00:00:00;2026-05-12T15:10:00;;;;;;
12/05/2026 17:50:23;armaduras;Botas de Guarda-tumbas;T5;.0;T5_SHOES_PLATE_UNDEAD;Caerleon;134000;;18321;;;2026-05-12T06:25:00;0001-01-01T00:00:00;2026-05-12T01:35:00;;134000;;;;
12/05/2026 17:50:23;armaduras;Botas de Guarda-tumbas;T5;.1;T5_SHOES_PLATE_UNDEAD@1;Caerleon;29989;22697;16330;-7292;-24,32;2026-05-12T01:30:00;2026-05-12T00:30:00;2026-05-12T15:15:00;;29989;;;;
12/05/2026 17:50:23;armaduras;Botas de Guarda-tumbas;T5;.2;T5_SHOES_PLATE_UNDEAD@2;;;;32208;;;;0001-01-01T00:00:00;2026-05-12T15:15:00;;;;;;
12/05/2026 17:50:23;armaduras;Botas de Guarda-tumbas;T5;.3;T5_SHOES_PLATE_UNDEAD@3;Thetford;125456;;45605;;;2026-05-11T22:25:00;0001-01-01T00:00:00;2026-05-12T15:15:00;;130000;;;;125456
12/05/2026 17:50:23;armaduras;Botas de Guarda-tumbas;T6;.0;T6_SHOES_PLATE_UNDEAD;Caerleon;37985;;28440;;;2026-05-12T01:30:00;0001-01-01T00:00:00;2026-05-12T15:10:00;;37985;;;;
12/05/2026 17:50:23;armaduras;Botas de Guarda-tumbas;T6;.1;T6_SHOES_PLATE_UNDEAD@1;Caerleon;78994;68994;19197;-10000;-12,66;2026-05-12T01:30:00;2026-05-12T05:35:00;2026-05-12T15:15:00;;78994;;;;
12/05/2026 17:50:23;armaduras;Botas de Guarda-tumbas;T6;.2;T6_SHOES_PLATE_UNDEAD@2;;;;73810;;;;0001-01-01T00:00:00;2026-05-12T15:15:00;;;;;;
12/05/2026 17:50:23;armaduras;Botas de Guarda-tumbas;T6;.3;T6_SHOES_PLATE_UNDEAD@3;Thetford;379991;;88570;;;2026-05-11T23:05:00;0001-01-01T00:00:00;2026-05-12T15:15:00;;;;;;379991
12/05/2026 17:50:23;armaduras;Botas de Guarda-tumbas;T7;.0;T7_SHOES_PLATE_UNDEAD;Caerleon;99986;69992;68730;-29994;-30,00;2026-05-12T01:30:00;2026-05-12T12:45:00;2026-05-12T15:15:00;;99986;;;;
12/05/2026 17:50:23;armaduras;Botas de Guarda-tumbas;T7;.1;T7_SHOES_PLATE_UNDEAD@1;Caerleon;195284;;96628;;;2026-05-12T15:15:00;0001-01-01T00:00:00;2026-05-12T15:15:00;;195284;;;;
12/05/2026 17:50:23;armaduras;Botas de Guarda-tumbas;T7;.2;T7_SHOES_PLATE_UNDEAD@2;;;;185196;;;;0001-01-01T00:00:00;2026-05-12T15:15:00;;;;;;
12/05/2026 17:50:23;armaduras;Botas de Guarda-tumbas;T7;.3;T7_SHOES_PLATE_UNDEAD@3;;;;317871;;;;0001-01-01T00:00:00;2026-05-12T15:15:00;;;;;;
12/05/2026 17:50:23;armaduras;Botas de Guarda-tumbas;T8;.0;T8_SHOES_PLATE_UNDEAD;;;297999;142110;;;;2026-05-12T09:00:00;2026-05-12T15:15:00;;;;;;
12/05/2026 17:50:23;armaduras;Botas de Guarda-tumbas;T8;.1;T8_SHOES_PLATE_UNDEAD@1;;;;343882;;;;0001-01-01T00:00:00;2026-05-12T15:15:00;;;;;;
12/05/2026 17:50:23;armaduras;Botas de Guarda-tumbas;T8;.2;T8_SHOES_PLATE_UNDEAD@2;;;;96642;;;;0001-01-01T00:00:00;2026-05-12T15:15:00;;;;;;
12/05/2026 17:50:23;armaduras;Botas de Guarda-tumbas;T8;.3;T8_SHOES_PLATE_UNDEAD@3;;;;1479782;;;;0001-01-01T00:00:00;2026-05-12T15:10:00;;;;;;
12/05/2026 17:50:23;armaduras;Botas de Guardião;T5;.0;T5_SHOES_PLATE_SET3;Caerleon;5399;7867;4898;2468;45,71;2026-05-12T01:30:00;2026-05-12T00:05:00;2026-05-12T01:35:00;;5399;;;;
12/05/2026 17:50:23;armaduras;Botas de Guardião;T5;.1;T5_SHOES_PLATE_SET3@1;Caerleon;12996;;9796;;;2026-05-12T01:30:00;0001-01-01T00:00:00;2026-05-11T20:55:00;;12996;;;;
12/05/2026 17:50:23;armaduras;Botas de Guardião;T5;.2;T5_SHOES_PLATE_SET3@2;Caerleon;53990;;32864;;;2026-05-12T01:30:00;0001-01-01T00:00:00;2026-05-12T15:10:00;;53990;;;;
12/05/2026 17:50:23;armaduras;Botas de Guardião;T5;.3;T5_SHOES_PLATE_SET3@3;Thetford;108928;;125037;;;2026-05-11T20:50:00;0001-01-01T00:00:00;2026-05-12T15:15:00;;155554;;;;108928
12/05/2026 17:50:23;armaduras;Botas de Guardião;T6;.0;T6_SHOES_PLATE_SET3;Lymhurst;11109;;15168;;;2026-05-12T03:25:00;0001-01-01T00:00:00;2026-05-12T15:15:00;13243;17994;;11109;;
12/05/2026 17:50:23;armaduras;Botas de Guardião;T6;.1;T6_SHOES_PLATE_SET3@1;Caerleon;37736;;29704;;;2026-05-12T01:30:00;0001-01-01T00:00:00;2026-05-12T15:15:00;;37736;;;;
12/05/2026 17:50:23;armaduras;Botas de Guardião;T6;.2;T6_SHOES_PLATE_SET3@2;;;;21471;;;;0001-01-01T00:00:00;2026-05-12T15:15:00;;;;;;
12/05/2026 17:50:23;armaduras;Botas de Guardião;T6;.3;T6_SHOES_PLATE_SET3@3;Caerleon;398998;;295542;;;2026-05-12T15:15:00;0001-01-01T00:00:00;2026-05-12T15:15:00;;398998;;;;
12/05/2026 17:50:23;armaduras;Botas de Guardião;T7;.0;T7_SHOES_PLATE_SET3;Thetford;33876;;32864;;;2026-05-11T20:55:00;0001-01-01T00:00:00;2026-05-12T15:15:00;;39969;;;;33876
12/05/2026 17:50:23;armaduras;Botas de Guardião;T7;.1;T7_SHOES_PLATE_SET3@1;Caerleon;133227;;83358;;;2026-05-12T06:25:00;0001-01-01T00:00:00;2026-05-12T15:15:00;;133227;;;;
12/05/2026 17:50:23;armaduras;Botas de Guardião;T7;.2;T7_SHOES_PLATE_SET3@2;;;;90936;;;;0001-01-01T00:00:00;2026-05-12T15:15:00;;;;;;
12/05/2026 17:50:23;armaduras;Botas de Guardião;T7;.3;T7_SHOES_PLATE_SET3@3;;;;1045971;;;;0001-01-01T00:00:00;2026-05-12T15:15:00;;;;;;
12/05/2026 17:50:23;armaduras;Botas de Guardião;T8;.0;T8_SHOES_PLATE_SET3;Caerleon;159869;;56835;;;2026-05-12T15:15:00;0001-01-01T00:00:00;2026-05-12T15:15:00;;159869;;;;
12/05/2026 17:50:23;armaduras;Botas de Guardião;T8;.1;T8_SHOES_PLATE_SET3@1;Caerleon;449995;;267756;;;2026-05-12T15:15:00;0001-01-01T00:00:00;2026-05-12T15:15:00;;449995;;;;
12/05/2026 17:50:23;armaduras;Botas de Guardião;T8;.2;T8_SHOES_PLATE_SET3@2;;;;353710;;;;0001-01-01T00:00:00;2026-05-12T15:15:00;;;;;;
12/05/2026 17:50:23;armaduras;Botas de Guardião;T8;.3;T8_SHOES_PLATE_SET3@3;;;;161696;;;;0001-01-01T00:00:00;2026-05-12T15:15:00;;;;;;
12/05/2026 17:50:23;armaduras;Botas de Soldado;T5;.0;T5_SHOES_PLATE_SET1;Bridgewatch;2580;6163;4424;3583;138,88;2026-05-12T02:45:00;2026-05-12T00:05:00;2026-05-12T01:35:00;2580;6892;2947;;;
12/05/2026 17:50:23;armaduras;Botas de Soldado;T5;.1;T5_SHOES_PLATE_SET1@1;Fort Sterling;7210;;6636;;;2026-05-12T00:05:00;0001-01-01T00:00:00;2026-05-12T01:35:00;;13306;7210;;;
12/05/2026 17:50:23;armaduras;Botas de Soldado;T5;.2;T5_SHOES_PLATE_SET1@2;;;;30968;;;;0001-01-01T00:00:00;2026-05-12T15:10:00;;;;;;
12/05/2026 17:50:23;armaduras;Botas de Soldado;T5;.3;T5_SHOES_PLATE_SET1@3;Caerleon;145000;;88410;;;2026-05-12T06:25:00;0001-01-01T00:00:00;2026-05-12T15:15:00;;145000;;;;
12/05/2026 17:50:23;armaduras;Botas de Soldado;T6;.0;T6_SHOES_PLATE_SET1;Lymhurst;11295;16094;13904;4799;42,49;2026-05-12T03:25:00;2026-05-12T14:55:00;2026-05-12T15:15:00;;18978;12790;11295;;
12/05/2026 17:50:23;armaduras;Botas de Soldado;T6;.1;T6_SHOES_PLATE_SET1@1;Fort Sterling;26162;;27808;;;2026-05-12T03:05:00;0001-01-01T00:00:00;2026-05-12T01:35:00;;;26162;;;
12/05/2026 17:50:23;armaduras;Botas de Soldado;T6;.2;T6_SHOES_PLATE_SET1@2;;;;54309;;;;0001-01-01T00:00:00;2026-05-12T15:15:00;;;;;;
12/05/2026 17:50:23;armaduras;Botas de Soldado;T6;.3;T6_SHOES_PLATE_SET1@3;Thetford;354990;;234918;;;2026-05-11T23:15:00;0001-01-01T00:00:00;2026-05-12T15:15:00;;419998;;;;354990
12/05/2026 17:50:23;armaduras;Botas de Soldado;T7;.0;T7_SHOES_PLATE_SET1;Fort Sterling;34946;44974;40448;10028;28,70;2026-05-12T06:25:00;2026-05-12T06:40:00;2026-05-12T15:15:00;;41234;34946;;;
12/05/2026 17:50:23;armaduras;Botas de Soldado;T7;.1;T7_SHOES_PLATE_SET1@1;Caerleon;194961;;123774;;;2026-05-12T15:15:00;0001-01-01T00:00:00;2026-05-12T15:15:00;;194961;;;;
12/05/2026 17:50:23;armaduras;Botas de Soldado;T7;.2;T7_SHOES_PLATE_SET1@2;;;;487518;;;;0001-01-01T00:00:00;2026-05-12T15:15:00;;;;;;
12/05/2026 17:50:23;armaduras;Botas de Soldado;T7;.3;T7_SHOES_PLATE_SET1@3;;;;323392;;;;0001-01-01T00:00:00;2026-05-12T15:15:00;;;;;;
12/05/2026 17:50:23;armaduras;Botas de Soldado;T8;.0;T8_SHOES_PLATE_SET1;Fort Sterling;94000;;77043;;;2026-05-11T23:55:00;0001-01-01T00:00:00;2026-05-12T15:10:00;;188000;94000;;;
12/05/2026 17:50:23;armaduras;Botas de Soldado;T8;.1;T8_SHOES_PLATE_SET1@1;;;;123774;;;;0001-01-01T00:00:00;2026-05-12T15:15:00;;;;;;
12/05/2026 17:50:23;armaduras;Botas de Soldado;T8;.2;T8_SHOES_PLATE_SET1@2;;;;944911;;;;0001-01-01T00:00:00;2026-05-12T15:15:00;;;;;;
12/05/2026 17:50:23;armaduras;Botas de Soldado;T8;.3;T8_SHOES_PLATE_SET1@3;;;;1192508;;;;0001-01-01T00:00:00;2026-05-12T15:15:00;;;;;;
12/05/2026 17:50:23;armaduras;Capa;T5;.0;T5_CAPE;Fort Sterling;6176;9695;2054;3519;56,98;2026-05-12T00:05:00;2026-05-12T16:25:00;2026-05-12T11:15:00;;10999;6176;6987;6702;
12/05/2026 17:50:23;armaduras;Capa;T5;.1;T5_CAPE@1;Caerleon;24850;21000;18012;-3850;-15,49;2026-05-12T06:20:00;2026-05-12T11:10:00;2026-05-12T11:10:00;;24850;;;;
12/05/2026 17:50:23;armaduras;Capa;T5;.2;T5_CAPE@2;Martlock;39999;;;;;2026-05-12T16:45:00;0001-01-01T00:00:00;0001-01-01T00:00:00;;69991;;;39999;
12/05/2026 17:50:23;armaduras;Capa;T5;.3;T5_CAPE@3;Caerleon;249998;;102303;;;2026-05-12T10:50:00;0001-01-01T00:00:00;2026-05-12T10:50:00;;249998;;;;
12/05/2026 17:50:23;armaduras;Capa;T6;.0;T6_CAPE;Fort Sterling;20693;30997;30020;10304;49,79;2026-05-12T18:55:00;2026-05-12T05:35:00;2026-05-12T10:50:00;21081;30462;20693;20888;;21711
12/05/2026 17:50:23;armaduras;Capa;T6;.1;T6_CAPE@1;Bridgewatch;42986;;17064;;;2026-05-12T01:15:00;0001-01-01T00:00:00;2026-05-12T10:50:00;42986;59959;;;;
12/05/2026 17:50:23;armaduras;Capa;T6;.2;T6_CAPE@2;Bridgewatch;144986;;184398;;;2026-05-12T02:05:00;0001-01-01T00:00:00;2026-05-12T10:50:00;144986;199987;;;;
12/05/2026 17:50:23;armaduras;Capa;T6;.3;T6_CAPE@3;Bridgewatch;380000;;497622;;;2026-05-12T01:15:00;0001-01-01T00:00:00;2026-05-12T15:10:00;380000;564998;;;;399999
12/05/2026 17:50:23;armaduras;Capa;T7;.0;T7_CAPE;Lymhurst;61995;;49296;;;2026-05-12T14:35:00;0001-01-01T00:00:00;2026-05-12T10:50:00;67994;108995;;61995;;69671
12/05/2026 17:50:23;armaduras;Capa;T7;.1;T7_CAPE@1;Lymhurst;132000;;174294;;;2026-05-12T16:15:00;0001-01-01T00:00:00;2026-05-12T10:50:00;158000;264985;;132000;;
12/05/2026 17:50:23;armaduras;Capa;T7;.2;T7_CAPE@2;Martlock;298000;;477414;;;2026-05-12T11:05:00;0001-01-01T00:00:00;2026-05-12T15:10:00;399974;;;;298000;
12/05/2026 17:50:23;armaduras;Capa;T7;.3;T7_CAPE@3;;;;833745;;;;0001-01-01T00:00:00;2026-05-12T15:10:00;;;;;;
12/05/2026 17:50:23;armaduras;Capa;T8;.0;T8_CAPE;Bridgewatch;125980;189989;68202;64009;50,81;2026-05-12T01:10:00;2026-05-12T09:35:00;2026-05-12T10:50:00;125980;;;;;179986
12/05/2026 17:50:23;armaduras;Capa;T8;.1;T8_CAPE@1;Fort Sterling;387888;;310698;;;2026-05-12T00:10:00;0001-01-01T00:00:00;2026-05-12T15:10:00;398995;;387888;;;
12/05/2026 17:50:23;armaduras;Capa;T8;.2;T8_CAPE@2;Bridgewatch;1200000;;1313780;;;2026-05-12T01:10:00;0001-01-01T00:00:00;2026-05-12T15:10:00;1200000;;;;;
12/05/2026 17:50:23;armaduras;Capa;T8;.3;T8_CAPE@3;Bridgewatch;4099999;;2435546;;;2026-05-12T01:10:00;0001-01-01T00:00:00;2026-05-12T15:10:00;4099999;;;;;
12/05/2026 17:50:23;armaduras;Capote de Clérigo;T5;.0;T5_HEAD_CLOTH_SET2;Fort Sterling;5077;8881;8374;3804;74,93;2026-05-12T02:20:00;2026-05-12T16:25:00;2026-05-12T16:25:00;;7494;5077;;;
12/05/2026 17:50:23;armaduras;Capote de Clérigo;T5;.1;T5_HEAD_CLOTH_SET2@1;Bridgewatch;8000;16477;7900;8477;105,96;2026-05-11T20:55:00;2026-05-12T08:00:00;2026-05-12T08:00:00;8000;20000;;8417;;
12/05/2026 17:50:23;armaduras;Capote de Clérigo;T5;.2;T5_HEAD_CLOTH_SET2@2;Bridgewatch;11000;;34760;;;2026-05-12T00:55:00;0001-01-01T00:00:00;2026-05-12T15:10:00;11000;;;;;11456
12/05/2026 17:50:23;armaduras;Capote de Clérigo;T5;.3;T5_HEAD_CLOTH_SET2@3;Lymhurst;104883;;147771;;;2026-05-12T02:25:00;0001-01-01T00:00:00;2026-05-12T15:10:00;;;;104883;;
12/05/2026 17:50:23;armaduras;Capote de Clérigo;T6;.0;T6_HEAD_CLOTH_SET2;Caerleon;28975;22418;16432;-6557;-22,63;2026-05-11T22:55:00;2026-05-12T08:00:00;2026-05-12T15:10:00;;28975;;;;
12/05/2026 17:50:23;armaduras;Capote de Clérigo;T6;.1;T6_HEAD_CLOTH_SET2@1;;;38990;38552;;;;2026-05-12T08:00:00;2026-05-12T15:15:00;;;;;;
12/05/2026 17:50:23;armaduras;Capote de Clérigo;T6;.2;T6_HEAD_CLOTH_SET2@2;;;;102303;;;;0001-01-01T00:00:00;2026-05-12T15:15:00;;;;;;
12/05/2026 17:50:23;armaduras;Capote de Clérigo;T6;.3;T6_HEAD_CLOTH_SET2@3;Thetford;334898;;330906;;;2026-05-11T23:15:00;0001-01-01T00:00:00;2026-05-12T15:15:00;;;;;;334898
12/05/2026 17:50:23;armaduras;Capote de Clérigo;T7;.0;T7_HEAD_CLOTH_SET2;Fort Sterling;30998;50270;36024;19272;62,17;2026-05-11T22:25:00;2026-05-12T08:00:00;2026-05-12T15:15:00;;41986;30998;;;35987
12/05/2026 17:50:23;armaduras;Capote de Clérigo;T7;.1;T7_HEAD_CLOTH_SET2@1;Caerleon;134990;144444;56835;9454;7,00;2026-05-12T15:05:00;2026-05-12T08:00:00;2026-05-12T15:15:00;;134990;;;;
12/05/2026 17:50:23;armaduras;Capote de Clérigo;T7;.2;T7_HEAD_CLOTH_SET2@2;Martlock;374999;;133878;;;2026-05-12T11:05:00;0001-01-01T00:00:00;2026-05-12T15:15:00;;;;;374999;
12/05/2026 17:50:23;armaduras;Capote de Clérigo;T7;.3;T7_HEAD_CLOTH_SET2@3;;;;217279;;;;0001-01-01T00:00:00;2026-05-12T15:15:00;;;;;;
12/05/2026 17:50:23;armaduras;Capote de Clérigo;T8;.0;T8_HEAD_CLOTH_SET2;Caerleon;179998;205999;152823;26001;14,45;2026-05-11T22:25:00;2026-05-12T08:00:00;2026-05-12T15:15:00;;179998;;;;
12/05/2026 17:50:23;armaduras;Capote de Clérigo;T8;.1;T8_HEAD_CLOTH_SET2@1;Thetford;350000;385499;169242;35499;10,14;2026-05-11T23:10:00;2026-05-12T08:00:00;2026-05-12T15:15:00;;;;;;350000
12/05/2026 17:50:23;armaduras;Capote de Clérigo;T8;.2;T8_HEAD_CLOTH_SET2@2;;;;924699;;;;0001-01-01T00:00:00;2026-05-12T15:15:00;;;;;;
12/05/2026 17:50:23;armaduras;Capote de Clérigo;T8;.3;T8_HEAD_CLOTH_SET2@3;Lymhurst;2499900;;262756;;;2026-05-12T17:30:00;0001-01-01T00:00:00;2026-05-12T15:15:00;;;;2499900;;
12/05/2026 17:50:23;armaduras;Capote de Druida;T5;.0;T5_HEAD_CLOTH_KEEPER;Bridgewatch;7133;;13987;;;2026-05-11T23:15:00;0001-01-01T00:00:00;2026-05-11T23:00:00;7133;12881;;;;
12/05/2026 17:50:23;armaduras;Capote de Druida;T5;.1;T5_HEAD_CLOTH_KEEPER@1;Thetford;14993;;22720;;;2026-05-12T15:25:00;0001-01-01T00:00:00;2026-05-11T23:00:00;;23900;;;;14993
12/05/2026 17:50:23;armaduras;Capote de Druida;T5;.2;T5_HEAD_CLOTH_KEEPER@2;;;;53680;;;;0001-01-01T00:00:00;2026-05-12T15:15:00;;;;;;
12/05/2026 17:50:23;armaduras;Capote de Druida;T5;.3;T5_HEAD_CLOTH_KEEPER@3;Thetford;157758;;121179;;;2026-05-11T22:35:00;0001-01-01T00:00:00;2026-05-12T15:15:00;;;;;;157758
12/05/2026 17:50:23;armaduras;Capote de Druida;T6;.0;T6_HEAD_CLOTH_KEEPER;Caerleon;39322;;37130;;;2026-05-11T22:55:00;0001-01-01T00:00:00;2026-05-12T15:15:00;;39322;;;;
12/05/2026 17:50:23;armaduras;Capote de Druida;T6;.1;T6_HEAD_CLOTH_KEEPER@1;;;;47637;;;;0001-01-01T00:00:00;2026-05-12T15:15:00;;;;;;
12/05/2026 17:50:23;armaduras;Capote de Druida;T6;.2;T6_HEAD_CLOTH_KEEPER@2;Caerleon;194998;;166408;;;2026-05-12T15:05:00;0001-01-01T00:00:00;2026-05-12T15:10:00;;194998;;;;
12/05/2026 17:50:23;armaduras;Capote de Druida;T6;.3;T6_HEAD_CLOTH_KEEPER@3;Caerleon;470000;;200585;;;2026-05-11T23:00:00;0001-01-01T00:00:00;2026-05-12T15:15:00;;470000;;;;
12/05/2026 17:50:23;armaduras;Capote de Druida;T7;.0;T7_HEAD_CLOTH_KEEPER;Martlock;55897;;27650;;;2026-05-12T01:25:00;0001-01-01T00:00:00;2026-05-12T15:15:00;;79992;;;55897;
12/05/2026 17:50:23;armaduras;Capote de Druida;T7;.1;T7_HEAD_CLOTH_KEEPER@1;;;222221;160573;;;;2026-05-12T02:45:00;2026-05-12T15:15:00;;;;;;
12/05/2026 17:50:23;armaduras;Capote de Druida;T7;.2;T7_HEAD_CLOTH_KEEPER@2;;;;316712;;;;0001-01-01T00:00:00;2026-05-12T15:15:00;;;;;;
12/05/2026 17:50:23;armaduras;Capote de Druida;T7;.3;T7_HEAD_CLOTH_KEEPER@3;;;;1198530;;;;0001-01-01T00:00:00;2026-05-12T15:15:00;;;;;;
12/05/2026 17:50:23;armaduras;Capote de Druida;T8;.0;T8_HEAD_CLOTH_KEEPER;Fort Sterling;329944;;293694;;;2026-05-11T23:50:00;0001-01-01T00:00:00;2026-05-12T15:15:00;;399886;329944;;;
12/05/2026 17:50:23;armaduras;Capote de Druida;T8;.1;T8_HEAD_CLOTH_KEEPER@1;;;;323988;;;;0001-01-01T00:00:00;2026-05-12T15:15:00;;;;;;
12/05/2026 17:50:23;armaduras;Capote de Druida;T8;.2;T8_HEAD_CLOTH_KEEPER@2;;;;246974;;;;0001-01-01T00:00:00;2026-05-12T15:15:00;;;;;;
12/05/2026 17:50:23;armaduras;Capote de Druida;T8;.3;T8_HEAD_CLOTH_KEEPER@3;;;;3428509;;;;0001-01-01T00:00:00;2026-05-12T15:10:00;;;;;;
12/05/2026 17:50:23;armaduras;Capote de Erudito;T5;.0;T5_HEAD_CLOTH_SET1;Fort Sterling;2806;8601;8532;5795;206,52;2026-05-12T02:20:00;2026-05-12T08:00:00;2026-05-12T08:00:00;;10966;2806;;;
12/05/2026 17:50:23;armaduras;Capote de Erudito;T5;.1;T5_HEAD_CLOTH_SET1@1;Fort Sterling;11999;19269;14536;7270;60,59;2026-05-12T02:30:00;2026-05-12T08:00:00;2026-05-12T08:00:00;;19579;11999;13991;;
12/05/2026 17:50:23;armaduras;Capote de Erudito;T5;.2;T5_HEAD_CLOTH_SET1@2;Fort Sterling;19899;;29704;;;2026-05-12T02:30:00;0001-01-01T00:00:00;2026-05-12T15:15:00;;79998;19899;;;
12/05/2026 17:50:23;armaduras;Capote de Erudito;T5;.3;T5_HEAD_CLOTH_SET1@3;Fort Sterling;85957;;34101;;;2026-05-12T02:45:00;0001-01-01T00:00:00;2026-05-12T15:15:00;;149992;85957;;;
12/05/2026 17:50:23;armaduras;Capote de Erudito;T6;.0;T6_HEAD_CLOTH_SET1;Fort Sterling;14498;19486;9796;4988;34,40;2026-05-12T02:30:00;2026-05-12T15:50:00;2026-05-12T15:50:00;;18981;14498;;;
12/05/2026 17:50:23;armaduras;Capote de Erudito;T6;.1;T6_HEAD_CLOTH_SET1@1;Bridgewatch;25959;35996;30968;10037;38,66;2026-05-12T05:20:00;2026-05-12T14:55:00;2026-05-12T15:15:00;25959;52959;26995;;;
12/05/2026 17:50:23;armaduras;Capote de Erudito;T6;.2;T6_HEAD_CLOTH_SET1@2;Caerleon;144997;;104829;;;2026-05-12T15:05:00;0001-01-01T00:00:00;2026-05-12T15:15:00;;144997;;;;
12/05/2026 17:50:23;armaduras;Capote de Erudito;T6;.3;T6_HEAD_CLOTH_SET1@3;;;;123774;;;;0001-01-01T00:00:00;2026-05-12T15:15:00;;;;;;
12/05/2026 17:50:23;armaduras;Capote de Erudito;T7;.0;T7_HEAD_CLOTH_SET1;Fort Sterling;34937;51958;37920;17021;48,72;2026-05-12T02:30:00;2026-05-12T08:00:00;2026-05-12T15:15:00;;50987;34937;;;
12/05/2026 17:50:23;armaduras;Capote de Erudito;T7;.1;T7_HEAD_CLOTH_SET1@1;Lymhurst;74999;137995;136404;62996;84,00;2026-05-12T16:15:00;2026-05-12T08:00:00;2026-05-12T15:15:00;;125729;;74999;;
12/05/2026 17:50:23;armaduras;Capote de Erudito;T7;.2;T7_HEAD_CLOTH_SET1@2;;;;121248;;;;0001-01-01T00:00:00;2026-05-12T15:15:00;;;;;;
12/05/2026 17:50:23;armaduras;Capote de Erudito;T7;.3;T7_HEAD_CLOTH_SET1@3;;;;859010;;;;0001-01-01T00:00:00;2026-05-12T15:15:00;;;;;;
12/05/2026 17:50:23;armaduras;Capote de Erudito;T8;.0;T8_HEAD_CLOTH_SET1;;;159199;70728;;;;2026-05-11T23:40:00;2026-05-12T15:15:00;;;;;;
12/05/2026 17:50:23;armaduras;Capote de Erudito;T8;.1;T8_HEAD_CLOTH_SET1@1;;;;83358;;;;0001-01-01T00:00:00;2026-05-12T15:15:00;;;;;;
12/05/2026 17:50:23;armaduras;Capote de Erudito;T8;.2;T8_HEAD_CLOTH_SET1@2;;;;520459;;;;0001-01-01T00:00:00;2026-05-12T15:15:00;;;;;;
12/05/2026 17:50:23;armaduras;Capote de Erudito;T8;.3;T8_HEAD_CLOTH_SET1@3;;;;1000494;;;;0001-01-01T00:00:00;2026-05-12T15:10:00;;;;;;
12/05/2026 17:50:23;armaduras;Capote de Mago;T5;.0;T5_HEAD_CLOTH_SET3;Thetford;2986;10212;10112;7226;242,00;2026-05-12T14:45:00;2026-05-12T16:30:00;2026-05-12T16:30:00;;;4492;5483;;2986
12/05/2026 17:50:23;armaduras;Capote de Mago;T5;.1;T5_HEAD_CLOTH_SET3@1;Lymhurst;12403;16818;10428;4415;35,60;2026-05-12T19:40:00;2026-05-12T08:00:00;2026-05-12T16:30:00;;50661;;12403;;
12/05/2026 17:50:23;armaduras;Capote de Mago;T5;.2;T5_HEAD_CLOTH_SET3@2;Fort Sterling;16418;;36024;;;2026-05-12T03:20:00;0001-01-01T00:00:00;2026-05-12T16:30:00;20845;98886;16418;;;17044
12/05/2026 17:50:23;armaduras;Capote de Mago;T5;.3;T5_HEAD_CLOTH_SET3@3;;;;131352;;;;0001-01-01T00:00:00;2026-05-12T16:30:00;;;;;;
12/05/2026 17:50:23;armaduras;Capote de Mago;T6;.0;T6_HEAD_CLOTH_SET3;Lymhurst;14980;22451;22752;7471;49,87;2026-05-12T19:40:00;2026-05-12T08:00:00;2026-05-12T15:05:00;;69989;;14980;17471;
12/05/2026 17:50:23;armaduras;Capote de Mago;T6;.1;T6_HEAD_CLOTH_SET3@1;Lymhurst;30874;39000;32864;8126;26,32;2026-05-12T19:40:00;2026-05-12T08:00:00;2026-05-12T15:10:00;;62481;;30874;;
12/05/2026 17:50:23;armaduras;Capote de Mago;T6;.2;T6_HEAD_CLOTH_SET3@2;;;;98514;;;;0001-01-01T00:00:00;2026-05-12T15:15:00;;;;;;
12/05/2026 17:50:23;armaduras;Capote de Mago;T6;.3;T6_HEAD_CLOTH_SET3@3;Caerleon;400000;;343536;;;2026-05-12T15:05:00;0001-01-01T00:00:00;2026-05-12T15:15:00;;400000;;;;
12/05/2026 17:50:23;armaduras;Capote de Mago;T7;.0;T7_HEAD_CLOTH_SET3;Fort Sterling;34990;48000;36656;13010;37,18;2026-05-11T22:25:00;2026-05-12T08:00:00;2026-05-12T15:15:00;;61110;34990;;;
12/05/2026 17:50:23;armaduras;Capote de Mago;T7;.1;T7_HEAD_CLOTH_SET3@1;Lymhurst;89983;143984;51783;54001;60,01;2026-05-12T16:15:00;2026-05-12T08:00:00;2026-05-12T15:15:00;;;;89983;;
12/05/2026 17:50:23;armaduras;Capote de Mago;T7;.2;T7_HEAD_CLOTH_SET3@2;Martlock;302293;;55572;;;2026-05-12T11:05:00;0001-01-01T00:00:00;2026-05-12T15:15:00;;406972;;;302293;
12/05/2026 17:50:23;armaduras;Capote de Mago;T7;.3;T7_HEAD_CLOTH_SET3@3;;;;1177349;;;;0001-01-01T00:00:00;2026-05-12T15:15:00;;;;;;
12/05/2026 17:50:23;armaduras;Capote de Mago;T8;.0;T8_HEAD_CLOTH_SET3;;;174998;42942;;;;2026-05-12T08:00:00;2026-05-12T15:10:00;;;;;;
12/05/2026 17:50:23;armaduras;Capote de Mago;T8;.1;T8_HEAD_CLOTH_SET3@1;;;323499;293016;;;;2026-05-12T08:00:00;2026-05-12T15:15:00;;;;;;
12/05/2026 17:50:23;armaduras;Capote de Mago;T8;.2;T8_HEAD_CLOTH_SET3@2;;;;469929;;;;0001-01-01T00:00:00;2026-05-12T15:15:00;;;;;;
12/05/2026 17:50:23;armaduras;Capote de Mago;T8;.3;T8_HEAD_CLOTH_SET3@3;Lymhurst;2300000;;1657384;;;2026-05-12T03:00:00;0001-01-01T00:00:00;2026-05-12T15:15:00;;;;2300000;;
12/05/2026 17:50:23;armaduras;Capuz de Assassino;T5;.0;T5_HEAD_LEATHER_SET3;Bridgewatch;5353;;7900;;;2026-05-12T18:50:00;0001-01-01T00:00:00;2026-05-12T11:05:00;5353;12430;;5585;;6997
12/05/2026 17:50:23;armaduras;Capuz de Assassino;T5;.1;T5_HEAD_LEATHER_SET3@1;Bridgewatch;10962;13171;12956;2209;20,15;2026-05-12T01:15:00;2026-05-12T11:05:00;2026-05-12T11:05:00;10962;22199;;10998;;
12/05/2026 17:50:23;armaduras;Capuz de Assassino;T5;.2;T5_HEAD_LEATHER_SET3@2;Lymhurst;44988;;33496;;;2026-05-12T00:20:00;0001-01-01T00:00:00;2026-05-12T15:15:00;54695;56978;;44988;;
12/05/2026 17:50:23;armaduras;Capuz de Assassino;T5;.3;T5_HEAD_LEATHER_SET3@3;Lymhurst;146988;;133878;;;2026-05-11T22:50:00;0001-01-01T00:00:00;2026-05-12T15:15:00;;174969;;146988;;
12/05/2026 17:50:23;armaduras;Capuz de Assassino;T6;.0;T6_HEAD_LEATHER_SET3;Fort Sterling;20999;;24332;;;2026-05-12T19:25:00;0001-01-01T00:00:00;2026-05-12T05:00:00;21114;39998;20999;22999;;22994
12/05/2026 17:50:23;armaduras;Capuz de Assassino;T6;.1;T6_HEAD_LEATHER_SET3@1;Lymhurst;41316;;33496;;;2026-05-12T00:20:00;0001-01-01T00:00:00;2026-05-12T15:10:00;78887;59986;;41316;;
12/05/2026 17:50:23;armaduras;Capuz de Assassino;T6;.2;T6_HEAD_LEATHER_SET3@2;Lymhurst;146999;;138930;;;2026-05-12T13:35:00;0001-01-01T00:00:00;2026-05-12T15:15:00;162988;200000;;146999;;
12/05/2026 17:50:23;armaduras;Capuz de Assassino;T6;.3;T6_HEAD_LEATHER_SET3@3;;;;118722;;;;0001-01-01T00:00:00;2026-05-12T15:15:00;;;;;;
12/05/2026 17:50:23;armaduras;Capuz de Assassino;T7;.0;T7_HEAD_LEATHER_SET3;Fort Sterling;77974;;84056;;;2026-05-12T02:45:00;0001-01-01T00:00:00;2026-05-12T15:15:00;78882;99318;77974;;;
12/05/2026 17:50:23;armaduras;Capuz de Assassino;T7;.1;T7_HEAD_LEATHER_SET3@1;Lymhurst;163986;159967;98514;-4019;-2,45;2026-05-12T13:35:00;2026-05-12T03:30:00;2026-05-12T15:15:00;209996;174999;;163986;;
12/05/2026 17:50:23;armaduras;Capuz de Assassino;T7;.2;T7_HEAD_LEATHER_SET3@2;;;;272808;;;;0001-01-01T00:00:00;2026-05-12T15:15:00;;;;;;
12/05/2026 17:50:23;armaduras;Capuz de Assassino;T7;.3;T7_HEAD_LEATHER_SET3@3;Thetford;1547998;;520459;;;2026-05-11T23:10:00;0001-01-01T00:00:00;2026-05-12T15:15:00;;;;;;1547998
12/05/2026 17:50:23;armaduras;Capuz de Assassino;T8;.0;T8_HEAD_LEATHER_SET3;;;;79569;;;;0001-01-01T00:00:00;2026-05-12T15:15:00;;;;;;
12/05/2026 17:50:23;armaduras;Capuz de Assassino;T8;.1;T8_HEAD_LEATHER_SET3@1;Lymhurst;427989;449994;335958;22005;5,14;2026-05-12T13:35:00;2026-05-12T15:05:00;2026-05-12T15:15:00;;;;427989;;
12/05/2026 17:50:23;armaduras;Capuz de Assassino;T8;.2;T8_HEAD_LEATHER_SET3@2;Bridgewatch;1649990;;353710;;;2026-05-11T21:35:00;0001-01-01T00:00:00;2026-05-12T15:15:00;1649990;;;;;
12/05/2026 17:50:23;armaduras;Capuz de Assassino;T8;.3;T8_HEAD_LEATHER_SET3@3;;;;70742;;;;0001-01-01T00:00:00;2026-05-12T15:15:00;;;;;;
12/05/2026 17:50:23;armaduras;Capuz de Caçador;T5;.0;T5_HEAD_LEATHER_SET2;Thetford;3708;;158;;;2026-05-12T14:40:00;0001-01-01T00:00:00;2026-05-12T01:35:00;;12412;;8735;;3708
12/05/2026 17:50:23;armaduras;Capuz de Caçador;T5;.1;T5_HEAD_LEATHER_SET2@1;Caerleon;30000;;5688;;;2026-05-12T12:10:00;0001-01-01T00:00:00;2026-05-11T23:00:00;;30000;;;;
12/05/2026 17:50:23;armaduras;Capuz de Caçador;T5;.2;T5_HEAD_LEATHER_SET2@2;Caerleon;54996;;44872;;;2026-05-12T12:10:00;0001-01-01T00:00:00;2026-05-12T15:15:00;;54996;;;;
12/05/2026 17:50:23;armaduras;Capuz de Caçador;T5;.3;T5_HEAD_LEATHER_SET2@3;;;;42942;;;;0001-01-01T00:00:00;2026-05-12T15:15:00;;;;;;
12/05/2026 17:50:23;armaduras;Capuz de Caçador;T6;.0;T6_HEAD_LEATHER_SET2;Bridgewatch;21998;;20540;;;2026-05-12T05:50:00;0001-01-01T00:00:00;2026-05-12T15:15:00;21998;51952;;;;
12/05/2026 17:50:23;armaduras;Capuz de Caçador;T6;.1;T6_HEAD_LEATHER_SET2@1;Bridgewatch;43000;;53088;;;2026-05-12T05:50:00;0001-01-01T00:00:00;2026-05-12T15:15:00;43000;79998;;;;
12/05/2026 17:50:23;armaduras;Capuz de Caçador;T6;.2;T6_HEAD_LEATHER_SET2@2;Caerleon;222996;;147771;;;2026-05-12T15:00:00;0001-01-01T00:00:00;2026-05-12T15:15:00;;222996;;;;
12/05/2026 17:50:23;armaduras;Capuz de Caçador;T6;.3;T6_HEAD_LEATHER_SET2@3;Bridgewatch;349998;;90936;;;2026-05-12T02:05:00;0001-01-01T00:00:00;2026-05-12T15:15:00;349998;499995;;;;
12/05/2026 17:50:23;armaduras;Capuz de Caçador;T7;.0;T7_HEAD_LEATHER_SET2;Fort Sterling;68970;88969;75840;19999;29,00;2026-05-12T03:45:00;2026-05-12T14:55:00;2026-05-12T15:15:00;78934;97979;68970;71299;;
12/05/2026 17:50:23;armaduras;Capuz de Caçador;T7;.1;T7_HEAD_LEATHER_SET2@1;Caerleon;189989;;170505;;;2026-05-12T15:00:00;0001-01-01T00:00:00;2026-05-12T15:15:00;;189989;;;;
12/05/2026 17:50:23;armaduras;Capuz de Caçador;T7;.2;T7_HEAD_LEATHER_SET2@2;;;;389004;;;;0001-01-01T00:00:00;2026-05-12T15:15:00;;;;;;
12/05/2026 17:50:23;armaduras;Capuz de Caçador;T7;.3;T7_HEAD_LEATHER_SET2@3;;;;570989;;;;0001-01-01T00:00:00;2026-05-12T15:15:00;;;;;;
12/05/2026 17:50:23;armaduras;Capuz de Caçador;T8;.0;T8_HEAD_LEATHER_SET2;Martlock;158252;;90936;;;2026-05-12T13:10:00;0001-01-01T00:00:00;2026-05-12T15:15:00;;;;;158252;
12/05/2026 17:50:23;armaduras;Capuz de Caçador;T8;.1;T8_HEAD_LEATHER_SET2@1;Thetford;408000;;335958;;;2026-05-11T23:10:00;0001-01-01T00:00:00;2026-05-12T15:15:00;;699890;;;;408000
12/05/2026 17:50:23;armaduras;Capuz de Caçador;T8;.2;T8_HEAD_LEATHER_SET2@2;;;;116219;;;;0001-01-01T00:00:00;2026-05-12T15:15:00;;;;;;
12/05/2026 17:50:23;armaduras;Capuz de Caçador;T8;.3;T8_HEAD_LEATHER_SET2@3;;;;3375404;;;;0001-01-01T00:00:00;2026-05-12T15:15:00;;;;;;
12/05/2026 17:50:23;armaduras;Capuz de Espreitador;T5;.0;T5_HEAD_LEATHER_MORGANA;Lymhurst;9748;;17927;;;2026-05-12T19:55:00;0001-01-01T00:00:00;2026-05-11T23:00:00;10678;34998;14905;9748;;13910
12/05/2026 17:50:23;armaduras;Capuz de Espreitador;T5;.1;T5_HEAD_LEATHER_MORGANA@1;Fort Sterling;28932;;25205;;;2026-05-12T15:40:00;0001-01-01T00:00:00;2026-05-12T15:15:00;;37947;28932;;;
12/05/2026 17:50:23;armaduras;Capuz de Espreitador;T5;.2;T5_HEAD_LEATHER_MORGANA@2;Caerleon;77995;;36905;;;2026-05-12T01:05:00;0001-01-01T00:00:00;2026-05-12T15:15:00;;77995;;;;
12/05/2026 17:50:23;armaduras;Capuz de Espreitador;T5;.3;T5_HEAD_LEATHER_MORGANA@3;Lymhurst;169972;;225419;;;2026-05-12T20:15:00;0001-01-01T00:00:00;2026-05-12T15:10:00;;;;169972;;
12/05/2026 17:50:23;armaduras;Capuz de Espreitador;T6;.0;T6_HEAD_LEATHER_MORGANA;Lymhurst;33457;;24490;;;2026-05-12T01:20:00;0001-01-01T00:00:00;2026-05-12T15:10:00;;70996;34877;33457;;
12/05/2026 17:50:23;armaduras;Capuz de Espreitador;T6;.1;T6_HEAD_LEATHER_MORGANA@1;Lymhurst;69999;;79632;;;2026-05-12T16:15:00;0001-01-01T00:00:00;2026-05-12T15:15:00;;97999;;69999;;87999
12/05/2026 17:50:23;armaduras;Capuz de Espreitador;T6;.2;T6_HEAD_LEATHER_MORGANA@2;Lymhurst;114897;;81862;;;2026-05-12T01:45:00;0001-01-01T00:00:00;2026-05-12T15:15:00;;;;114897;;
12/05/2026 17:50:23;armaduras;Capuz de Espreitador;T6;.3;T6_HEAD_LEATHER_MORGANA@3;Thetford;410000;;130250;;;2026-05-11T23:15:00;0001-01-01T00:00:00;2026-05-12T15:15:00;;;;;;410000
12/05/2026 17:50:23;armaduras;Capuz de Espreitador;T7;.0;T7_HEAD_LEATHER_MORGANA;Caerleon;179930;;70310;;;2026-05-12T15:05:00;0001-01-01T00:00:00;2026-05-12T15:15:00;;179930;;;;
12/05/2026 17:50:23;armaduras;Capuz de Espreitador;T7;.1;T7_HEAD_LEATHER_MORGANA@1;;;;53998;;;;0001-01-01T00:00:00;2026-05-12T15:15:00;;;;;;
12/05/2026 17:50:23;armaduras;Capuz de Espreitador;T7;.2;T7_HEAD_LEATHER_MORGANA@2;;;;464332;;;;0001-01-01T00:00:00;2026-05-12T15:15:00;;;;;;
12/05/2026 17:50:23;armaduras;Capuz de Espreitador;T7;.3;T7_HEAD_LEATHER_MORGANA@3;;;;880659;;;;0001-01-01T00:00:00;2026-05-12T15:05:00;;;;;;
12/05/2026 17:50:23;armaduras;Capuz de Espreitador;T8;.0;T8_HEAD_LEATHER_MORGANA;Fort Sterling;298983;;372644;;;2026-05-12T07:40:00;0001-01-01T00:00:00;2026-05-12T15:15:00;;;298983;;;
12/05/2026 17:50:23;armaduras;Capuz de Espreitador;T8;.1;T8_HEAD_LEATHER_MORGANA@1;Thetford;549998;;281358;;;2026-05-11T23:10:00;0001-01-01T00:00:00;2026-05-12T15:15:00;;;;;;549998
12/05/2026 17:50:23;armaduras;Capuz de Espreitador;T8;.2;T8_HEAD_LEATHER_MORGANA@2;;;;1208025;;;;0001-01-01T00:00:00;2026-05-12T15:15:00;;;;;;
12/05/2026 17:50:23;armaduras;Capuz de Espreitador;T8;.3;T8_HEAD_LEATHER_MORGANA@3;;;;2230094;;;;0001-01-01T00:00:00;2026-05-12T15:15:00;;;;;;
12/05/2026 17:50:23;armaduras;Capuz de Mercenário;T5;.0;T5_HEAD_LEATHER_SET1;Fort Sterling;5188;9691;9638;4503;86,80;2026-05-12T00:35:00;2026-05-12T15:50:00;2026-05-12T15:50:00;;11112;5188;;;
12/05/2026 17:50:23;armaduras;Capuz de Mercenário;T5;.1;T5_HEAD_LEATHER_SET1@1;Fort Sterling;11755;;13272;;;2026-05-12T00:35:00;0001-01-01T00:00:00;2026-05-11T23:00:00;;24000;11755;;;
12/05/2026 17:50:23;armaduras;Capuz de Mercenário;T5;.2;T5_HEAD_LEATHER_SET1@2;Thetford;36998;;42344;;;2026-05-11T20:50:00;0001-01-01T00:00:00;2026-05-12T15:15:00;;54832;;;;36998
12/05/2026 17:50:23;armaduras;Capuz de Mercenário;T5;.3;T5_HEAD_LEATHER_SET1@3;Caerleon;300000;;140193;;;2026-05-12T15:00:00;0001-01-01T00:00:00;2026-05-12T15:15:00;;300000;;;;
12/05/2026 17:50:23;armaduras;Capuz de Mercenário;T6;.0;T6_HEAD_LEATHER_SET1;Bridgewatch;25474;26863;19276;1389;5,45;2026-05-12T01:55:00;2026-05-11T22:10:00;2026-05-12T15:15:00;25474;39998;;;;
12/05/2026 17:50:23;armaduras;Capuz de Mercenário;T6;.1;T6_HEAD_LEATHER_SET1@1;Caerleon;74995;;42344;;;2026-05-12T12:15:00;0001-01-01T00:00:00;2026-05-12T15:15:00;;74995;;;;
12/05/2026 17:50:23;armaduras;Capuz de Mercenário;T6;.2;T6_HEAD_LEATHER_SET1@2;Lymhurst;109989;;32838;;;2026-05-12T01:45:00;0001-01-01T00:00:00;2026-05-12T15:15:00;;157856;;109989;;
12/05/2026 17:50:23;armaduras;Capuz de Mercenário;T6;.3;T6_HEAD_LEATHER_SET1@3;;;;265230;;;;0001-01-01T00:00:00;2026-05-12T15:15:00;;;;;;
12/05/2026 17:50:23;armaduras;Capuz de Mercenário;T7;.0;T7_HEAD_LEATHER_SET1;Caerleon;96981;;74576;;;2026-05-12T06:25:00;0001-01-01T00:00:00;2026-05-12T15:15:00;;96981;;;;
12/05/2026 17:50:23;armaduras;Capuz de Mercenário;T7;.1;T7_HEAD_LEATHER_SET1@1;Caerleon;178975;;78306;;;2026-05-12T15:05:00;0001-01-01T00:00:00;2026-05-12T15:15:00;;178975;;;;
12/05/2026 17:50:23;armaduras;Capuz de Mercenário;T7;.2;T7_HEAD_LEATHER_SET1@2;Martlock;369069;;414264;;;2026-05-12T11:05:00;0001-01-01T00:00:00;2026-05-12T15:15:00;;529999;;;369069;
12/05/2026 17:50:23;armaduras;Capuz de Mercenário;T7;.3;T7_HEAD_LEATHER_SET1@3;;;;131378;;;;0001-01-01T00:00:00;2026-05-12T15:15:00;;;;;;
12/05/2026 17:50:23;armaduras;Capuz de Mercenário;T8;.0;T8_HEAD_LEATHER_SET1;Martlock;163300;;27786;;;2026-05-12T13:10:00;0001-01-01T00:00:00;2026-05-12T15:15:00;;;;;163300;
12/05/2026 17:50:23;armaduras;Capuz de Mercenário;T8;.1;T8_HEAD_LEATHER_SET1@1;Caerleon;499991;;285438;;;2026-05-12T15:05:00;0001-01-01T00:00:00;2026-05-12T15:15:00;;499991;;;;
12/05/2026 17:50:23;armaduras;Capuz de Mercenário;T8;.2;T8_HEAD_LEATHER_SET1@2;;;;823639;;;;0001-01-01T00:00:00;2026-05-12T15:15:00;;;;;;
12/05/2026 17:50:23;armaduras;Capuz de Mercenário;T8;.3;T8_HEAD_LEATHER_SET1@3;;;;1829186;;;;0001-01-01T00:00:00;2026-05-12T15:15:00;;;;;;
12/05/2026 17:50:23;armaduras;Casaco de Assassino;T5;.0;T5_ARMOR_LEATHER_SET3;Fort Sterling;11939;21478;2528;9539;79,90;2026-05-12T00:55:00;2026-05-12T16:25:00;2026-05-12T11:15:00;;20300;11939;;;
12/05/2026 17:50:23;armaduras;Casaco de Assassino;T5;.1;T5_ARMOR_LEATHER_SET3@1;Lymhurst;26550;;26544;;;2026-05-12T20:15:00;0001-01-01T00:00:00;2026-05-12T11:15:00;;30969;;26550;;
12/05/2026 17:50:23;armaduras;Casaco de Assassino;T5;.2;T5_ARMOR_LEATHER_SET3@2;Lymhurst;90054;;79569;;;2026-05-12T20:15:00;0001-01-01T00:00:00;2026-05-12T15:10:00;;141999;;90054;;
12/05/2026 17:50:23;armaduras;Casaco de Assassino;T5;.3;T5_ARMOR_LEATHER_SET3@3;Caerleon;497000;;70728;;;2026-05-12T17:40:00;0001-01-01T00:00:00;2026-05-12T15:15:00;;497000;;;;
12/05/2026 17:50:23;armaduras;Casaco de Assassino;T6;.0;T6_ARMOR_LEATHER_SET3;Thetford;34483;47706;45504;13223;38,35;2026-05-12T18:55:00;2026-05-11T22:10:00;2026-05-12T15:15:00;44478;180000;;38886;40976;34483
12/05/2026 17:50:23;armaduras;Casaco de Assassino;T6;.1;T6_ARMOR_LEATHER_SET3@1;Bridgewatch;87993;;78306;;;2026-05-12T00:15:00;0001-01-01T00:00:00;2026-05-12T15:35:00;87993;124986;;95937;92970;93990
12/05/2026 17:50:23;armaduras;Casaco de Assassino;T6;.2;T6_ARMOR_LEATHER_SET3@2;Thetford;318975;;282912;;;2026-05-11T23:00:00;0001-01-01T00:00:00;2026-05-12T15:15:00;;340470;;;;318975
12/05/2026 17:50:23;armaduras;Casaco de Assassino;T6;.3;T6_ARMOR_LEATHER_SET3@3;;;;55583;;;;0001-01-01T00:00:00;2026-05-12T15:15:00;;;;;;
12/05/2026 17:50:23;armaduras;Casaco de Assassino;T7;.0;T7_ARMOR_LEATHER_SET3;Lymhurst;134958;159978;73254;25020;18,54;2026-05-11T23:00:00;2026-05-12T02:35:00;2026-05-12T15:15:00;144161;214979;;134958;134996;
12/05/2026 17:50:23;armaduras;Casaco de Assassino;T7;.1;T7_ARMOR_LEATHER_SET3@1;Caerleon;498991;489992;361218;-8999;-1,80;2026-05-12T15:05:00;2026-05-11T23:40:00;2026-05-12T15:15:00;;498991;;;;
12/05/2026 17:50:23;armaduras;Casaco de Assassino;T7;.2;T7_ARMOR_LEATHER_SET3@2;Thetford;792993;;505300;;;2026-05-12T16:00:00;0001-01-01T00:00:00;2026-05-12T15:15:00;;970000;;;;792993
12/05/2026 17:50:23;armaduras;Casaco de Assassino;T7;.3;T7_ARMOR_LEATHER_SET3@3;;;;505300;;;;0001-01-01T00:00:00;2026-05-12T15:15:00;;;;;;
12/05/2026 17:50:23;armaduras;Casaco de Assassino;T8;.0;T8_ARMOR_LEATHER_SET3;Caerleon;400315;376899;169242;-23416;-5,85;2026-05-12T15:05:00;2026-05-12T05:35:00;2026-05-12T15:15:00;;400315;;;;
12/05/2026 17:50:23;armaduras;Casaco de Assassino;T8;.1;T8_ARMOR_LEATHER_SET3@1;Thetford;799994;;106113;;;2026-05-11T23:10:00;0001-01-01T00:00:00;2026-05-12T15:15:00;810984;;;;;799994
12/05/2026 17:50:23;armaduras;Casaco de Assassino;T8;.2;T8_ARMOR_LEATHER_SET3@2;Bridgewatch;3299874;;1718020;;;2026-05-11T21:35:00;0001-01-01T00:00:00;2026-05-12T15:15:00;3299874;;;;;
12/05/2026 17:50:23;armaduras;Casaco de Assassino;T8;.3;T8_ARMOR_LEATHER_SET3@3;;;;4628319;;;;0001-01-01T00:00:00;2026-05-12T15:35:00;;;;;;
12/05/2026 17:50:23;armaduras;Casaco de Caçador;T5;.0;T5_ARMOR_LEATHER_SET2;Fort Sterling;10986;18920;12324;7934;72,22;2026-05-12T00:55:00;2026-05-12T07:55:00;2026-05-12T09:45:00;;22199;10986;;;
12/05/2026 17:50:23;armaduras;Casaco de Caçador;T5;.1;T5_ARMOR_LEATHER_SET2@1;Lymhurst;17950;28870;25280;10920;60,84;2026-05-12T15:10:00;2026-05-12T07:55:00;2026-05-12T09:45:00;;50000;;17950;;
12/05/2026 17:50:23;armaduras;Casaco de Caçador;T5;.2;T5_ARMOR_LEATHER_SET2@2;Caerleon;169986;;90936;;;2026-05-12T17:40:00;0001-01-01T00:00:00;2026-05-12T15:10:00;;169986;;;;
12/05/2026 17:50:23;armaduras;Casaco de Caçador;T5;.3;T5_ARMOR_LEATHER_SET2@3;;;;363744;;;;0001-01-01T00:00:00;2026-05-12T15:15:00;;;;;;
12/05/2026 17:50:23;armaduras;Casaco de Caçador;T6;.0;T6_ARMOR_LEATHER_SET2;Caerleon;50993;;41080;;;2026-05-12T10:25:00;0001-01-01T00:00:00;2026-05-12T15:15:00;;50993;;;;
12/05/2026 17:50:23;armaduras;Casaco de Caçador;T6;.1;T6_ARMOR_LEATHER_SET2@1;Lymhurst;71951;;58098;;;2026-05-12T16:15:00;0001-01-01T00:00:00;2026-05-12T15:35:00;;95979;77969;71951;;
12/05/2026 17:50:23;armaduras;Casaco de Caçador;T6;.2;T6_ARMOR_LEATHER_SET2@2;Lymhurst;192750;;202080;;;2026-05-12T01:45:00;0001-01-01T00:00:00;2026-05-12T15:15:00;;319971;;192750;;
12/05/2026 17:50:23;armaduras;Casaco de Caçador;T6;.3;T6_ARMOR_LEATHER_SET2@3;Thetford;899961;;970176;;;2026-05-11T23:05:00;0001-01-01T00:00:00;2026-05-12T15:35:00;;;;;;899961
12/05/2026 17:50:23;armaduras;Casaco de Caçador;T7;.0;T7_ARMOR_LEATHER_SET2;Fort Sterling;126290;;159138;;;2026-05-12T03:45:00;0001-01-01T00:00:00;2026-05-12T15:15:00;;180000;126290;135733;;
12/05/2026 17:50:23;armaduras;Casaco de Caçador;T7;.1;T7_ARMOR_LEATHER_SET2@1;Caerleon;399984;;85884;;;2026-05-12T15:05:00;0001-01-01T00:00:00;2026-05-12T15:15:00;;399984;;;;
12/05/2026 17:50:23;armaduras;Casaco de Caçador;T7;.2;T7_ARMOR_LEATHER_SET2@2;;;;96007;;;;0001-01-01T00:00:00;2026-05-12T15:15:00;;;;;;
12/05/2026 17:50:23;armaduras;Casaco de Caçador;T7;.3;T7_ARMOR_LEATHER_SET2@3;;;;576042;;;;0001-01-01T00:00:00;2026-05-12T15:15:00;;;;;;
12/05/2026 17:50:23;armaduras;Casaco de Caçador;T8;.0;T8_ARMOR_LEATHER_SET2;Fort Sterling;259997;;141456;;;2026-05-12T04:15:00;0001-01-01T00:00:00;2026-05-12T15:15:00;;429996;259997;;;
12/05/2026 17:50:23;armaduras;Casaco de Caçador;T8;.1;T8_ARMOR_LEATHER_SET2@1;Lymhurst;899999;;404240;;;2026-05-12T04:20:00;0001-01-01T00:00:00;2026-05-12T15:15:00;;;;899999;;
12/05/2026 17:50:23;armaduras;Casaco de Caçador;T8;.2;T8_ARMOR_LEATHER_SET2@2;;;;1485582;;;;0001-01-01T00:00:00;2026-05-12T15:15:00;;;;;;
12/05/2026 17:50:23;armaduras;Casaco de Caçador;T8;.3;T8_ARMOR_LEATHER_SET2@3;;;;6204777;;;;0001-01-01T00:00:00;2026-05-12T15:15:00;;;;;;
12/05/2026 17:50:23;armaduras;Casaco de Espreitador;T5;.0;T5_ARMOR_LEATHER_MORGANA;Bridgewatch;15356;;17775;;;2026-05-12T04:15:00;0001-01-01T00:00:00;2026-05-12T09:45:00;15356;;;;;16504
12/05/2026 17:50:23;armaduras;Casaco de Espreitador;T5;.1;T5_ARMOR_LEATHER_MORGANA@1;Bridgewatch;31975;;30573;;;2026-05-12T04:15:00;0001-01-01T00:00:00;2026-05-12T09:45:00;31975;45999;;;;
12/05/2026 17:50:23;armaduras;Casaco de Espreitador;T5;.2;T5_ARMOR_LEATHER_MORGANA@2;Caerleon;229994;;48312;;;2026-05-12T17:40:00;0001-01-01T00:00:00;2026-05-12T15:15:00;;229994;;;;
12/05/2026 17:50:23;armaduras;Casaco de Espreitador;T5;.3;T5_ARMOR_LEATHER_MORGANA@3;Caerleon;530966;;286550;;;2026-05-12T17:40:00;0001-01-01T00:00:00;2026-05-12T15:15:00;;530966;;;;
12/05/2026 17:50:23;armaduras;Casaco de Espreitador;T6;.0;T6_ARMOR_LEATHER_MORGANA;Thetford;60999;;32390;;;2026-05-12T02:55:00;0001-01-01T00:00:00;2026-05-12T15:15:00;;228993;;;;60999
12/05/2026 17:50:23;armaduras;Casaco de Espreitador;T6;.1;T6_ARMOR_LEATHER_MORGANA@1;Lymhurst;69996;;78155;;;2026-05-12T16:15:00;0001-01-01T00:00:00;2026-05-12T15:35:00;;178988;;69996;;90000
12/05/2026 17:50:23;armaduras;Casaco de Espreitador;T6;.2;T6_ARMOR_LEATHER_MORGANA@2;Fort Sterling;229996;;48312;;;2026-05-12T15:30:00;0001-01-01T00:00:00;2026-05-12T15:15:00;;;229996;;;
12/05/2026 17:50:23;armaduras;Casaco de Espreitador;T6;.3;T6_ARMOR_LEATHER_MORGANA@3;Thetford;840000;;229284;;;2026-05-12T01:25:00;0001-01-01T00:00:00;2026-05-12T15:15:00;;;;;;840000
12/05/2026 17:50:23;armaduras;Casaco de Espreitador;T7;.0;T7_ARMOR_LEATHER_MORGANA;Caerleon;219999;;101056;;;2026-05-12T15:05:00;0001-01-01T00:00:00;2026-05-12T15:15:00;;219999;;;;
12/05/2026 17:50:23;armaduras;Casaco de Espreitador;T7;.1;T7_ARMOR_LEATHER_MORGANA@1;Caerleon;459997;;363776;;;2026-05-12T15:05:00;0001-01-01T00:00:00;2026-05-12T10:30:00;;459997;;;;
12/05/2026 17:50:23;armaduras;Casaco de Espreitador;T7;.2;T7_ARMOR_LEATHER_MORGANA@2;;;;563745;;;;0001-01-01T00:00:00;2026-05-12T15:15:00;;;;;;
12/05/2026 17:50:23;armaduras;Casaco de Espreitador;T7;.3;T7_ARMOR_LEATHER_MORGANA@3;;;;2261357;;;;0001-01-01T00:00:00;2026-05-12T15:15:00;;;;;;
12/05/2026 17:50:23;armaduras;Casaco de Espreitador;T8;.0;T8_ARMOR_LEATHER_MORGANA;Thetford;369986;;47370;;;2026-05-11T23:10:00;0001-01-01T00:00:00;2026-05-12T15:15:00;;1249996;;;;369986
12/05/2026 17:50:23;armaduras;Casaco de Espreitador;T8;.1;T8_ARMOR_LEATHER_MORGANA@1;Lymhurst;919981;;613872;;;2026-05-12T04:20:00;0001-01-01T00:00:00;2026-05-12T15:15:00;;;;919981;;
12/05/2026 17:50:23;armaduras;Casaco de Espreitador;T8;.2;T8_ARMOR_LEATHER_MORGANA@2;Lymhurst;3000000;;1954134;;;2026-05-12T15:05:00;0001-01-01T00:00:00;2026-05-12T15:15:00;;;;3000000;;
12/05/2026 17:50:23;armaduras;Casaco de Espreitador;T8;.3;T8_ARMOR_LEATHER_MORGANA@3;;;;2751276;;;;0001-01-01T00:00:00;2026-05-12T15:15:00;;;;;;
12/05/2026 17:50:23;armaduras;Casaco de Mercenário;T5;.0;T5_ARMOR_LEATHER_SET1;Fort Sterling;10860;19994;15800;9134;84,11;2026-05-12T18:25:00;2026-05-12T16:25:00;2026-05-12T09:45:00;;22451;10860;11989;;
12/05/2026 17:50:23;armaduras;Casaco de Mercenário;T5;.1;T5_ARMOR_LEATHER_SET1@1;Lymhurst;23986;;10744;;;2026-05-12T20:45:00;0001-01-01T00:00:00;2026-05-12T09:45:00;29916;31295;;23986;;
12/05/2026 17:50:23;armaduras;Casaco de Mercenário;T5;.2;T5_ARMOR_LEATHER_SET1@2;Bridgewatch;89985;;41679;;;2026-05-12T15:00:00;0001-01-01T00:00:00;2026-05-12T15:15:00;89985;92932;92500;91289;;
12/05/2026 17:50:23;armaduras;Casaco de Mercenário;T5;.3;T5_ARMOR_LEATHER_SET1@3;Fort Sterling;276899;;73254;;;2026-05-12T18:30:00;0001-01-01T00:00:00;2026-05-12T15:15:00;;328946;276899;;;
12/05/2026 17:50:23;armaduras;Casaco de Mercenário;T6;.0;T6_ARMOR_LEATHER_SET1;Fort Sterling;42831;49972;31600;7141;16,67;2026-05-12T00:35:00;2026-05-12T05:35:00;2026-05-12T15:10:00;;59995;42831;43320;;
12/05/2026 17:50:23;armaduras;Casaco de Mercenário;T6;.1;T6_ARMOR_LEATHER_SET1@1;Bridgewatch;94999;;84621;;;2026-05-12T00:55:00;0001-01-01T00:00:00;2026-05-12T15:35:00;94999;99999;;;;
12/05/2026 17:50:23;armaduras;Casaco de Mercenário;T6;.2;T6_ARMOR_LEATHER_SET1@2;Lymhurst;229988;;207132;;;2026-05-12T17:55:00;0001-01-01T00:00:00;2026-05-12T15:15:00;264999;340998;288885;229988;;258799
12/05/2026 17:50:23;armaduras;Casaco de Mercenário;T6;.3;T6_ARMOR_LEATHER_SET1@3;;;;40424;;;;0001-01-01T00:00:00;2026-05-12T15:15:00;;;;;;
12/05/2026 17:50:23;armaduras;Casaco de Mercenário;T7;.0;T7_ARMOR_LEATHER_SET1;Fort Sterling;119998;;75780;;;2026-05-12T03:45:00;0001-01-01T00:00:00;2026-05-12T15:15:00;;199811;119998;139853;;
12/05/2026 17:50:23;armaduras;Casaco de Mercenário;T7;.1;T7_ARMOR_LEATHER_SET1@1;Fort Sterling;279994;;298068;;;2026-05-12T18:25:00;0001-01-01T00:00:00;2026-05-12T15:15:00;;;279994;;;
12/05/2026 17:50:23;armaduras;Casaco de Mercenário;T7;.2;T7_ARMOR_LEATHER_SET1@2;;;;212226;;;;0001-01-01T00:00:00;2026-05-12T15:15:00;;;;;;
12/05/2026 17:50:23;armaduras;Casaco de Mercenário;T7;.3;T7_ARMOR_LEATHER_SET1@3;;;;555830;;;;0001-01-01T00:00:00;2026-05-12T15:15:00;;;;;;
12/05/2026 17:50:23;armaduras;Casaco de Mercenário;T8;.0;T8_ARMOR_LEATHER_SET1;Fort Sterling;320000;347931;227340;27931;8,73;2026-05-12T20:30:00;2026-05-12T09:45:00;2026-05-12T15:15:00;;398996;320000;;;
12/05/2026 17:50:23;armaduras;Casaco de Mercenário;T8;.1;T8_ARMOR_LEATHER_SET1@1;Thetford;904955;;384028;;;2026-05-11T23:10:00;0001-01-01T00:00:00;2026-05-12T15:15:00;;;;;;904955
12/05/2026 17:50:23;armaduras;Casaco de Mercenário;T8;.2;T8_ARMOR_LEATHER_SET1@2;;;;2354698;;;;0001-01-01T00:00:00;2026-05-12T15:15:00;;;;;;
12/05/2026 17:50:23;armaduras;Casaco de Mercenário;T8;.3;T8_ARMOR_LEATHER_SET1@3;;;;6548364;;;;0001-01-01T00:00:00;2026-05-12T15:05:00;;;;;;
12/05/2026 17:50:23;armaduras;Elmo de Cavaleiro;T5;.0;T5_HEAD_PLATE_SET2;Thetford;2530;7400;6794;4870;192,49;2026-05-12T18:50:00;2026-05-12T11:15:00;2026-05-12T11:15:00;3973;3198;;;;2530
12/05/2026 17:50:23;armaduras;Elmo de Cavaleiro;T5;.1;T5_HEAD_PLATE_SET2@1;Thetford;5032;;7268;;;2026-05-12T14:45:00;0001-01-01T00:00:00;2026-05-11T23:00:00;;11154;6170;5998;;5032
12/05/2026 17:50:23;armaduras;Elmo de Cavaleiro;T5;.2;T5_HEAD_PLATE_SET2@2;Lymhurst;16785;48586;48032;31801;189,46;2026-05-12T00:35:00;2026-05-12T17:30:00;2026-05-12T15:15:00;;70994;;16785;;
12/05/2026 17:50:23;armaduras;Elmo de Cavaleiro;T5;.3;T5_HEAD_PLATE_SET2@3;;;;51783;;;;0001-01-01T00:00:00;2026-05-12T15:25:00;;;;;;
12/05/2026 17:50:23;armaduras;Elmo de Cavaleiro;T6;.0;T6_HEAD_PLATE_SET2;Thetford;9999;;12640;;;2026-05-12T18:50:00;0001-01-01T00:00:00;2026-05-11T23:00:00;12447;21000;;12677;15996;9999
12/05/2026 17:50:23;armaduras;Elmo de Cavaleiro;T6;.1;T6_HEAD_PLATE_SET2@1;Lymhurst;28997;;27808;;;2026-05-11T23:00:00;0001-01-01T00:00:00;2026-05-12T15:10:00;;44664;;28997;;
12/05/2026 17:50:23;armaduras;Elmo de Cavaleiro;T6;.2;T6_HEAD_PLATE_SET2@2;Thetford;155985;;203343;;;2026-05-12T18:50:00;0001-01-01T00:00:00;2026-05-12T15:15:00;;;;;;155985
12/05/2026 17:50:23;armaduras;Elmo de Cavaleiro;T6;.3;T6_HEAD_PLATE_SET2@3;;;;63150;;;;0001-01-01T00:00:00;2026-05-12T15:15:00;;;;;;
12/05/2026 17:50:23;armaduras;Elmo de Cavaleiro;T7;.0;T7_HEAD_PLATE_SET2;Thetford;34995;62964;55616;27969;79,92;2026-05-12T18:50:00;2026-05-12T05:35:00;2026-05-12T15:15:00;49647;88994;;41974;;34995
12/05/2026 17:50:23;armaduras;Elmo de Cavaleiro;T7;.1;T7_HEAD_PLATE_SET2@1;Thetford;114999;;75780;;;2026-05-12T18:50:00;0001-01-01T00:00:00;2026-05-12T15:15:00;;;;;;114999
12/05/2026 17:50:23;armaduras;Elmo de Cavaleiro;T7;.2;T7_HEAD_PLATE_SET2@2;Caerleon;620992;;522882;;;2026-05-12T15:05:00;0001-01-01T00:00:00;2026-05-12T15:15:00;;620992;;;;
12/05/2026 17:50:23;armaduras;Elmo de Cavaleiro;T7;.3;T7_HEAD_PLATE_SET2@3;;;;631625;;;;0001-01-01T00:00:00;2026-05-12T15:15:00;;;;;;
12/05/2026 17:50:23;armaduras;Elmo de Cavaleiro;T8;.0;T8_HEAD_PLATE_SET2;Bridgewatch;104998;;55572;;;2026-05-12T19:50:00;0001-01-01T00:00:00;2026-05-12T15:15:00;104998;;;;;
12/05/2026 17:50:23;armaduras;Elmo de Cavaleiro;T8;.1;T8_HEAD_PLATE_SET2@1;Lymhurst;320957;;373848;;;2026-05-12T00:25:00;0001-01-01T00:00:00;2026-05-12T15:10:00;;;;320957;;
12/05/2026 17:50:23;armaduras;Elmo de Cavaleiro;T8;.2;T8_HEAD_PLATE_SET2@2;;;;919646;;;;0001-01-01T00:00:00;2026-05-12T15:15:00;;;;;;
12/05/2026 17:50:23;armaduras;Elmo de Cavaleiro;T8;.3;T8_HEAD_PLATE_SET2@3;;;;1667490;;;;0001-01-01T00:00:00;2026-05-12T15:15:00;;;;;;
12/05/2026 17:50:23;armaduras;Elmo de Guarda-tumbas;T5;.0;T5_HEAD_PLATE_UNDEAD;Caerleon;9499;;10244;;;2026-05-12T15:30:00;0001-01-01T00:00:00;2026-05-12T15:30:00;;9499;;;;
12/05/2026 17:50:23;armaduras;Elmo de Guarda-tumbas;T5;.1;T5_HEAD_PLATE_UNDEAD@1;Thetford;4659;;13845;;;2026-05-12T14:45:00;0001-01-01T00:00:00;2026-05-12T15:30:00;;15825;;;;4659
12/05/2026 17:50:23;armaduras;Elmo de Guarda-tumbas;T5;.2;T5_HEAD_PLATE_UNDEAD@2;Lymhurst;23992;;4697;;;2026-05-12T00:35:00;0001-01-01T00:00:00;2026-05-12T15:30:00;;65977;;23992;;
12/05/2026 17:50:23;armaduras;Elmo de Guarda-tumbas;T5;.3;T5_HEAD_PLATE_UNDEAD@3;Thetford;124987;;355719;;;2026-05-11T22:35:00;0001-01-01T00:00:00;2026-05-12T15:25:00;;;;;;124987
12/05/2026 17:50:23;armaduras;Elmo de Guarda-tumbas;T6;.0;T6_HEAD_PLATE_UNDEAD;Lymhurst;12989;31490;16590;18501;142,44;2026-05-12T01:20:00;2026-05-11T22:15:00;2026-05-12T15:10:00;;30980;23765;12989;;
12/05/2026 17:50:23;armaduras;Elmo de Guarda-tumbas;T6;.1;T6_HEAD_PLATE_UNDEAD@1;;;;19197;;;;0001-01-01T00:00:00;2026-05-12T15:10:00;;;;;;
12/05/2026 17:50:23;armaduras;Elmo de Guarda-tumbas;T6;.2;T6_HEAD_PLATE_UNDEAD@2;Lymhurst;116310;;67100;;;2026-05-12T01:20:00;0001-01-01T00:00:00;2026-05-12T15:15:00;;219995;;116310;;
12/05/2026 17:50:23;armaduras;Elmo de Guarda-tumbas;T6;.3;T6_HEAD_PLATE_UNDEAD@3;Caerleon;519998;;408985;;;2026-05-12T15:05:00;0001-01-01T00:00:00;2026-05-12T15:15:00;;519998;;;;
12/05/2026 17:50:23;armaduras;Elmo de Guarda-tumbas;T7;.0;T7_HEAD_PLATE_UNDEAD;Caerleon;71999;;68730;;;2026-05-11T23:00:00;0001-01-01T00:00:00;2026-05-12T04:45:00;;71999;;;;
12/05/2026 17:50:23;armaduras;Elmo de Guarda-tumbas;T7;.1;T7_HEAD_PLATE_UNDEAD@1;;;;92365;;;;0001-01-01T00:00:00;2026-05-12T15:15:00;;;;;;
12/05/2026 17:50:23;armaduras;Elmo de Guarda-tumbas;T7;.2;T7_HEAD_PLATE_UNDEAD@2;;;;271084;;;;0001-01-01T00:00:00;2026-05-12T15:15:00;;;;;;
12/05/2026 17:50:23;armaduras;Elmo de Guarda-tumbas;T7;.3;T7_HEAD_PLATE_UNDEAD@3;;;;849393;;;;0001-01-01T00:00:00;2026-05-12T15:10:00;;;;;;
12/05/2026 17:50:23;armaduras;Elmo de Guarda-tumbas;T8;.0;T8_HEAD_PLATE_UNDEAD;Lymhurst;176889;;214744;;;2026-05-12T00:35:00;0001-01-01T00:00:00;2026-05-12T15:15:00;;;;176889;;
12/05/2026 17:50:23;armaduras;Elmo de Guarda-tumbas;T8;.1;T8_HEAD_PLATE_UNDEAD@1;;;;483140;;;;0001-01-01T00:00:00;2026-05-12T15:15:00;;;;;;
12/05/2026 17:50:23;armaduras;Elmo de Guarda-tumbas;T8;.2;T8_HEAD_PLATE_UNDEAD@2;Lymhurst;1777755;;354354;;;2026-05-12T00:35:00;0001-01-01T00:00:00;2026-05-12T15:15:00;;;;1777755;;
12/05/2026 17:50:23;armaduras;Elmo de Guarda-tumbas;T8;.3;T8_HEAD_PLATE_UNDEAD@3;;;;135473;;;;0001-01-01T00:00:00;2026-05-12T15:10:00;;;;;;
12/05/2026 17:50:23;armaduras;Elmo de Guardião;T5;.0;T5_HEAD_PLATE_SET3;Fort Sterling;4200;6968;3002;2768;65,90;2026-05-12T17:40:00;2026-05-12T17:15:00;2026-05-12T17:15:00;5180;6753;4200;;;
12/05/2026 17:50:23;armaduras;Elmo de Guardião;T5;.1;T5_HEAD_PLATE_SET3@1;Bridgewatch;11963;11590;10744;-373;-3,12;2026-05-11T21:40:00;2026-05-12T17:15:00;2026-05-12T17:15:00;11963;12964;;;;
12/05/2026 17:50:23;armaduras;Elmo de Guardião;T5;.2;T5_HEAD_PLATE_SET3@2;Caerleon;69979;49295;24016;-20684;-29,56;2026-05-11T22:55:00;2026-05-12T17:15:00;2026-05-12T17:15:00;;69979;;;;
12/05/2026 17:50:23;armaduras;Elmo de Guardião;T5;.3;T5_HEAD_PLATE_SET3@3;;;;99777;;;;0001-01-01T00:00:00;2026-05-12T17:15:00;;;;;;
12/05/2026 17:50:23;armaduras;Elmo de Guardião;T6;.0;T6_HEAD_PLATE_SET3;Lymhurst;11999;17943;17064;5944;49,54;2026-05-12T01:20:00;2026-05-12T17:15:00;2026-05-12T17:15:00;13893;21998;;11999;;
12/05/2026 17:50:23;armaduras;Elmo de Guardião;T6;.1;T6_HEAD_PLATE_SET3@1;Bridgewatch;39884;45915;10744;6031;15,12;2026-05-12T16:55:00;2026-05-12T17:15:00;2026-05-12T17:15:00;39884;47976;;;;
12/05/2026 17:50:23;armaduras;Elmo de Guardião;T6;.2;T6_HEAD_PLATE_SET3@2;Lymhurst;109991;156986;122511;46995;42,73;2026-05-12T01:20:00;2026-05-12T17:15:00;2026-05-12T17:15:00;;169998;;109991;;204991
12/05/2026 17:50:23;armaduras;Elmo de Guardião;T6;.3;T6_HEAD_PLATE_SET3@3;Thetford;499905;472996;35364;-26909;-5,38;2026-05-11T23:15:00;2026-05-12T17:15:00;2026-05-12T17:15:00;;;;;;499905
12/05/2026 17:50:23;armaduras;Elmo de Guardião;T7;.0;T7_HEAD_PLATE_SET3;;;55991;39816;;;;2026-05-12T17:15:00;2026-05-12T17:15:00;;;;;;
12/05/2026 17:50:23;armaduras;Elmo de Guardião;T7;.1;T7_HEAD_PLATE_SET3@1;;;141980;141456;;;;2026-05-12T17:15:00;2026-05-12T17:15:00;;;;;;
12/05/2026 17:50:23;armaduras;Elmo de Guardião;T7;.2;T7_HEAD_PLATE_SET3@2;;;;32838;;;;0001-01-01T00:00:00;2026-05-12T17:15:00;;;;;;
12/05/2026 17:50:23;armaduras;Elmo de Guardião;T7;.3;T7_HEAD_PLATE_SET3@3;;;1399790;560883;;;;2026-05-12T17:15:00;2026-05-12T17:15:00;;;;;;
12/05/2026 17:50:23;armaduras;Elmo de Guardião;T8;.0;T8_HEAD_PLATE_SET3;Caerleon;150997;130545;34101;-20452;-13,54;2026-05-12T15:10:00;2026-05-12T17:15:00;2026-05-12T17:15:00;;150997;;;;
12/05/2026 17:50:23;armaduras;Elmo de Guardião;T8;.1;T8_HEAD_PLATE_SET3@1;Thetford;469999;;325854;;;2026-05-11T23:10:00;0001-01-01T00:00:00;2026-05-12T15:15:00;;;;;;469999
12/05/2026 17:50:23;armaduras;Elmo de Guardião;T8;.2;T8_HEAD_PLATE_SET3@2;;;1345271;323392;;;;2026-05-12T17:15:00;2026-05-12T17:15:00;;;;;;
12/05/2026 17:50:23;armaduras;Elmo de Guardião;T8;.3;T8_HEAD_PLATE_SET3@3;;;4299981;768056;;;;2026-05-12T17:15:00;2026-05-12T17:15:00;;;;;;
12/05/2026 17:50:23;armaduras;Elmo de Soldado;T5;.0;T5_HEAD_PLATE_SET1;Thetford;3016;6965;6794;3949;130,94;2026-05-12T15:05:00;2026-05-12T17:10:00;2026-05-12T17:10:00;;6992;4395;3998;;3016
12/05/2026 17:50:23;armaduras;Elmo de Soldado;T5;.1;T5_HEAD_PLATE_SET1@1;Lymhurst;7499;10859;9164;3360;44,81;2026-05-12T04:20:00;2026-05-12T17:10:00;2026-05-12T17:10:00;;14980;;7499;;
12/05/2026 17:50:23;armaduras;Elmo de Soldado;T5;.2;T5_HEAD_PLATE_SET1@2;Lymhurst;53989;44926;18960;-9063;-16,79;2026-05-12T20:15:00;2026-05-12T17:10:00;2026-05-12T17:10:00;;55979;;53989;;
12/05/2026 17:50:23;armaduras;Elmo de Soldado;T5;.3;T5_HEAD_PLATE_SET1@3;Caerleon;179978;164488;31575;-15490;-8,61;2026-05-12T15:05:00;2026-05-12T17:10:00;2026-05-12T17:10:00;;179978;;179990;;265000
12/05/2026 17:50:23;armaduras;Elmo de Soldado;T6;.0;T6_HEAD_PLATE_SET1;Bridgewatch;11068;15469;14220;4401;39,76;2026-05-12T02:05:00;2026-05-12T17:15:00;2026-05-12T17:15:00;11068;16997;12249;;;
12/05/2026 17:50:23;armaduras;Elmo de Soldado;T6;.1;T6_HEAD_PLATE_SET1@1;Lymhurst;31652;40691;34760;9039;28,56;2026-05-11T21:35:00;2026-05-12T17:15:00;2026-05-12T17:15:00;;;;31652;;
12/05/2026 17:50:23;armaduras;Elmo de Soldado;T6;.2;T6_HEAD_PLATE_SET1@2;Fort Sterling;154998;159358;112407;4360;2,81;2026-05-12T01:30:00;2026-05-12T17:15:00;2026-05-12T17:15:00;;168994;154998;;;219991
12/05/2026 17:50:23;armaduras;Elmo de Soldado;T6;.3;T6_HEAD_PLATE_SET1@3;Thetford;379995;400000;330906;20005;5,26;2026-05-11T23:15:00;2026-05-12T17:15:00;2026-05-12T17:15:00;;469897;;419959;;379995
12/05/2026 17:50:23;armaduras;Elmo de Soldado;T7;.0;T7_HEAD_PLATE_SET1;Bridgewatch;42651;55868;55616;13217;30,99;2026-05-12T02:05:00;2026-05-12T17:50:00;2026-05-12T17:50:00;42651;99708;46746;;;45473
12/05/2026 17:50:23;armaduras;Elmo de Soldado;T7;.1;T7_HEAD_PLATE_SET1@1;Bridgewatch;143658;198000;106092;54342;37,83;2026-05-12T02:05:00;2026-05-12T17:50:00;2026-05-12T17:50:00;143658;180000;158984;;;
12/05/2026 17:50:23;armaduras;Elmo de Soldado;T7;.2;T7_HEAD_PLATE_SET1@2;Fort Sterling;399982;529999;30312;130017;32,51;2026-05-12T01:30:00;2026-05-12T17:15:00;2026-05-12T17:15:00;;;399982;;;
12/05/2026 17:50:23;armaduras;Elmo de Soldado;T7;.3;T7_HEAD_PLATE_SET1@3;;;1549992;490141;;;;2026-05-12T17:15:00;2026-05-12T17:15:00;;;;;;
12/05/2026 17:50:23;armaduras;Elmo de Soldado;T8;.0;T8_HEAD_PLATE_SET1;Fort Sterling;139999;119993;94725;-20006;-14,29;2026-05-12T01:30:00;2026-05-12T17:15:00;2026-05-12T17:15:00;;144930;139999;147999;;
12/05/2026 17:50:23;armaduras;Elmo de Soldado;T8;.1;T8_HEAD_PLATE_SET1@1;Fort Sterling;389994;449755;282912;59761;15,32;2026-05-12T01:30:00;2026-05-12T17:15:00;2026-05-12T17:15:00;;;389994;409998;394998;419993
12/05/2026 17:50:23;armaduras;Elmo de Soldado;T8;.2;T8_HEAD_PLATE_SET1@2;Lymhurst;1769998;1547993;535618;-222005;-12,54;2026-05-11T21:35:00;2026-05-12T17:15:00;2026-05-12T17:15:00;;;;1769998;;
12/05/2026 17:50:23;armaduras;Elmo de Soldado;T8;.3;T8_HEAD_PLATE_SET1@3;Lymhurst;2999197;;2708408;;;2026-05-12T18:00:00;0001-01-01T00:00:00;2026-05-12T17:15:00;;;;2999197;;
12/05/2026 17:50:23;armaduras;Robe de Clérigo;T5;.0;T5_ARMOR_CLOTH_SET2;Fort Sterling;8538;14808;14536;6270;73,44;2026-05-12T00:40:00;2026-05-12T08:05:00;2026-05-12T09:45:00;;14791;8538;8547;;
12/05/2026 17:50:23;armaduras;Robe de Clérigo;T5;.1;T5_ARMOR_CLOTH_SET2@1;Fort Sterling;19992;25336;25280;5344;26,73;2026-05-12T18:25:00;2026-05-12T08:05:00;2026-05-12T09:45:00;;48996;19992;22110;;23734
12/05/2026 17:50:23;armaduras;Robe de Clérigo;T5;.2;T5_ARMOR_CLOTH_SET2@2;Fort Sterling;49999;;25260;;;2026-05-12T18:25:00;0001-01-01T00:00:00;2026-05-12T15:15:00;;98988;49999;;;64970
12/05/2026 17:50:23;armaduras;Robe de Clérigo;T5;.3;T5_ARMOR_CLOTH_SET2@3;Bridgewatch;219998;;70728;;;2026-05-12T00:00:00;0001-01-01T00:00:00;2026-05-12T15:15:00;219998;;;239959;;
12/05/2026 17:50:23;armaduras;Robe de Clérigo;T6;.0;T6_ARMOR_CLOTH_SET2;Fort Sterling;23997;;34128;;;2026-05-12T16:05:00;0001-01-01T00:00:00;2026-05-12T15:15:00;30775;39995;23997;26611;24995;25995
12/05/2026 17:50:23;armaduras;Robe de Clérigo;T6;.1;T6_ARMOR_CLOTH_SET2@1;Lymhurst;52997;66970;35364;13973;26,37;2026-05-12T19:40:00;2026-05-12T08:05:00;2026-05-12T15:15:00;;86958;53999;52997;69366;
12/05/2026 17:50:23;armaduras;Robe de Clérigo;T6;.2;T6_ARMOR_CLOTH_SET2@2;Bridgewatch;193965;;181872;;;2026-05-12T05:50:00;0001-01-01T00:00:00;2026-05-12T15:15:00;193965;;199592;;;
12/05/2026 17:50:23;armaduras;Robe de Clérigo;T6;.3;T6_ARMOR_CLOTH_SET2@3;Thetford;469965;601890;409293;131925;28,07;2026-05-11T23:05:00;2026-05-12T01:00:00;2026-05-12T15:15:00;;770000;;547987;;469965
12/05/2026 17:50:23;armaduras;Robe de Clérigo;T7;.0;T7_ARMOR_CLOTH_SET2;Fort Sterling;70215;99886;85884;29671;42,26;2026-05-12T03:35:00;2026-05-12T11:55:00;2026-05-12T15:15:00;76045;94963;70215;;76542;
12/05/2026 17:50:23;armaduras;Robe de Clérigo;T7;.1;T7_ARMOR_CLOTH_SET2@1;Bridgewatch;188916;232805;204606;43889;23,23;2026-05-12T05:50:00;2026-05-12T09:40:00;2026-05-12T15:15:00;188916;278973;199995;;;189999
12/05/2026 17:50:23;armaduras;Robe de Clérigo;T7;.2;T7_ARMOR_CLOTH_SET2@2;Caerleon;999998;;151590;;;2026-05-12T15:00:00;0001-01-01T00:00:00;2026-05-12T15:15:00;;999998;;;;
12/05/2026 17:50:23;armaduras;Robe de Clérigo;T7;.3;T7_ARMOR_CLOTH_SET2@3;Fort Sterling;2499993;;2152578;;;2026-05-12T18:25:00;0001-01-01T00:00:00;2026-05-12T15:15:00;;;2499993;;;
12/05/2026 17:50:23;armaduras;Robe de Clérigo;T8;.0;T8_ARMOR_CLOTH_SET2;Fort Sterling;198997;250499;136404;51502;25,88;2026-05-12T03:35:00;2026-05-12T09:10:00;2026-05-12T15:10:00;219977;299981;198997;;219999;
12/05/2026 17:50:23;armaduras;Robe de Clérigo;T8;.1;T8_ARMOR_CLOTH_SET2@1;Fort Sterling;607998;839935;293074;231937;38,15;2026-05-12T18:25:00;2026-05-12T08:05:00;2026-05-12T15:15:00;;;607998;;;
12/05/2026 17:50:23;armaduras;Robe de Clérigo;T8;.2;T8_ARMOR_CLOTH_SET2@2;;;;1940352;;;;0001-01-01T00:00:00;2026-05-12T15:15:00;;;;;;
12/05/2026 17:50:23;armaduras;Robe de Clérigo;T8;.3;T8_ARMOR_CLOTH_SET2@3;Lymhurst;6666651;;6164355;;;2026-05-12T18:45:00;0001-01-01T00:00:00;2026-05-12T15:15:00;;;6963987;6666651;;
12/05/2026 17:50:23;armaduras;Robe de Druida;T5;.0;T5_ARMOR_CLOTH_KEEPER;Fort Sterling;19796;29994;28835;10198;51,52;2026-05-12T18:25:00;2026-05-12T16:25:00;2026-05-12T15:15:00;;29975;19796;;;
12/05/2026 17:50:23;armaduras;Robe de Druida;T5;.1;T5_ARMOR_CLOTH_KEEPER@1;Fort Sterling;24991;;39816;;;2026-05-12T18:25:00;0001-01-01T00:00:00;2026-05-12T15:05:00;;25000;24991;;;24998
12/05/2026 17:50:23;armaduras;Robe de Druida;T5;.2;T5_ARMOR_CLOTH_KEEPER@2;Fort Sterling;64989;;28182;;;2026-05-12T18:25:00;0001-01-01T00:00:00;2026-05-12T15:15:00;;159058;64989;;;77965
12/05/2026 17:50:23;armaduras;Robe de Druida;T5;.3;T5_ARMOR_CLOTH_KEEPER@3;Fort Sterling;294993;;299575;;;2026-05-12T18:25:00;0001-01-01T00:00:00;2026-05-12T15:15:00;;;294993;;;296000
12/05/2026 17:50:23;armaduras;Robe de Druida;T6;.0;T6_ARMOR_CLOTH_KEEPER;Lymhurst;47996;;75840;;;2026-05-12T13:15:00;0001-01-01T00:00:00;2026-05-12T15:10:00;;69983;54994;47996;;
12/05/2026 17:50:23;armaduras;Robe de Druida;T6;.1;T6_ARMOR_CLOTH_KEEPER@1;Fort Sterling;84992;;25578;;;2026-05-12T18:25:00;0001-01-01T00:00:00;2026-05-12T15:15:00;;134998;84992;;;84997
12/05/2026 17:50:23;armaduras;Robe de Druida;T6;.2;T6_ARMOR_CLOTH_KEEPER@2;Fort Sterling;227998;;61732;;;2026-05-12T18:25:00;0001-01-01T00:00:00;2026-05-12T15:15:00;;300000;227998;;;249995
12/05/2026 17:50:23;armaduras;Robe de Druida;T6;.3;T6_ARMOR_CLOTH_KEEPER@3;Fort Sterling;690991;;260550;;;2026-05-12T18:25:00;0001-01-01T00:00:00;2026-05-12T15:15:00;;949998;690991;;;889999
12/05/2026 17:50:23;armaduras;Robe de Druida;T7;.0;T7_ARMOR_CLOTH_KEEPER;Fort Sterling;97823;;55265;;;2026-05-12T18:25:00;0001-01-01T00:00:00;2026-05-12T15:15:00;;224895;97823;;;
12/05/2026 17:50:23;armaduras;Robe de Druida;T7;.1;T7_ARMOR_CLOTH_KEEPER@1;Fort Sterling;207950;;139258;;;2026-05-12T18:25:00;0001-01-01T00:00:00;2026-05-12T15:15:00;;300985;207950;;;
12/05/2026 17:50:23;armaduras;Robe de Druida;T7;.2;T7_ARMOR_CLOTH_KEEPER@2;Caerleon;779991;;144963;;;2026-05-12T15:00:00;0001-01-01T00:00:00;2026-05-12T15:15:00;;779991;829000;;;
12/05/2026 17:50:23;armaduras;Robe de Druida;T7;.3;T7_ARMOR_CLOTH_KEEPER@3;Fort Sterling;2599999;;1698623;;;2026-05-12T18:25:00;0001-01-01T00:00:00;2026-05-12T15:15:00;;;2599999;;;
12/05/2026 17:50:23;armaduras;Robe de Druida;T8;.0;T8_ARMOR_CLOTH_KEEPER;;;;378960;;;;0001-01-01T00:00:00;2026-05-12T15:10:00;;;;;;
12/05/2026 17:50:23;armaduras;Robe de Druida;T8;.1;T8_ARMOR_CLOTH_KEEPER@1;Thetford;1097994;;193256;;;2026-05-11T23:10:00;0001-01-01T00:00:00;2026-05-12T15:15:00;;;;;;1097994
12/05/2026 17:50:23;armaduras;Robe de Druida;T8;.2;T8_ARMOR_CLOTH_KEEPER@2;Martlock;4499992;;418743;;;2026-05-11T23:20:00;0001-01-01T00:00:00;2026-05-12T15:15:00;;;;;4499992;
12/05/2026 17:50:23;armaduras;Robe de Druida;T8;.3;T8_ARMOR_CLOTH_KEEPER@3;;;;1250580;;;;0001-01-01T00:00:00;2026-05-12T15:15:00;;;;;;
12/05/2026 17:50:23;armaduras;Robe de Erudito;T5;.0;T5_ARMOR_CLOTH_SET1;Thetford;7999;15584;10744;7585;94,82;2026-05-12T14:00:00;2026-05-12T19:45:00;2026-05-12T19:45:00;;14793;9493;;;7999
12/05/2026 17:50:23;armaduras;Robe de Erudito;T5;.1;T5_ARMOR_CLOTH_SET1@1;Martlock;10067;24577;10744;14510;144,13;2026-05-11T22:30:00;2026-05-12T19:45:00;2026-05-12T19:45:00;;43995;16891;17347;10067;
12/05/2026 17:50:23;armaduras;Robe de Erudito;T5;.2;T5_ARMOR_CLOTH_SET1@2;Fort Sterling;37383;;32838;;;2026-05-12T18:25:00;0001-01-01T00:00:00;2026-05-12T15:15:00;;99985;37383;;;
12/05/2026 17:50:23;armaduras;Robe de Erudito;T5;.3;T5_ARMOR_CLOTH_SET1@3;Caerleon;630996;;219762;;;2026-05-12T17:40:00;0001-01-01T00:00:00;2026-05-12T15:15:00;;630996;;;;
12/05/2026 17:50:23;armaduras;Robe de Erudito;T6;.0;T6_ARMOR_CLOTH_SET1;Fort Sterling;22994;35426;32864;12432;54,07;2026-05-12T18:25:00;2026-05-12T08:05:00;2026-05-12T15:15:00;;42984;22994;25480;;
12/05/2026 17:50:23;armaduras;Robe de Erudito;T6;.1;T6_ARMOR_CLOTH_SET1@1;Fort Sterling;49937;65979;58098;16042;32,12;2026-05-12T18:25:00;2026-05-12T08:05:00;2026-05-12T15:15:00;;99993;49937;;;
12/05/2026 17:50:23;armaduras;Robe de Erudito;T6;.2;T6_ARMOR_CLOTH_SET1@2;;;;265230;;;;0001-01-01T00:00:00;2026-05-12T15:15:00;;;;;;
12/05/2026 17:50:23;armaduras;Robe de Erudito;T6;.3;T6_ARMOR_CLOTH_SET1@3;Thetford;464975;;80848;;;2026-05-11T23:05:00;0001-01-01T00:00:00;2026-05-12T15:15:00;;;499997;;;464975
12/05/2026 17:50:23;armaduras;Robe de Erudito;T7;.0;T7_ARMOR_CLOTH_SET1;Fort Sterling;75747;94935;94725;19188;25,33;2026-05-12T18:25:00;2026-05-12T08:05:00;2026-05-12T15:15:00;;90000;75747;;;
12/05/2026 17:50:23;armaduras;Robe de Erudito;T7;.1;T7_ARMOR_CLOTH_SET1@1;Caerleon;269995;245982;103566;-24013;-8,89;2026-05-12T15:00:00;2026-05-12T08:05:00;2026-05-12T15:15:00;;269995;;;;
12/05/2026 17:50:23;armaduras;Robe de Erudito;T7;.2;T7_ARMOR_CLOTH_SET1@2;;;;384028;;;;0001-01-01T00:00:00;2026-05-12T15:15:00;;;;;;
12/05/2026 17:50:23;armaduras;Robe de Erudito;T7;.3;T7_ARMOR_CLOTH_SET1@3;Fort Sterling;2238996;;1940352;;;2026-05-12T18:25:00;0001-01-01T00:00:00;2026-05-12T15:15:00;;;2238996;;;
12/05/2026 17:50:23;armaduras;Robe de Erudito;T8;.0;T8_ARMOR_CLOTH_SET1;Thetford;214961;273995;60624;59034;27,46;2026-05-11T22:30:00;2026-05-12T08:05:00;2026-05-12T15:15:00;;333320;;;;214961
12/05/2026 17:50:23;armaduras;Robe de Erudito;T8;.1;T8_ARMOR_CLOTH_SET1@1;Caerleon;599998;692197;389081;92199;15,37;2026-05-12T15:00:00;2026-05-12T08:05:00;2026-05-12T15:15:00;;599998;;;;
12/05/2026 17:50:23;armaduras;Robe de Erudito;T8;.2;T8_ARMOR_CLOTH_SET1@2;Fort Sterling;2052119;;1435052;;;2026-05-12T18:25:00;0001-01-01T00:00:00;2026-05-12T15:15:00;;;2052119;;;
12/05/2026 17:50:23;armaduras;Robe de Erudito;T8;.3;T8_ARMOR_CLOTH_SET1@3;;;;1273293;;;;0001-01-01T00:00:00;2026-05-12T15:15:00;;;;;;
12/05/2026 17:50:23;armaduras;Robe de Mago;T5;.0;T5_ARMOR_CLOTH_SET3;Caerleon;14471;14534;14852;63;0,44;2026-05-12T10:25:00;2026-05-12T08:05:00;2026-05-12T09:45:00;;14471;;;;
12/05/2026 17:50:23;armaduras;Robe de Mago;T5;.1;T5_ARMOR_CLOTH_SET3@1;Lymhurst;17972;25957;25912;7985;44,43;2026-05-12T13:10:00;2026-05-12T08:05:00;2026-05-12T09:45:00;;39999;;17972;;20416
12/05/2026 17:50:23;armaduras;Robe de Mago;T5;.2;T5_ARMOR_CLOTH_SET3@2;Thetford;31990;;58098;;;2026-05-11T22:15:00;0001-01-01T00:00:00;2026-05-12T15:15:00;;118995;39998;43500;;31990
12/05/2026 17:50:23;armaduras;Robe de Mago;T5;.3;T5_ARMOR_CLOTH_SET3@3;Fort Sterling;199799;;386478;;;2026-05-12T18:25:00;0001-01-01T00:00:00;2026-05-12T15:15:00;;;199799;229989;;
12/05/2026 17:50:23;armaduras;Robe de Mago;T6;.0;T6_ARMOR_CLOTH_SET3;Lymhurst;26555;37150;27176;10595;39,90;2026-05-12T13:25:00;2026-05-12T08:05:00;2026-05-12T15:15:00;;41995;;26555;;
12/05/2026 17:50:23;armaduras;Robe de Mago;T6;.1;T6_ARMOR_CLOTH_SET3@1;Caerleon;90184;61943;56835;-28241;-31,31;2026-05-12T10:25:00;2026-05-12T08:05:00;2026-05-12T15:15:00;;90184;;;;
12/05/2026 17:50:23;armaduras;Robe de Mago;T6;.2;T6_ARMOR_CLOTH_SET3@2;Lymhurst;169995;296992;65676;126997;74,71;2026-05-12T02:05:00;2026-05-12T03:10:00;2026-05-12T15:15:00;;;219993;169995;;
12/05/2026 17:50:23;armaduras;Robe de Mago;T6;.3;T6_ARMOR_CLOTH_SET3@3;Caerleon;730550;606970;581095;-123580;-16,92;2026-05-12T01:40:00;2026-05-12T04:55:00;2026-05-12T15:15:00;;730550;;;;
12/05/2026 17:50:23;armaduras;Robe de Mago;T7;.0;T7_ARMOR_CLOTH_SET3;Caerleon;96990;97863;94725;873;0,90;2026-05-12T10:25:00;2026-05-12T08:05:00;2026-05-12T15:05:00;;96990;;;;
12/05/2026 17:50:23;armaduras;Robe de Mago;T7;.1;T7_ARMOR_CLOTH_SET3@1;Caerleon;288988;296666;78306;7678;2,66;2026-05-12T15:00:00;2026-05-12T08:05:00;2026-05-12T15:15:00;;288988;;;;
12/05/2026 17:50:23;armaduras;Robe de Mago;T7;.2;T7_ARMOR_CLOTH_SET3@2;;;;288021;;;;0001-01-01T00:00:00;2026-05-12T15:15:00;;;;;;
12/05/2026 17:50:23;armaduras;Robe de Mago;T7;.3;T7_ARMOR_CLOTH_SET3@3;Fort Sterling;2499996;;101060;;;2026-05-12T18:25:00;0001-01-01T00:00:00;2026-05-12T15:15:00;;;2499996;;;
12/05/2026 17:50:23;armaduras;Robe de Mago;T8;.0;T8_ARMOR_CLOTH_SET3;Caerleon;379999;328979;257652;-51020;-13,43;2026-05-12T15:00:00;2026-05-12T09:10:00;2026-05-12T15:15:00;;379999;;;;
12/05/2026 17:50:23;armaduras;Robe de Mago;T8;.1;T8_ARMOR_CLOTH_SET3@1;Thetford;589983;609499;449717;19516;3,31;2026-05-11T23:10:00;2026-05-12T08:05:00;2026-05-12T15:15:00;;799996;;;;589983
12/05/2026 17:50:23;armaduras;Robe de Mago;T8;.2;T8_ARMOR_CLOTH_SET3@2;Fort Sterling;2239943;;2021200;;;2026-05-12T18:25:00;0001-01-01T00:00:00;2026-05-12T15:15:00;;;2239943;;;
12/05/2026 17:50:23;armaduras;Robe de Mago;T8;.3;T8_ARMOR_CLOTH_SET3@3;Fort Sterling;7499999;;687174;;;2026-05-12T18:25:00;0001-01-01T00:00:00;2026-05-12T15:15:00;;;7499999;;;
12/05/2026 17:50:23;armaduras;Sandálias de Clérigo;T5;.0;T5_SHOES_CLOTH_SET2;Lymhurst;4194;8316;6478;4122;98,28;2026-05-12T19:40:00;2026-05-12T16:25:00;2026-05-12T01:35:00;4465;11851;;4194;;
12/05/2026 17:50:23;armaduras;Sandálias de Clérigo;T5;.1;T5_SHOES_CLOTH_SET2@1;Lymhurst;10179;19846;18960;9667;94,97;2026-05-12T19:40:00;2026-05-11T22:15:00;2026-05-12T01:35:00;;42496;;10179;;
12/05/2026 17:50:23;armaduras;Sandálias de Clérigo;T5;.2;T5_SHOES_CLOTH_SET2@2;Lymhurst;21404;;46768;;;2026-05-12T01:15:00;0001-01-01T00:00:00;2026-05-12T15:10:00;;109995;;21404;;27983
12/05/2026 17:50:23;armaduras;Sandálias de Clérigo;T5;.3;T5_SHOES_CLOTH_SET2@3;;;;70728;;;;0001-01-01T00:00:00;2026-05-12T15:15:00;;;;;;
12/05/2026 17:50:23;armaduras;Sandálias de Clérigo;T6;.0;T6_SHOES_CLOTH_SET2;Thetford;14996;;19908;;;2026-05-12T20:45:00;0001-01-01T00:00:00;2026-05-12T01:35:00;;37997;;16889;15998;14996
12/05/2026 17:50:23;armaduras;Sandálias de Clérigo;T6;.1;T6_SHOES_CLOTH_SET2@1;Caerleon;74998;;34760;;;2026-05-12T01:30:00;0001-01-01T00:00:00;2026-05-12T15:15:00;;74998;;;;
12/05/2026 17:50:23;armaduras;Sandálias de Clérigo;T6;.2;T6_SHOES_CLOTH_SET2@2;Bridgewatch;100000;;68202;;;2026-05-12T17:55:00;0001-01-01T00:00:00;2026-05-12T15:15:00;100000;229955;;;;
12/05/2026 17:50:23;armaduras;Sandálias de Clérigo;T6;.3;T6_SHOES_CLOTH_SET2@3;;;;70728;;;;0001-01-01T00:00:00;2026-05-12T15:15:00;;;;;;
12/05/2026 17:50:23;armaduras;Sandálias de Clérigo;T7;.0;T7_SHOES_CLOTH_SET2;Lymhurst;37994;;35392;;;2026-05-12T16:30:00;0001-01-01T00:00:00;2026-05-12T15:10:00;;42997;;37994;;
12/05/2026 17:50:23;armaduras;Sandálias de Clérigo;T7;.1;T7_SHOES_CLOTH_SET2@1;Bridgewatch;106861;;108618;;;2026-05-12T02:05:00;0001-01-01T00:00:00;2026-05-12T15:15:00;106861;150300;;;108798;
12/05/2026 17:50:23;armaduras;Sandálias de Clérigo;T7;.2;T7_SHOES_CLOTH_SET2@2;;;;108618;;;;0001-01-01T00:00:00;2026-05-12T15:15:00;;;;;;
12/05/2026 17:50:23;armaduras;Sandálias de Clérigo;T7;.3;T7_SHOES_CLOTH_SET2@3;;;;1470423;;;;0001-01-01T00:00:00;2026-05-12T15:15:00;;;;;;
12/05/2026 17:50:23;armaduras;Sandálias de Clérigo;T8;.0;T8_SHOES_CLOTH_SET2;;;;198291;;;;0001-01-01T00:00:00;2026-05-12T15:15:00;;;;;;
12/05/2026 17:50:23;armaduras;Sandálias de Clérigo;T8;.1;T8_SHOES_CLOTH_SET2@1;Thetford;353330;;65676;;;2026-05-11T23:20:00;0001-01-01T00:00:00;2026-05-12T15:15:00;;;;;;353330
12/05/2026 17:50:23;armaduras;Sandálias de Clérigo;T8;.2;T8_SHOES_CLOTH_SET2@2;;;;995441;;;;0001-01-01T00:00:00;2026-05-12T15:15:00;;;;;;
12/05/2026 17:50:23;armaduras;Sandálias de Clérigo;T8;.3;T8_SHOES_CLOTH_SET2@3;;;;434558;;;;0001-01-01T00:00:00;2026-05-12T15:15:00;;;;;;
12/05/2026 17:50:23;armaduras;Sandálias de Druida;T5;.0;T5_SHOES_CLOTH_KEEPER;Caerleon;16998;;13987;;;2026-05-12T01:30:00;0001-01-01T00:00:00;2026-05-12T01:35:00;;16998;;;;
12/05/2026 17:50:23;armaduras;Sandálias de Druida;T5;.1;T5_SHOES_CLOTH_KEEPER@1;Lymhurst;12897;;29820;;;2026-05-12T19:40:00;0001-01-01T00:00:00;2026-05-12T01:35:00;;99975;;12897;;
12/05/2026 17:50:23;armaduras;Sandálias de Druida;T5;.2;T5_SHOES_CLOTH_KEEPER@2;;;;42944;;;;0001-01-01T00:00:00;2026-05-12T15:15:00;;;;;;
12/05/2026 17:50:23;armaduras;Sandálias de Druida;T5;.3;T5_SHOES_CLOTH_KEEPER@3;Lymhurst;119881;;115967;;;2026-05-12T16:20:00;0001-01-01T00:00:00;2026-05-12T15:15:00;;;;119881;;
12/05/2026 17:50:23;armaduras;Sandálias de Druida;T6;.0;T6_SHOES_CLOTH_KEEPER;Martlock;19880;;33180;;;2026-05-12T10:20:00;0001-01-01T00:00:00;2026-05-12T01:35:00;;37989;;;19880;
12/05/2026 17:50:23;armaduras;Sandálias de Druida;T6;.1;T6_SHOES_CLOTH_KEEPER@1;Caerleon;199993;83990;78210;-116003;-58,00;2026-05-12T15:05:00;2026-05-12T01:25:00;2026-05-12T15:10:00;;199993;;;;
12/05/2026 17:50:23;armaduras;Sandálias de Druida;T6;.2;T6_SHOES_CLOTH_KEEPER@2;Caerleon;209994;;186538;;;2026-05-12T15:05:00;0001-01-01T00:00:00;2026-05-12T15:15:00;;209994;;;;
12/05/2026 17:50:23;armaduras;Sandálias de Druida;T6;.3;T6_SHOES_CLOTH_KEEPER@3;;;;330835;;;;0001-01-01T00:00:00;2026-05-12T15:15:00;;;;;;
12/05/2026 17:50:23;armaduras;Sandálias de Druida;T7;.0;T7_SHOES_CLOTH_KEEPER;Caerleon;139994;;33180;;;2026-05-12T06:25:00;0001-01-01T00:00:00;2026-05-12T15:15:00;;139994;;;;
12/05/2026 17:50:23;armaduras;Sandálias de Druida;T7;.1;T7_SHOES_CLOTH_KEEPER@1;Lymhurst;102944;;132153;;;2026-05-12T16:15:00;0001-01-01T00:00:00;2026-05-12T15:10:00;;184997;;102944;;
12/05/2026 17:50:23;armaduras;Sandálias de Druida;T7;.2;T7_SHOES_CLOTH_KEEPER@2;;;;48312;;;;0001-01-01T00:00:00;2026-05-12T15:15:00;;;;;;
12/05/2026 17:50:23;armaduras;Sandálias de Druida;T7;.3;T7_SHOES_CLOTH_KEEPER@3;;;;145908;;;;0001-01-01T00:00:00;2026-05-12T15:10:00;;;;;;
12/05/2026 17:50:23;armaduras;Sandálias de Druida;T8;.0;T8_SHOES_CLOTH_KEEPER;Fort Sterling;208982;;56844;;;2026-05-12T17:40:00;0001-01-01T00:00:00;2026-05-12T15:15:00;;;208982;;;
12/05/2026 17:50:23;armaduras;Sandálias de Druida;T8;.1;T8_SHOES_CLOTH_KEEPER@1;;;;36946;;;;0001-01-01T00:00:00;2026-05-12T15:15:00;;;;;;
12/05/2026 17:50:23;armaduras;Sandálias de Druida;T8;.2;T8_SHOES_CLOTH_KEEPER@2;;;;1068431;;;;0001-01-01T00:00:00;2026-05-12T15:15:00;;;;;;
12/05/2026 17:50:23;armaduras;Sandálias de Druida;T8;.3;T8_SHOES_CLOTH_KEEPER@3;;;;1573571;;;;0001-01-01T00:00:00;2026-05-12T15:10:00;;;;;;
12/05/2026 17:50:23;armaduras;Sandálias de Erudito;T5;.0;T5_SHOES_CLOTH_SET1;Lymhurst;4160;8188;8058;4028;96,83;2026-05-12T19:40:00;2026-05-12T11:55:00;2026-05-12T11:55:00;;9988;;4160;;5460
12/05/2026 17:50:23;armaduras;Sandálias de Erudito;T5;.1;T5_SHOES_CLOTH_SET1@1;Bridgewatch;10435;17509;17380;7074;67,79;2026-05-11T20:55:00;2026-05-12T11:55:00;2026-05-12T11:55:00;10435;40219;;12459;;
12/05/2026 17:50:23;armaduras;Sandálias de Erudito;T5;.2;T5_SHOES_CLOTH_SET1@2;Caerleon;60000;48167;42976;-11833;-19,72;2026-05-12T10:40:00;2026-05-12T11:55:00;2026-05-12T15:10:00;;60000;;;;
12/05/2026 17:50:23;armaduras;Sandálias de Erudito;T5;.3;T5_SHOES_CLOTH_SET1@3;Lymhurst;119997;183915;126300;63918;53,27;2026-05-12T16:20:00;2026-05-12T10:50:00;2026-05-12T15:15:00;;249999;;119997;;
12/05/2026 17:50:23;armaduras;Sandálias de Erudito;T6;.0;T6_SHOES_CLOTH_SET1;Thetford;15998;25589;25280;9591;59,95;2026-05-12T20:45:00;2026-05-12T10:50:00;2026-05-12T10:50:00;;37992;;19547;;15998
12/05/2026 17:50:23;armaduras;Sandálias de Erudito;T6;.1;T6_SHOES_CLOTH_SET1@1;Lymhurst;28990;37978;10744;8988;31,00;2026-05-12T16:15:00;2026-05-12T10:50:00;2026-05-12T10:50:00;;77109;;28990;;
12/05/2026 17:50:23;armaduras;Sandálias de Erudito;T6;.2;T6_SHOES_CLOTH_SET1@2;Bridgewatch;99997;149999;61887;50002;50,00;2026-05-12T17:55:00;2026-05-12T10:50:00;2026-05-12T15:10:00;99997;;;;;
12/05/2026 17:50:23;armaduras;Sandálias de Erudito;T6;.3;T6_SHOES_CLOTH_SET1@3;;;425425;295542;;;;2026-05-12T10:50:00;2026-05-12T15:15:00;;;;;;
12/05/2026 17:50:23;armaduras;Sandálias de Erudito;T7;.0;T7_SHOES_CLOTH_SET1;Lymhurst;31985;52487;39816;20502;64,10;2026-05-12T16:30:00;2026-05-12T10:50:00;2026-05-12T15:15:00;;59997;;31985;;
12/05/2026 17:50:23;armaduras;Sandálias de Erudito;T7;.1;T7_SHOES_CLOTH_SET1@1;Lymhurst;99997;138883;98514;38886;38,89;2026-05-12T16:15:00;2026-05-12T10:50:00;2026-05-12T15:15:00;;164900;;99997;;
12/05/2026 17:50:23;armaduras;Sandálias de Erudito;T7;.2;T7_SHOES_CLOTH_SET1@2;Caerleon;499994;;70728;;;2026-05-12T15:05:00;0001-01-01T00:00:00;2026-05-12T15:15:00;;499994;;;;
12/05/2026 17:50:23;armaduras;Sandálias de Erudito;T7;.3;T7_SHOES_CLOTH_SET1@3;;;1430886;50530;;;;2026-05-12T10:50:00;2026-05-12T15:15:00;;;;;;
12/05/2026 17:50:23;armaduras;Sandálias de Erudito;T8;.0;T8_SHOES_CLOTH_SET1;Caerleon;195495;;34101;;;2026-05-12T15:05:00;0001-01-01T00:00:00;2026-05-12T15:10:00;;195495;;;;
12/05/2026 17:50:23;armaduras;Sandálias de Erudito;T8;.1;T8_SHOES_CLOTH_SET1@1;;;;212184;;;;0001-01-01T00:00:00;2026-05-12T15:15:00;;;;;;
12/05/2026 17:50:23;armaduras;Sandálias de Erudito;T8;.2;T8_SHOES_CLOTH_SET1@2;;;;40424;;;;0001-01-01T00:00:00;2026-05-12T15:15:00;;;;;;
12/05/2026 17:50:23;armaduras;Sandálias de Erudito;T8;.3;T8_SHOES_CLOTH_SET1@3;;;;2496182;;;;0001-01-01T00:00:00;2026-05-12T06:30:00;;;;;;
12/05/2026 17:50:23;armaduras;Sandálias de Mago;T5;.0;T5_SHOES_CLOTH_SET3;Caerleon;9959;9296;7110;-663;-6,66;2026-05-12T10:40:00;2026-05-12T16:25:00;2026-05-12T16:25:00;;9959;;;;
12/05/2026 17:50:23;armaduras;Sandálias de Mago;T5;.1;T5_SHOES_CLOTH_SET3@1;Caerleon;38985;;15484;;;2026-05-12T10:40:00;0001-01-01T00:00:00;2026-05-12T04:20:00;;38985;;;;
12/05/2026 17:50:23;armaduras;Sandálias de Mago;T5;.2;T5_SHOES_CLOTH_SET3@2;Thetford;27980;;36656;;;2026-05-11T23:30:00;0001-01-01T00:00:00;2026-05-12T15:10:00;;;;;;27980
12/05/2026 17:50:23;armaduras;Sandálias de Mago;T5;.3;T5_SHOES_CLOTH_SET3@3;;;;186924;;;;0001-01-01T00:00:00;2026-05-12T15:15:00;;;;;;
12/05/2026 17:50:23;armaduras;Sandálias de Mago;T6;.0;T6_SHOES_CLOTH_SET3;Lymhurst;14977;;19908;;;2026-05-12T19:40:00;0001-01-01T00:00:00;2026-05-12T01:35:00;;28849;;14977;;16022
12/05/2026 17:50:23;armaduras;Sandálias de Mago;T6;.1;T6_SHOES_CLOTH_SET3@1;Lymhurst;30886;50964;44240;20078;65,01;2026-05-12T04:30:00;2026-05-12T05:35:00;2026-05-12T15:15:00;;75550;;30886;;
12/05/2026 17:50:23;armaduras;Sandálias de Mago;T6;.2;T6_SHOES_CLOTH_SET3@2;Bridgewatch;99972;;135141;;;2026-05-12T17:55:00;0001-01-01T00:00:00;2026-05-12T15:15:00;99972;;;;;
12/05/2026 17:50:23;armaduras;Sandálias de Mago;T6;.3;T6_SHOES_CLOTH_SET3@3;;;;409212;;;;0001-01-01T00:00:00;2026-05-12T15:15:00;;;;;;
12/05/2026 17:50:23;armaduras;Sandálias de Mago;T7;.0;T7_SHOES_CLOTH_SET3;Fort Sterling;32000;54496;41080;22496;70,30;2026-05-12T03:00:00;2026-05-12T02:35:00;2026-05-12T15:15:00;;57983;32000;37083;49994;
12/05/2026 17:50:23;armaduras;Sandálias de Mago;T7;.1;T7_SHOES_CLOTH_SET3@1;Lymhurst;99999;;121248;;;2026-05-12T16:15:00;0001-01-01T00:00:00;2026-05-12T15:15:00;;;;99999;;
12/05/2026 17:50:23;armaduras;Sandálias de Mago;T7;.2;T7_SHOES_CLOTH_SET3@2;;;338845;68202;;;;2026-05-12T16:25:00;2026-05-12T15:15:00;;;;;;
12/05/2026 17:50:23;armaduras;Sandálias de Mago;T7;.3;T7_SHOES_CLOTH_SET3@3;;;;818586;;;;0001-01-01T00:00:00;2026-05-12T15:15:00;;;;;;
12/05/2026 17:50:23;armaduras;Sandálias de Mago;T8;.0;T8_SHOES_CLOTH_SET3;Caerleon;197893;158885;126300;-39008;-19,71;2026-05-12T15:05:00;2026-05-12T00:30:00;2026-05-12T15:15:00;;197893;;;;
12/05/2026 17:50:23;armaduras;Sandálias de Mago;T8;.1;T8_SHOES_CLOTH_SET3@1;Bridgewatch;349999;384975;128826;34976;9,99;2026-05-12T01:30:00;2026-05-12T09:10:00;2026-05-12T15:15:00;349999;;;;;
12/05/2026 17:50:23;armaduras;Sandálias de Mago;T8;.2;T8_SHOES_CLOTH_SET3@2;;;;363816;;;;0001-01-01T00:00:00;2026-05-12T15:15:00;;;;;;
12/05/2026 17:50:23;armaduras;Sandálias de Mago;T8;.3;T8_SHOES_CLOTH_SET3@3;;;;2971164;;;;0001-01-01T00:00:00;2026-05-12T15:15:00;;;;;;
12/05/2026 17:50:23;armaduras;Sapatos de Assassino;T5;.0;T5_SHOES_LEATHER_SET3;Thetford;3172;;7900;;;2026-05-12T14:20:00;0001-01-01T00:00:00;2026-05-12T01:35:00;;14975;5299;;;3172
12/05/2026 17:50:23;armaduras;Sapatos de Assassino;T5;.1;T5_SHOES_LEATHER_SET3@1;Bridgewatch;11995;;12008;;;2026-05-12T00:40:00;0001-01-01T00:00:00;2026-05-12T01:35:00;11995;18082;;13992;;24601
12/05/2026 17:50:23;armaduras;Sapatos de Assassino;T5;.2;T5_SHOES_LEATHER_SET3@2;Bridgewatch;40000;43993;29704;3993;9,98;2026-05-12T19:00:00;2026-05-12T09:45:00;2026-05-12T15:15:00;40000;85984;;;;
12/05/2026 17:50:23;armaduras;Sapatos de Assassino;T5;.3;T5_SHOES_LEATHER_SET3@3;Thetford;173989;;107355;;;2026-05-12T05:45:00;0001-01-01T00:00:00;2026-05-12T15:15:00;;179997;;;;173989
12/05/2026 17:50:23;armaduras;Sapatos de Assassino;T6;.0;T6_SHOES_LEATHER_SET3;Caerleon;31993;;17380;;;2026-05-12T01:30:00;0001-01-01T00:00:00;2026-05-12T15:10:00;;31993;;;;
12/05/2026 17:50:23;armaduras;Sapatos de Assassino;T6;.1;T6_SHOES_LEATHER_SET3@1;Lymhurst;41990;;20856;;;2026-05-11T22:55:00;0001-01-01T00:00:00;2026-05-12T15:40:00;45890;109986;;41990;43000;
12/05/2026 17:50:23;armaduras;Sapatos de Assassino;T6;.2;T6_SHOES_LEATHER_SET3@2;Lymhurst;121775;;111144;;;2026-05-11T22:55:00;0001-01-01T00:00:00;2026-05-12T15:40:00;128976;;;121775;;
12/05/2026 17:50:23;armaduras;Sapatos de Assassino;T6;.3;T6_SHOES_LEATHER_SET3@3;Thetford;369868;;341010;;;2026-05-12T05:45:00;0001-01-01T00:00:00;2026-05-12T15:15:00;;499985;;379978;;369868
12/05/2026 17:50:23;armaduras;Sapatos de Assassino;T7;.0;T7_SHOES_LEATHER_SET3;Bridgewatch;69998;;80264;;;2026-05-12T00:20:00;0001-01-01T00:00:00;2026-05-12T15:15:00;69998;99987;;;;
12/05/2026 17:50:23;armaduras;Sapatos de Assassino;T7;.1;T7_SHOES_LEATHER_SET3@1;Caerleon;168995;;122511;;;2026-05-11T21:25:00;0001-01-01T00:00:00;2026-05-12T15:15:00;;168995;;;;
12/05/2026 17:50:23;armaduras;Sapatos de Assassino;T7;.2;T7_SHOES_LEATHER_SET3@2;Caerleon;589997;;320802;;;2026-05-12T15:05:00;0001-01-01T00:00:00;2026-05-12T15:15:00;;589997;;;;
12/05/2026 17:50:23;armaduras;Sapatos de Assassino;T7;.3;T7_SHOES_LEATHER_SET3@3;;;;419399;;;;0001-01-01T00:00:00;2026-05-12T15:15:00;;;;;;
12/05/2026 17:50:23;armaduras;Sapatos de Assassino;T8;.0;T8_SHOES_LEATHER_SET3;Lymhurst;120000;;99777;;;2026-05-12T00:45:00;0001-01-01T00:00:00;2026-05-12T15:15:00;;177775;130943;120000;;
12/05/2026 17:50:23;armaduras;Sapatos de Assassino;T8;.1;T8_SHOES_LEATHER_SET3@1;Thetford;449996;;406686;;;2026-05-11T23:10:00;0001-01-01T00:00:00;2026-05-12T15:10:00;;;;;;449996
12/05/2026 17:50:23;armaduras;Sapatos de Assassino;T8;.2;T8_SHOES_LEATHER_SET3@2;Martlock;1300000;;1131872;;;2026-05-11T23:00:00;0001-01-01T00:00:00;2026-05-12T15:15:00;;;;1500500;1300000;
12/05/2026 17:50:23;armaduras;Sapatos de Assassino;T8;.3;T8_SHOES_LEATHER_SET3@3;;;;2344592;;;;0001-01-01T00:00:00;2026-05-12T15:10:00;;;;;;
12/05/2026 17:50:23;armaduras;Sapatos de Caçador;T5;.0;T5_SHOES_LEATHER_SET2;Bridgewatch;5318;8962;8848;3644;68,52;2026-05-11T21:40:00;2026-05-12T11:55:00;2026-05-12T11:55:00;5318;10488;5999;;;
12/05/2026 17:50:23;armaduras;Sapatos de Caçador;T5;.1;T5_SHOES_LEATHER_SET2@1;Lymhurst;8989;12787;12640;3798;42,25;2026-05-12T01:45:00;2026-05-12T04:20:00;2026-05-12T04:40:00;;47493;;8989;;
12/05/2026 17:50:23;armaduras;Sapatos de Caçador;T5;.2;T5_SHOES_LEATHER_SET2@2;Bridgewatch;40849;;39184;;;2026-05-11T21:40:00;0001-01-01T00:00:00;2026-05-12T15:15:00;40849;120892;;;;
12/05/2026 17:50:23;armaduras;Sapatos de Caçador;T5;.3;T5_SHOES_LEATHER_SET2@3;Thetford;218999;;121248;;;2026-05-12T15:50:00;0001-01-01T00:00:00;2026-05-12T15:15:00;219987;;;;;218999
12/05/2026 17:50:23;armaduras;Sapatos de Caçador;T6;.0;T6_SHOES_LEATHER_SET2;Bridgewatch;20309;;17380;;;2026-05-12T05:00:00;0001-01-01T00:00:00;2026-05-12T15:10:00;20309;58989;21961;29938;;
12/05/2026 17:50:23;armaduras;Sapatos de Caçador;T6;.1;T6_SHOES_LEATHER_SET2@1;Bridgewatch;45065;47867;23384;2802;6,22;2026-05-12T05:20:00;2026-05-12T15:50:00;2026-05-12T15:50:00;45065;107706;;;;
12/05/2026 17:50:23;armaduras;Sapatos de Caçador;T6;.2;T6_SHOES_LEATHER_SET2@2;Caerleon;288797;;50520;;;2026-05-12T15:05:00;0001-01-01T00:00:00;2026-05-12T15:40:00;;288797;;;;
12/05/2026 17:50:23;armaduras;Sapatos de Caçador;T6;.3;T6_SHOES_LEATHER_SET2@3;;;;250074;;;;0001-01-01T00:00:00;2026-05-12T15:15:00;;;;;;
12/05/2026 17:50:23;armaduras;Sapatos de Caçador;T7;.0;T7_SHOES_LEATHER_SET2;Bridgewatch;59996;;84056;;;2026-05-12T00:20:00;0001-01-01T00:00:00;2026-05-12T15:15:00;59996;149966;68997;;;
12/05/2026 17:50:23;armaduras;Sapatos de Caçador;T7;.1;T7_SHOES_LEATHER_SET2@1;Bridgewatch;130974;;97251;;;2026-05-12T00:00:00;0001-01-01T00:00:00;2026-05-12T15:15:00;130974;;;;;
12/05/2026 17:50:23;armaduras;Sapatos de Caçador;T7;.2;T7_SHOES_LEATHER_SET2@2;;;;287964;;;;0001-01-01T00:00:00;2026-05-12T15:15:00;;;;;;
12/05/2026 17:50:23;armaduras;Sapatos de Caçador;T7;.3;T7_SHOES_LEATHER_SET2@3;;;;1106607;;;;0001-01-01T00:00:00;2026-05-12T15:15:00;;;;;;
12/05/2026 17:50:23;armaduras;Sapatos de Caçador;T8;.0;T8_SHOES_LEATHER_SET2;Lymhurst;138999;;87147;;;2026-05-12T00:45:00;0001-01-01T00:00:00;2026-05-12T15:15:00;;;;138999;;
12/05/2026 17:50:23;armaduras;Sapatos de Caçador;T8;.1;T8_SHOES_LEATHER_SET2@1;;;;209658;;;;0001-01-01T00:00:00;2026-05-12T15:15:00;;;;;;
12/05/2026 17:50:23;armaduras;Sapatos de Caçador;T8;.2;T8_SHOES_LEATHER_SET2@2;Martlock;1299946;;788268;;;2026-05-11T23:00:00;0001-01-01T00:00:00;2026-05-12T15:15:00;;;;1349988;1299946;
12/05/2026 17:50:23;armaduras;Sapatos de Caçador;T8;.3;T8_SHOES_LEATHER_SET2@3;;;;2294062;;;;0001-01-01T00:00:00;2026-05-12T15:15:00;;;;;;
12/05/2026 17:50:23;armaduras;Sapatos de Espreitador;T5;.0;T5_SHOES_LEATHER_MORGANA;Lymhurst;10867;31996;14184;21129;194,43;2026-05-12T01:55:00;2026-05-11T22:15:00;2026-05-12T01:35:00;;34996;14000;10867;;
12/05/2026 17:50:23;armaduras;Sapatos de Espreitador;T5;.1;T5_SHOES_LEATHER_MORGANA@1;;;;34080;;;;0001-01-01T00:00:00;2026-05-12T01:35:00;;;;;;
12/05/2026 17:50:23;armaduras;Sapatos de Espreitador;T5;.2;T5_SHOES_LEATHER_MORGANA@2;Lymhurst;71997;;62403;;;2026-05-12T00:35:00;0001-01-01T00:00:00;2026-05-12T15:10:00;;109999;;71997;;
12/05/2026 17:50:23;armaduras;Sapatos de Espreitador;T5;.3;T5_SHOES_LEATHER_MORGANA@3;Lymhurst;181170;;166784;;;2026-05-12T01:55:00;0001-01-01T00:00:00;2026-05-12T01:35:00;;;189914;181170;;193900
12/05/2026 17:50:23;armaduras;Sapatos de Espreitador;T6;.0;T6_SHOES_LEATHER_MORGANA;Fort Sterling;74892;;98750;;;2026-05-12T16:15:00;0001-01-01T00:00:00;2026-05-12T06:30:00;91984;114497;74892;;;
12/05/2026 17:50:23;armaduras;Sapatos de Espreitador;T6;.1;T6_SHOES_LEATHER_MORGANA@1;Lymhurst;90997;129990;129402;38993;42,85;2026-05-12T00:35:00;2026-05-12T20:00:00;2026-05-12T20:00:00;140000;149997;;90997;;
12/05/2026 17:50:23;armaduras;Sapatos de Espreitador;T6;.2;T6_SHOES_LEATHER_MORGANA@2;Lymhurst;180385;;217404;;;2026-05-12T00:35:00;0001-01-01T00:00:00;2026-05-12T15:40:00;235932;249999;224992;180385;;
12/05/2026 17:50:23;armaduras;Sapatos de Espreitador;T6;.3;T6_SHOES_LEATHER_MORGANA@3;Thetford;509999;;268315;;;2026-05-11T22:40:00;0001-01-01T00:00:00;2026-05-12T15:15:00;;1499992;674998;;;509999
12/05/2026 17:50:23;armaduras;Sapatos de Espreitador;T7;.0;T7_SHOES_LEATHER_MORGANA;Fort Sterling;105553;;129560;;;2026-05-12T18:55:00;0001-01-01T00:00:00;2026-05-12T06:30:00;;133882;105553;;;
12/05/2026 17:50:23;armaduras;Sapatos de Espreitador;T7;.1;T7_SHOES_LEATHER_MORGANA@1;Lymhurst;188995;;201782;;;2026-05-12T00:35:00;0001-01-01T00:00:00;2026-05-12T15:10:00;;;;188995;;
12/05/2026 17:50:23;armaduras;Sapatos de Espreitador;T7;.2;T7_SHOES_LEATHER_MORGANA@2;;;;692472;;;;0001-01-01T00:00:00;2026-05-12T15:15:00;;;;;;
12/05/2026 17:50:23;armaduras;Sapatos de Espreitador;T7;.3;T7_SHOES_LEATHER_MORGANA@3;Thetford;3999999;;166752;;;2026-05-11T23:10:00;0001-01-01T00:00:00;2026-05-12T15:15:00;;;;;;3999999
12/05/2026 17:50:23;armaduras;Sapatos de Espreitador;T8;.0;T8_SHOES_LEATHER_MORGANA;Fort Sterling;426554;;371065;;;2026-05-12T01:35:00;0001-01-01T00:00:00;2026-05-12T15:15:00;;;426554;;;
12/05/2026 17:50:23;armaduras;Sapatos de Espreitador;T8;.1;T8_SHOES_LEATHER_MORGANA@1;;;;62524;;;;0001-01-01T00:00:00;2026-05-12T15:15:00;;;;;;
12/05/2026 17:50:23;armaduras;Sapatos de Espreitador;T8;.2;T8_SHOES_LEATHER_MORGANA@2;;;;1481844;;;;0001-01-01T00:00:00;2026-05-12T15:15:00;;;;;;
12/05/2026 17:50:23;armaduras;Sapatos de Espreitador;T8;.3;T8_SHOES_LEATHER_MORGANA@3;;;;1500624;;;;0001-01-01T00:00:00;2026-05-12T15:15:00;;;;;;
12/05/2026 17:50:23;armaduras;Sapatos de Mercenário;T5;.0;T5_SHOES_LEATHER_SET1;Thetford;4000;8289;6952;4289;107,22;2026-05-12T14:00:00;2026-05-12T11:55:00;2026-05-12T11:55:00;;12994;;4984;;4000
12/05/2026 17:50:23;armaduras;Sapatos de Mercenário;T5;.1;T5_SHOES_LEATHER_SET1@1;Lymhurst;9995;;11060;;;2026-05-12T00:20:00;0001-01-01T00:00:00;2026-05-12T04:20:00;;17016;;9995;;13947
12/05/2026 17:50:23;armaduras;Sapatos de Mercenário;T5;.2;T5_SHOES_LEATHER_SET1@2;Lymhurst;39000;;20856;;;2026-05-12T00:20:00;0001-01-01T00:00:00;2026-05-12T04:20:00;;79988;;39000;;
12/05/2026 17:50:23;armaduras;Sapatos de Mercenário;T5;.3;T5_SHOES_LEATHER_SET1@3;Lymhurst;145000;;50520;;;2026-05-12T20:15:00;0001-01-01T00:00:00;2026-05-12T15:15:00;;;;145000;;1899970
12/05/2026 17:50:23;armaduras;Sapatos de Mercenário;T6;.0;T6_SHOES_LEATHER_SET1;Lymhurst;19972;;12008;;;2026-05-12T00:40:00;0001-01-01T00:00:00;2026-05-12T01:35:00;20300;43949;;19972;;
12/05/2026 17:50:23;armaduras;Sapatos de Mercenário;T6;.1;T6_SHOES_LEATHER_SET1@1;Lymhurst;37975;;25280;;;2026-05-12T00:20:00;0001-01-01T00:00:00;2026-05-12T15:40:00;45980;;;37975;;
12/05/2026 17:50:23;armaduras;Sapatos de Mercenário;T6;.2;T6_SHOES_LEATHER_SET1@2;Bridgewatch;158358;;161664;;;2026-05-12T17:55:00;0001-01-01T00:00:00;2026-05-12T15:40:00;158358;199999;;;;
12/05/2026 17:50:23;armaduras;Sapatos de Mercenário;T6;.3;T6_SHOES_LEATHER_SET1@3;Lymhurst;379992;;287964;;;2026-05-11T21:40:00;0001-01-01T00:00:00;2026-05-12T15:15:00;;;;379992;;
12/05/2026 17:50:23;armaduras;Sapatos de Mercenário;T7;.0;T7_SHOES_LEATHER_SET1;Fort Sterling;56091;;59408;;;2026-05-12T18:55:00;0001-01-01T00:00:00;2026-05-12T15:15:00;73389;98872;56091;;;
12/05/2026 17:50:23;armaduras;Sapatos de Mercenário;T7;.1;T7_SHOES_LEATHER_SET1@1;;;164102;162927;;;;2026-05-11T21:00:00;2026-05-12T15:15:00;;;;;;
12/05/2026 17:50:23;armaduras;Sapatos de Mercenário;T7;.2;T7_SHOES_LEATHER_SET1@2;;;;181872;;;;0001-01-01T00:00:00;2026-05-12T15:15:00;;;;;;
12/05/2026 17:50:23;armaduras;Sapatos de Mercenário;T7;.3;T7_SHOES_LEATHER_SET1@3;;;;626572;;;;0001-01-01T00:00:00;2026-05-12T15:15:00;;;;;;
12/05/2026 17:50:23;armaduras;Sapatos de Mercenário;T8;.0;T8_SHOES_LEATHER_SET1;Fort Sterling;132995;167938;97251;34943;26,27;2026-05-11T23:50:00;2026-05-12T09:10:00;2026-05-12T15:15:00;;;132995;;;140500
12/05/2026 17:50:23;armaduras;Sapatos de Mercenário;T8;.1;T8_SHOES_LEATHER_SET1@1;;;;305646;;;;0001-01-01T00:00:00;2026-05-12T15:15:00;;;;;;
12/05/2026 17:50:23;armaduras;Sapatos de Mercenário;T8;.2;T8_SHOES_LEATHER_SET1@2;Lymhurst;1100000;;798374;;;2026-05-12T17:20:00;0001-01-01T00:00:00;2026-05-12T15:15:00;;;;1100000;;
12/05/2026 17:50:23;armaduras;Sapatos de Mercenário;T8;.3;T8_SHOES_LEATHER_SET1@3;;;;3193496;;;;0001-01-01T00:00:00;2026-05-12T15:30:00;;;;;;
12/05/2026 17:50:23;armas;Adaga do;T5;.0;T5_MAIN_DAGGER;Caerleon;24998;;3792;;;2026-05-12T15:05:00;0001-01-01T00:00:00;2026-05-12T15:25:00;;24998;;;;
12/05/2026 17:50:23;armas;Adaga do;T5;.1;T5_MAIN_DAGGER@1;Caerleon;47995;;39774;;;2026-05-12T15:05:00;0001-01-01T00:00:00;2026-05-12T15:25:00;;47995;;;;
12/05/2026 17:50:23;armas;Adaga do;T5;.2;T5_MAIN_DAGGER@2;Caerleon;199999;;7580;;;2026-05-12T15:20:00;0001-01-01T00:00:00;2026-05-12T15:40:00;;199999;;;;
12/05/2026 17:50:23;armas;Adaga do;T5;.3;T5_MAIN_DAGGER@3;;;;428270;;;;0001-01-01T00:00:00;2026-05-12T15:25:00;;;;;;
12/05/2026 17:50:23;armas;Adaga do;T6;.0;T6_MAIN_DAGGER;Lymhurst;39989;;4735;;;2026-05-12T01:45:00;0001-01-01T00:00:00;2026-05-12T16:05:00;;99998;39991;39989;;
12/05/2026 17:50:23;armas;Adaga do;T6;.1;T6_MAIN_DAGGER@1;Fort Sterling;110992;;72010;;;2026-05-12T03:10:00;0001-01-01T00:00:00;2026-05-12T16:05:00;;194774;110992;;;
12/05/2026 17:50:23;armas;Adaga do;T6;.2;T6_MAIN_DAGGER@2;Fort Sterling;379993;;329730;;;2026-05-12T15:25:00;0001-01-01T00:00:00;2026-05-12T16:05:00;;;379993;;;
12/05/2026 17:50:23;armas;Adaga do;T6;.3;T6_MAIN_DAGGER@3;;;;98527;;;;0001-01-01T00:00:00;2026-05-12T16:05:00;;;;;;
12/05/2026 17:50:23;armas;Adaga do;T7;.0;T7_MAIN_DAGGER;Lymhurst;134998;;161075;;;2026-05-12T01:45:00;0001-01-01T00:00:00;2026-05-12T16:05:00;;200000;156997;134998;;
12/05/2026 17:50:23;armas;Adaga do;T7;.1;T7_MAIN_DAGGER@1;Fort Sterling;430000;;189500;;;2026-05-12T15:15:00;0001-01-01T00:00:00;2026-05-12T16:05:00;;;430000;;;
12/05/2026 17:50:23;armas;Adaga do;T7;.2;T7_MAIN_DAGGER@2;Fort Sterling;1199998;;22737;;;2026-05-12T15:15:00;0001-01-01T00:00:00;2026-05-12T16:05:00;;;1199998;;;
12/05/2026 17:50:23;armas;Adaga do;T7;.3;T7_MAIN_DAGGER@3;Lymhurst;4149968;;2970968;;;2026-05-12T18:15:00;0001-01-01T00:00:00;2026-05-12T16:00:00;;;;4149968;;
12/05/2026 17:50:23;armas;Adaga do;T8;.0;T8_MAIN_DAGGER;Lymhurst;369999;;162970;;;2026-05-12T01:45:00;0001-01-01T00:00:00;2026-05-12T16:05:00;;;379994;369999;;399989
12/05/2026 17:50:23;armas;Adaga do;T8;.1;T8_MAIN_DAGGER@1;Fort Sterling;1099986;;560846;;;2026-05-12T15:15:00;0001-01-01T00:00:00;2026-05-12T16:05:00;;;1099986;;;
12/05/2026 17:50:23;armas;Adaga do;T8;.2;T8_MAIN_DAGGER@2;Fort Sterling;3999992;;1697696;;;2026-05-12T15:15:00;0001-01-01T00:00:00;2026-05-12T16:00:00;;;3999992;;;
12/05/2026 17:50:23;armas;Adaga do;T8;.3;T8_MAIN_DAGGER@3;;;;5032622;;;;0001-01-01T00:00:00;2026-05-12T16:00:00;;;;;;
12/05/2026 17:50:23;armas;Alabarda;T5;.0;T5_2H_HALBERD;Bridgewatch;14976;33590;17064;18614;124,29;2026-05-12T11:40:00;2026-05-12T17:40:00;2026-05-12T17:40:00;14976;22890;;;;
12/05/2026 17:50:23;armas;Alabarda;T5;.1;T5_2H_HALBERD@1;Bridgewatch;22997;;27786;;;2026-05-12T11:40:00;0001-01-01T00:00:00;2026-05-12T15:25:00;22997;29995;;;;
12/05/2026 17:50:23;armas;Alabarda;T5;.2;T5_2H_HALBERD@2;Bridgewatch;96992;;111144;;;2026-05-12T11:40:00;0001-01-01T00:00:00;2026-05-12T15:25:00;96992;;;;;
12/05/2026 17:50:23;armas;Alabarda;T5;.3;T5_2H_HALBERD@3;;;;25265;;;;0001-01-01T00:00:00;2026-05-12T15:25:00;;;;;;
12/05/2026 17:50:23;armas;Alabarda;T6;.0;T6_2H_HALBERD;Bridgewatch;35984;52174;5052;16190;44,99;2026-05-12T04:10:00;2026-05-12T17:40:00;2026-05-12T17:40:00;35984;44963;124992;39780;;
12/05/2026 17:50:23;armas;Alabarda;T6;.1;T6_2H_HALBERD@1;Bridgewatch;73959;109185;20208;35226;47,63;2026-05-12T15:25:00;2026-05-12T16:25:00;2026-05-12T16:05:00;73959;115998;87986;;;
12/05/2026 17:50:23;armas;Alabarda;T6;.2;T6_2H_HALBERD@2;Fort Sterling;399999;;464876;;;2026-05-12T15:25:00;0001-01-01T00:00:00;2026-05-12T16:05:00;;;399999;;;
12/05/2026 17:50:23;armas;Alabarda;T6;.3;T6_2H_HALBERD@3;Fort Sterling;1350000;;1172296;;;2026-05-12T15:25:00;0001-01-01T00:00:00;2026-05-12T16:05:00;;;1350000;;;
12/05/2026 17:50:23;armas;Alabarda;T7;.0;T7_2H_HALBERD;Fort Sterling;129999;188000;171768;58001;44,62;2026-05-12T15:50:00;2026-05-12T17:40:00;2026-05-12T17:40:00;;199996;129999;133995;;
12/05/2026 17:50:23;armas;Alabarda;T7;.1;T7_2H_HALBERD@1;Fort Sterling;380881;;202120;;;2026-05-12T15:15:00;0001-01-01T00:00:00;2026-05-12T16:05:00;;871227;380881;;;
12/05/2026 17:50:23;armas;Alabarda;T7;.2;T7_2H_HALBERD@2;Fort Sterling;1399410;;293074;;;2026-05-12T15:15:00;0001-01-01T00:00:00;2026-05-12T16:05:00;;;1399410;;;
12/05/2026 17:50:23;armas;Alabarda;T7;.3;T7_2H_HALBERD@3;Fort Sterling;5819998;;4203888;;;2026-05-12T15:15:00;0001-01-01T00:00:00;2026-05-12T16:00:00;;;5819998;;;
12/05/2026 17:50:23;armas;Alabarda;T8;.0;T8_2H_HALBERD;Lymhurst;364968;499959;262756;134991;36,99;2026-05-12T01:45:00;2026-05-12T17:40:00;2026-05-12T17:40:00;;449900;365797;364968;;
12/05/2026 17:50:23;armas;Alabarda;T8;.1;T8_2H_HALBERD@1;Fort Sterling;1458994;;10106;;;2026-05-12T15:15:00;0001-01-01T00:00:00;2026-05-12T16:05:00;;;1458994;;;
12/05/2026 17:50:23;armas;Alabarda;T8;.2;T8_2H_HALBERD@2;;;;2324265;;;;0001-01-01T00:00:00;2026-05-12T16:05:00;;;;;;
12/05/2026 17:50:23;armas;Alabarda;T8;.3;T8_2H_HALBERD@3;;;;8003754;;;;0001-01-01T00:00:00;2026-05-12T16:00:00;;;;;;
12/05/2026 17:50:23;armas;Archa;T5;.0;T5_2H_GLAIVE;;;28998;10744;;;;2026-05-12T02:05:00;2026-05-12T15:25:00;;;;;;
12/05/2026 17:50:23;armas;Archa;T5;.1;T5_2H_GLAIVE@1;Bridgewatch;21980;;16419;;;2026-05-11T20:50:00;0001-01-01T00:00:00;2026-05-12T15:25:00;21980;60989;;;;
12/05/2026 17:50:23;armas;Archa;T5;.2;T5_2H_GLAIVE@2;;;;101040;;;;0001-01-01T00:00:00;2026-05-12T15:25:00;;;;;;
12/05/2026 17:50:23;armas;Archa;T5;.3;T5_2H_GLAIVE@3;;;;429505;;;;0001-01-01T00:00:00;2026-05-12T15:25:00;;;;;;
12/05/2026 17:50:23;armas;Archa;T6;.0;T6_2H_GLAIVE;Fort Sterling;64983;69492;56835;4509;6,94;2026-05-12T15:20:00;2026-05-12T15:20:00;2026-05-12T16:05:00;;;64983;;;
12/05/2026 17:50:23;armas;Archa;T6;.1;T6_2H_GLAIVE@1;Fort Sterling;104996;;93462;;;2026-05-12T15:25:00;0001-01-01T00:00:00;2026-05-12T16:05:00;;138995;104996;;;
12/05/2026 17:50:23;armas;Archa;T6;.2;T6_2H_GLAIVE@2;Fort Sterling;469997;;641731;;;2026-05-12T15:25:00;0001-01-01T00:00:00;2026-05-12T16:05:00;;;469997;;;
12/05/2026 17:50:23;armas;Archa;T6;.3;T6_2H_GLAIVE@3;Fort Sterling;1449874;;535618;;;2026-05-12T15:25:00;0001-01-01T00:00:00;2026-05-12T16:05:00;;;1449874;;;
12/05/2026 17:50:23;armas;Archa;T7;.0;T7_2H_GLAIVE;Lymhurst;125978;;80832;;;2026-05-12T01:50:00;0001-01-01T00:00:00;2026-05-12T16:05:00;;290000;172738;125978;;
12/05/2026 17:50:23;armas;Archa;T7;.1;T7_2H_GLAIVE@1;Fort Sterling;398888;;35371;;;2026-05-12T15:15:00;0001-01-01T00:00:00;2026-05-12T16:05:00;;;398888;;;
12/05/2026 17:50:23;armas;Archa;T7;.2;T7_2H_GLAIVE@2;Fort Sterling;1799979;;636678;;;2026-05-12T15:15:00;0001-01-01T00:00:00;2026-05-12T16:05:00;;;1799979;;;
12/05/2026 17:50:23;armas;Archa;T7;.3;T7_2H_GLAIVE@3;Fort Sterling;9899999;;2485953;;;2026-05-12T15:15:00;0001-01-01T00:00:00;2026-05-12T16:05:00;;;9899999;;;
12/05/2026 17:50:23;armas;Archa;T8;.0;T8_2H_GLAIVE;Lymhurst;539965;;384028;;;2026-05-12T01:50:00;0001-01-01T00:00:00;2026-05-12T16:05:00;;1099995;545553;539965;;
12/05/2026 17:50:23;armas;Archa;T8;.1;T8_2H_GLAIVE@1;Fort Sterling;1300000;;232438;;;2026-05-12T15:15:00;0001-01-01T00:00:00;2026-05-12T16:05:00;;;1300000;;;
12/05/2026 17:50:23;armas;Archa;T8;.2;T8_2H_GLAIVE@2;Lymhurst;6323940;5999959;1394559;-323981;-5,12;2026-05-12T02:10:00;2026-05-12T00:55:00;2026-05-12T16:00:00;;;;6323940;;
12/05/2026 17:50:23;armas;Archa;T8;.3;T8_2H_GLAIVE@3;;;;9822789;;;;0001-01-01T00:00:00;2026-05-12T16:05:00;;;;;;
12/05/2026 17:50:23;armas;Arco de Guerra;T5;.0;T5_2H_WARBOW;Lymhurst;8500;15997;1896;7497;88,20;2026-05-12T01:50:00;2026-05-12T15:05:00;2026-05-12T15:10:00;;13992;;8500;;
12/05/2026 17:50:23;armas;Arco de Guerra;T5;.1;T5_2H_WARBOW@1;Bridgewatch;20979;25482;17682;4503;21,46;2026-05-12T15:25:00;2026-05-12T00:30:00;2026-05-12T15:10:00;20979;44957;;20999;;
12/05/2026 17:50:23;armas;Arco de Guerra;T5;.2;T5_2H_WARBOW@2;Lymhurst;83000;;101040;;;2026-05-12T01:50:00;0001-01-01T00:00:00;2026-05-12T15:25:00;;199895;;83000;;
12/05/2026 17:50:23;armas;Arco de Guerra;T5;.3;T5_2H_WARBOW@3;Caerleon;699998;;378975;;;2026-05-12T17:40:00;0001-01-01T00:00:00;2026-05-12T15:20:00;;699998;;;;
12/05/2026 17:50:23;armas;Arco de Guerra;T6;.0;T6_2H_WARBOW;Fort Sterling;26981;50387;8841;23406;86,75;2026-05-12T15:40:00;2026-05-12T05:35:00;2026-05-12T16:05:00;;44085;26981;;;
12/05/2026 17:50:23;armas;Arco de Guerra;T6;.1;T6_2H_WARBOW@1;Martlock;65000;;32838;;;2026-05-12T19:20:00;0001-01-01T00:00:00;2026-05-12T16:05:00;69473;119999;72932;;65000;
12/05/2026 17:50:23;armas;Arco de Guerra;T6;.2;T6_2H_WARBOW@2;Fort Sterling;299999;;116219;;;2026-05-12T15:25:00;0001-01-01T00:00:00;2026-05-12T16:05:00;;649980;299999;;;
12/05/2026 17:50:23;armas;Arco de Guerra;T6;.3;T6_2H_WARBOW@3;Lymhurst;1300000;;80848;;;2026-05-12T02:25:00;0001-01-01T00:00:00;2026-05-12T16:05:00;;;1349999;1300000;;
12/05/2026 17:50:23;armas;Arco de Guerra;T7;.0;T7_2H_WARBOW;Fort Sterling;133887;;136404;;;2026-05-12T15:50:00;0001-01-01T00:00:00;2026-05-12T16:00:00;;224999;133887;;;
12/05/2026 17:50:23;armas;Arco de Guerra;T7;.1;T7_2H_WARBOW@1;Fort Sterling;368969;;35371;;;2026-05-12T15:15:00;0001-01-01T00:00:00;2026-05-12T16:05:00;;533327;368969;;;
12/05/2026 17:50:23;armas;Arco de Guerra;T7;.2;T7_2H_WARBOW@2;Fort Sterling;1299959;;778162;;;2026-05-12T15:15:00;0001-01-01T00:00:00;2026-05-12T16:00:00;;;1299959;1379996;;
12/05/2026 17:50:23;armas;Arco de Guerra;T7;.3;T7_2H_WARBOW@3;;;;1818990;;;;0001-01-01T00:00:00;2026-05-12T16:05:00;;;;;;
12/05/2026 17:50:23;armas;Arco de Guerra;T8;.0;T8_2H_WARBOW;Fort Sterling;457981;;530565;;;2026-05-12T15:40:00;0001-01-01T00:00:00;2026-05-12T16:05:00;;;457981;;;
12/05/2026 17:50:23;armas;Arco de Guerra;T8;.1;T8_2H_WARBOW@1;Fort Sterling;1000000;;666996;;;2026-05-12T15:15:00;0001-01-01T00:00:00;2026-05-12T16:05:00;;;1000000;1099980;;
12/05/2026 17:50:23;armas;Arco de Guerra;T8;.2;T8_2H_WARBOW@2;;;;970128;;;;0001-01-01T00:00:00;2026-05-12T16:00:00;;;;;;
12/05/2026 17:50:23;armas;Arco de Guerra;T8;.3;T8_2H_WARBOW@3;Lymhurst;10000000;;7842062;;;2026-05-12T18:00:00;0001-01-01T00:00:00;2026-05-12T16:05:00;;;;10000000;;
12/05/2026 17:50:23;armas;Arco do;T5;.0;T5_2H_BOW;Bridgewatch;7000;14492;13904;7492;107,03;2026-05-12T15:25:00;2026-05-12T11:55:00;2026-05-12T15:10:00;7000;13858;;;;7868
12/05/2026 17:50:23;armas;Arco do;T5;.1;T5_2H_BOW@1;Bridgewatch;19999;26084;21471;6085;30,43;2026-05-12T15:25:00;2026-05-12T02:15:00;2026-05-12T15:10:00;19999;27990;;;;
12/05/2026 17:50:23;armas;Arco do;T5;.2;T5_2H_BOW@2;Caerleon;129999;;65676;;;2026-05-12T15:05:00;0001-01-01T00:00:00;2026-05-12T15:20:00;;129999;;;;
12/05/2026 17:50:23;armas;Arco do;T5;.3;T5_2H_BOW@3;;;;434558;;;;0001-01-01T00:00:00;2026-05-12T15:20:00;;;;;;
12/05/2026 17:50:23;armas;Arco do;T6;.0;T6_2H_BOW;Fort Sterling;24928;51916;12630;26988;108,26;2026-05-12T15:40:00;2026-05-12T05:35:00;2026-05-12T16:05:00;;45899;24928;;;
12/05/2026 17:50:23;armas;Arco do;T6;.1;T6_2H_BOW@1;Bridgewatch;67000;;30312;;;2026-05-12T15:25:00;0001-01-01T00:00:00;2026-05-12T16:05:00;67000;117997;72984;;;
12/05/2026 17:50:23;armas;Arco do;T6;.2;T6_2H_BOW@2;Fort Sterling;349991;530910;318339;180919;51,69;2026-05-12T15:25:00;2026-05-12T00:55:00;2026-05-12T16:05:00;;;349991;;;
12/05/2026 17:50:23;armas;Arco do;T6;.3;T6_2H_BOW@3;Fort Sterling;1399999;;919646;;;2026-05-12T15:25:00;0001-01-01T00:00:00;2026-05-12T16:05:00;;;1399999;;;
12/05/2026 17:50:23;armas;Arco do;T7;.0;T7_2H_BOW;Lymhurst;119978;;88410;;;2026-05-12T01:45:00;0001-01-01T00:00:00;2026-05-12T16:05:00;;194996;;119978;;
12/05/2026 17:50:23;armas;Arco do;T7;.1;T7_2H_BOW@1;Fort Sterling;344976;;126325;;;2026-05-12T15:15:00;0001-01-01T00:00:00;2026-05-12T16:05:00;;;344976;;;
12/05/2026 17:50:23;armas;Arco do;T7;.2;T7_2H_BOW@2;Lymhurst;1499993;;525512;;;2026-05-12T02:25:00;0001-01-01T00:00:00;2026-05-12T16:00:00;;;;1499993;;
12/05/2026 17:50:23;armas;Arco do;T7;.3;T7_2H_BOW@3;Fort Sterling;5550000;5749995;3658191;199995;3,60;2026-05-12T15:15:00;2026-05-12T13:35:00;2026-05-12T16:00:00;;;5550000;5955555;;
12/05/2026 17:50:23;armas;Arco do;T8;.0;T8_2H_BOW;Fort Sterling;469994;;55583;;;2026-05-12T15:40:00;0001-01-01T00:00:00;2026-05-12T16:05:00;;;469994;;;
12/05/2026 17:50:23;armas;Arco do;T8;.1;T8_2H_BOW@1;Lymhurst;1039997;;1152084;;;2026-05-12T02:25:00;0001-01-01T00:00:00;2026-05-12T16:05:00;;;1100000;1039997;;
12/05/2026 17:50:23;armas;Arco do;T8;.2;T8_2H_BOW@2;Fort Sterling;4599000;;2890173;;;2026-05-12T15:15:00;0001-01-01T00:00:00;2026-05-12T16:00:00;;7000000;4599000;5199998;;
12/05/2026 17:50:23;armas;Arco do;T8;.3;T8_2H_BOW@3;Lymhurst;15899996;;10469557;;;2026-05-12T18:00:00;0001-01-01T00:00:00;2026-05-12T16:00:00;;;;15899996;;
12/05/2026 17:50:23;armas;Arco longo;T5;.0;T5_2H_LONGBOW;Caerleon;15400;;3160;;;2026-05-12T15:05:00;0001-01-01T00:00:00;2026-05-12T15:10:00;;15400;;;;
12/05/2026 17:50:23;armas;Arco longo;T5;.1;T5_2H_LONGBOW@1;Fort Sterling;14989;;6315;;;2026-05-12T07:00:00;0001-01-01T00:00:00;2026-05-12T09:25:00;18762;23850;14989;;21483;
12/05/2026 17:50:23;armas;Arco longo;T5;.2;T5_2H_LONGBOW@2;Thetford;101400;;90936;;;2026-05-12T15:25:00;0001-01-01T00:00:00;2026-05-12T15:25:00;;;;;;101400
12/05/2026 17:50:23;armas;Arco longo;T5;.3;T5_2H_LONGBOW@3;Lymhurst;348978;;131378;;;2026-05-12T18:05:00;0001-01-01T00:00:00;2026-05-12T15:20:00;;;;348978;;
12/05/2026 17:50:23;armas;Arco longo;T6;.0;T6_2H_LONGBOW;Lymhurst;22998;31978;1263;8980;39,05;2026-05-12T02:25:00;2026-05-12T15:50:00;2026-05-12T16:05:00;29917;38198;25974;22998;;
12/05/2026 17:50:23;armas;Arco longo;T6;.1;T6_2H_LONGBOW@1;Fort Sterling;79799;85900;78306;6101;7,65;2026-05-12T15:25:00;2026-05-12T03:10:00;2026-05-12T16:05:00;92203;109592;79799;;88664;
12/05/2026 17:50:23;armas;Arco longo;T6;.2;T6_2H_LONGBOW@2;Fort Sterling;353995;;242544;;;2026-05-12T15:25:00;0001-01-01T00:00:00;2026-05-12T16:05:00;395971;630971;353995;;;
12/05/2026 17:50:23;armas;Arco longo;T6;.3;T6_2H_LONGBOW@3;Lymhurst;1399973;;656890;;;2026-05-12T02:25:00;0001-01-01T00:00:00;2026-05-12T16:05:00;;;;1399973;;
12/05/2026 17:50:23;armas;Arco longo;T7;.0;T7_2H_LONGBOW;Fort Sterling;119992;;128826;;;2026-05-12T15:50:00;0001-01-01T00:00:00;2026-05-12T16:05:00;132769;164997;119992;;;
12/05/2026 17:50:23;armas;Arco longo;T7;.1;T7_2H_LONGBOW@1;Fort Sterling;359980;;25265;;;2026-05-12T15:15:00;0001-01-01T00:00:00;2026-05-12T16:05:00;;499999;359980;;;
12/05/2026 17:50:23;armas;Arco longo;T7;.2;T7_2H_LONGBOW@2;;;;535618;;;;0001-01-01T00:00:00;2026-05-12T16:05:00;;;;;;
12/05/2026 17:50:23;armas;Arco longo;T7;.3;T7_2H_LONGBOW@3;Fort Sterling;5299983;;1374348;;;2026-05-12T15:15:00;0001-01-01T00:00:00;2026-05-12T16:00:00;;;5299983;;;
12/05/2026 17:50:23;armas;Arco longo;T8;.0;T8_2H_LONGBOW;Lymhurst;440897;;474982;;;2026-05-12T18:00:00;0001-01-01T00:00:00;2026-05-12T16:05:00;;625996;;440897;;
12/05/2026 17:50:23;armas;Arco longo;T8;.1;T8_2H_LONGBOW@1;Fort Sterling;1300000;;1051024;;;2026-05-12T15:15:00;0001-01-01T00:00:00;2026-05-12T16:05:00;;;1300000;;;
12/05/2026 17:50:23;armas;Arco longo;T8;.2;T8_2H_LONGBOW@2;;;;4810218;;;;0001-01-01T00:00:00;2026-05-12T19:05:00;;;;;;
12/05/2026 17:50:23;armas;Arco longo;T8;.3;T8_2H_LONGBOW@3;;;;242538;;;;0001-01-01T00:00:00;2026-05-12T16:00:00;;;;;;
12/05/2026 17:50:23;armas;Besta Leve;T5;.0;T5_MAIN_1HCROSSBOW;Martlock;10974;19989;18012;9015;82,15;2026-05-11T21:15:00;2026-05-12T15:05:00;2026-05-12T15:20:00;;18720;;;10974;13778
12/05/2026 17:50:23;armas;Besta Leve;T5;.1;T5_MAIN_1HCROSSBOW@1;Martlock;28984;;25569;;;2026-05-11T21:20:00;0001-01-01T00:00:00;2026-05-12T15:10:00;;60000;;;28984;
12/05/2026 17:50:23;armas;Besta Leve;T5;.2;T5_MAIN_1HCROSSBOW@2;Martlock;79991;;53060;;;2026-05-11T21:20:00;0001-01-01T00:00:00;2026-05-12T15:25:00;;;;;79991;
12/05/2026 17:50:23;armas;Besta Leve;T5;.3;T5_MAIN_1HCROSSBOW@3;;;;128860;;;;0001-01-01T00:00:00;2026-05-12T15:20:00;;;;;;
12/05/2026 17:50:23;armas;Besta Leve;T6;.0;T6_MAIN_1HCROSSBOW;Lymhurst;36000;;17046;;;2026-05-12T01:45:00;0001-01-01T00:00:00;2026-05-12T16:05:00;;52464;37957;36000;;
12/05/2026 17:50:23;armas;Besta Leve;T6;.1;T6_MAIN_1HCROSSBOW@1;Fort Sterling;89991;;20845;;;2026-05-12T15:25:00;0001-01-01T00:00:00;2026-05-12T16:05:00;;169417;89991;;;92970
12/05/2026 17:50:23;armas;Besta Leve;T6;.2;T6_MAIN_1HCROSSBOW@2;Martlock;360943;;284250;;;2026-05-11T23:40:00;0001-01-01T00:00:00;2026-05-12T16:05:00;;539999;;;360943;
12/05/2026 17:50:23;armas;Besta Leve;T6;.3;T6_MAIN_1HCROSSBOW@3;Fort Sterling;999997;;1053481;;;2026-05-12T15:25:00;0001-01-01T00:00:00;2026-05-12T16:05:00;;;999997;;;
12/05/2026 17:50:23;armas;Besta Leve;T7;.0;T7_MAIN_1HCROSSBOW;Fort Sterling;120989;;132650;;;2026-05-12T15:50:00;0001-01-01T00:00:00;2026-05-12T16:05:00;;144986;120989;129838;;
12/05/2026 17:50:23;armas;Besta Leve;T7;.1;T7_MAIN_1HCROSSBOW@1;Bridgewatch;343991;;147810;;;2026-05-12T18:55:00;0001-01-01T00:00:00;2026-05-12T16:05:00;343991;489999;351996;;;
12/05/2026 17:50:23;armas;Besta Leve;T7;.2;T7_MAIN_1HCROSSBOW@2;;;;447161;;;;0001-01-01T00:00:00;2026-05-12T16:05:00;;;;;;
12/05/2026 17:50:23;armas;Besta Leve;T7;.3;T7_MAIN_1HCROSSBOW@3;;;;1925066;;;;0001-01-01T00:00:00;2026-05-12T16:00:00;;;;;;
12/05/2026 17:50:23;armas;Besta Leve;T8;.0;T8_MAIN_1HCROSSBOW;Fort Sterling;417776;;94750;;;2026-05-12T15:40:00;0001-01-01T00:00:00;2026-05-12T16:05:00;;499985;417776;419967;;
12/05/2026 17:50:23;armas;Besta Leve;T8;.1;T8_MAIN_1HCROSSBOW@1;Fort Sterling;1299986;;651794;;;2026-05-12T15:15:00;0001-01-01T00:00:00;2026-05-12T16:05:00;;;1299986;;;
12/05/2026 17:50:23;armas;Besta Leve;T8;.2;T8_MAIN_1HCROSSBOW@2;Fort Sterling;4444443;;1364220;;;2026-05-12T15:15:00;0001-01-01T00:00:00;2026-05-12T16:05:00;;;4444443;;;
12/05/2026 17:50:23;armas;Besta Leve;T8;.3;T8_MAIN_1HCROSSBOW@3;;;;60634;;;;0001-01-01T00:00:00;2026-05-12T16:00:00;;;;;;
12/05/2026 17:50:23;armas;Besta Pesada;T5;.0;T5_2H_CROSSBOWLARGE;Caerleon;22027;;29704;;;2026-05-12T15:05:00;0001-01-01T00:00:00;2026-05-12T15:20:00;;22027;;;;25000
12/05/2026 17:50:23;armas;Besta Pesada;T5;.1;T5_2H_CROSSBOWLARGE@1;Bridgewatch;33892;;40416;;;2026-05-12T04:45:00;0001-01-01T00:00:00;2026-05-12T15:25:00;33892;65000;36999;;;35894
12/05/2026 17:50:23;armas;Besta Pesada;T5;.2;T5_2H_CROSSBOWLARGE@2;Thetford;89000;;111144;;;2026-05-11T20:50:00;0001-01-01T00:00:00;2026-05-12T15:20:00;;250000;;;;89000
12/05/2026 17:50:23;armas;Besta Pesada;T5;.3;T5_2H_CROSSBOWLARGE@3;Caerleon;652997;;131378;;;2026-05-12T17:40:00;0001-01-01T00:00:00;2026-05-12T15:20:00;;652997;;;;
12/05/2026 17:50:23;armas;Besta Pesada;T6;.0;T6_2H_CROSSBOWLARGE;Lymhurst;45637;;49257;;;2026-05-12T13:15:00;0001-01-01T00:00:00;2026-05-12T16:05:00;;99989;54982;45637;;49979
12/05/2026 17:50:23;armas;Besta Pesada;T6;.1;T6_2H_CROSSBOWLARGE@1;Thetford;113884;143976;2526;30092;26,42;2026-05-11T20:50:00;2026-05-12T04:45:00;2026-05-12T16:05:00;;149845;114982;;;113884
12/05/2026 17:50:23;armas;Besta Pesada;T6;.2;T6_2H_CROSSBOWLARGE@2;Fort Sterling;439994;;368869;;;2026-05-12T15:25:00;0001-01-01T00:00:00;2026-05-12T16:05:00;;;439994;;;
12/05/2026 17:50:23;armas;Besta Pesada;T6;.3;T6_2H_CROSSBOWLARGE@3;Fort Sterling;1477698;;1253144;;;2026-05-12T15:25:00;0001-01-01T00:00:00;2026-05-12T16:00:00;;;1477698;;;
12/05/2026 17:50:23;armas;Besta Pesada;T7;.0;T7_2H_CROSSBOWLARGE;Bridgewatch;150997;;133878;;;2026-05-12T04:45:00;0001-01-01T00:00:00;2026-05-12T16:05:00;150997;;164996;;;
12/05/2026 17:50:23;armas;Besta Pesada;T7;.1;T7_2H_CROSSBOWLARGE@1;Fort Sterling;450000;;282968;;;2026-05-12T15:15:00;0001-01-01T00:00:00;2026-05-12T16:05:00;;;450000;;;
12/05/2026 17:50:23;armas;Besta Pesada;T7;.2;T7_2H_CROSSBOWLARGE@2;Fort Sterling;1499968;;1475476;;;2026-05-12T15:15:00;0001-01-01T00:00:00;2026-05-12T16:05:00;;;1499968;;;
12/05/2026 17:50:23;armas;Besta Pesada;T7;.3;T7_2H_CROSSBOWLARGE@3;;;;3051861;;;;0001-01-01T00:00:00;2026-05-12T16:00:00;;;;;;
12/05/2026 17:50:23;armas;Besta Pesada;T8;.0;T8_2H_CROSSBOWLARGE;Thetford;524995;;399187;;;2026-05-11T20:50:00;0001-01-01T00:00:00;2026-05-12T16:05:00;;;538993;539990;;524995
12/05/2026 17:50:23;armas;Besta Pesada;T8;.1;T8_2H_CROSSBOWLARGE@1;Fort Sterling;1545548;;899434;;;2026-05-12T15:15:00;0001-01-01T00:00:00;2026-05-12T16:05:00;;;1545548;1599988;;
12/05/2026 17:50:23;armas;Besta Pesada;T8;.2;T8_2H_CROSSBOWLARGE@2;Fort Sterling;4399976;;2000889;;;2026-05-12T15:15:00;0001-01-01T00:00:00;2026-05-12T16:00:00;;;4399976;;;4999997
12/05/2026 17:50:23;armas;Besta Pesada;T8;.3;T8_2H_CROSSBOWLARGE@3;;;;10509980;;;;0001-01-01T00:00:00;2026-05-12T16:05:00;;;;;;
12/05/2026 17:50:23;armas;Besta do;T5;.0;T5_2H_CROSSBOW;Caerleon;19994;;9480;;;2026-05-12T15:05:00;0001-01-01T00:00:00;2026-05-12T15:25:00;;19994;;;;
12/05/2026 17:50:23;armas;Besta do;T5;.1;T5_2H_CROSSBOW@1;Lymhurst;27991;;16419;;;2026-05-12T20:50:00;0001-01-01T00:00:00;2026-05-12T15:20:00;;57495;;27991;;
12/05/2026 17:50:23;armas;Besta do;T5;.2;T5_2H_CROSSBOW@2;Fort Sterling;104997;;78306;;;2026-05-12T03:00:00;0001-01-01T00:00:00;2026-05-12T15:25:00;;239998;104997;;;
12/05/2026 17:50:23;armas;Besta do;T5;.3;T5_2H_CROSSBOW@3;Fort Sterling;426499;;591201;;;2026-05-12T03:00:00;0001-01-01T00:00:00;2026-05-12T15:45:00;;;426499;;;
12/05/2026 17:50:23;armas;Besta do;T6;.0;T6_2H_CROSSBOW;Lymhurst;35978;65655;20208;29677;82,49;2026-05-12T01:45:00;2026-05-12T16:25:00;2026-05-12T16:05:00;;59986;45593;35978;;
12/05/2026 17:50:23;armas;Besta do;T6;.1;T6_2H_CROSSBOW@1;Fort Sterling;110955;;15156;;;2026-05-12T15:25:00;0001-01-01T00:00:00;2026-05-12T16:05:00;;179992;110955;;;
12/05/2026 17:50:23;armas;Besta do;T6;.2;T6_2H_CROSSBOW@2;;;;55583;;;;0001-01-01T00:00:00;2026-05-12T16:05:00;;;;;;
12/05/2026 17:50:23;armas;Besta do;T6;.3;T6_2H_CROSSBOW@3;;;;262756;;;;0001-01-01T00:00:00;2026-05-12T16:00:00;;;;;;
12/05/2026 17:50:23;armas;Besta do;T7;.0;T7_2H_CROSSBOW;Fort Sterling;159998;;194502;;;2026-05-12T15:15:00;0001-01-01T00:00:00;2026-05-12T16:05:00;;;159998;;;
12/05/2026 17:50:23;armas;Besta do;T7;.1;T7_2H_CROSSBOW@1;Fort Sterling;429982;560970;454770;130988;30,46;2026-05-12T15:15:00;2026-05-12T02:50:00;2026-05-12T16:05:00;;;429982;;;
12/05/2026 17:50:23;armas;Besta do;T7;.2;T7_2H_CROSSBOW@2;Fort Sterling;2000000;;353710;;;2026-05-12T03:00:00;0001-01-01T00:00:00;2026-05-12T16:05:00;;;2000000;;;
12/05/2026 17:50:23;armas;Besta do;T7;.3;T7_2H_CROSSBOW@3;Fort Sterling;6000000;;5537814;;;2026-05-12T03:00:00;0001-01-01T00:00:00;2026-05-12T16:00:00;;;6000000;;;
12/05/2026 17:50:23;armas;Besta do;T8;.0;T8_2H_CROSSBOW;Fort Sterling;519961;;540671;;;2026-05-12T15:40:00;0001-01-01T00:00:00;2026-05-12T16:05:00;;799980;519961;529980;;
12/05/2026 17:50:23;armas;Besta do;T8;.1;T8_2H_CROSSBOW@1;;;;1495688;;;;0001-01-01T00:00:00;2026-05-12T16:05:00;;;;;;
12/05/2026 17:50:23;armas;Besta do;T8;.2;T8_2H_CROSSBOW@2;;;4979488;2384898;;;;2026-05-12T04:55:00;2026-05-12T16:00:00;;;;;;
12/05/2026 17:50:23;armas;Besta do;T8;.3;T8_2H_CROSSBOW@3;Fort Sterling;15499997;;3072148;;;2026-05-12T15:15:00;0001-01-01T00:00:00;2026-05-12T16:00:00;;;15499997;;;
12/05/2026 17:50:23;armas;Bordão do;T5;.0;T5_2H_QUARTERSTAFF;Caerleon;47772;;13904;;;2026-05-12T01:05:00;0001-01-01T00:00:00;2026-05-12T15:25:00;;47772;;;;
12/05/2026 17:50:23;armas;Bordão do;T5;.1;T5_2H_QUARTERSTAFF@1;Caerleon;79998;;58098;;;2026-05-12T15:20:00;0001-01-01T00:00:00;2026-05-12T15:25:00;;79998;;;;
12/05/2026 17:50:23;armas;Bordão do;T5;.2;T5_2H_QUARTERSTAFF@2;Thetford;194998;;78306;;;2026-05-11T22:50:00;0001-01-01T00:00:00;2026-05-12T15:25:00;;;;;;194998
12/05/2026 17:50:23;armas;Bordão do;T5;.3;T5_2H_QUARTERSTAFF@3;;;;540671;;;;0001-01-01T00:00:00;2026-05-12T15:45:00;;;;;;
12/05/2026 17:50:23;armas;Bordão do;T6;.0;T6_2H_QUARTERSTAFF;Lymhurst;92000;;84621;;;2026-05-12T01:50:00;0001-01-01T00:00:00;2026-05-12T16:05:00;;139989;99980;92000;;
12/05/2026 17:50:23;armas;Bordão do;T6;.1;T6_2H_QUARTERSTAFF@1;Fort Sterling;180998;200692;98514;19694;10,88;2026-05-12T15:25:00;2026-05-12T02:50:00;2026-05-12T16:05:00;;;180998;;;
12/05/2026 17:50:23;armas;Bordão do;T6;.2;T6_2H_QUARTERSTAFF@2;Fort Sterling;909999;;515406;;;2026-05-12T15:25:00;0001-01-01T00:00:00;2026-05-12T16:05:00;;;909999;;;
12/05/2026 17:50:23;armas;Bordão do;T6;.3;T6_2H_QUARTERSTAFF@3;Thetford;1399492;;181908;;;2026-05-12T04:05:00;0001-01-01T00:00:00;2026-05-12T16:05:00;;1644754;;;;1399492
12/05/2026 17:50:23;armas;Bordão do;T7;.0;T7_2H_QUARTERSTAFF;Fort Sterling;219999;;295542;;;2026-05-12T15:15:00;0001-01-01T00:00:00;2026-05-12T16:00:00;;;219999;235870;;
12/05/2026 17:50:23;armas;Bordão do;T7;.1;T7_2H_QUARTERSTAFF@1;;;;449717;;;;0001-01-01T00:00:00;2026-05-12T16:05:00;;;;;;
12/05/2026 17:50:23;armas;Bordão do;T7;.2;T7_2H_QUARTERSTAFF@2;Fort Sterling;1288876;;616466;;;2026-05-12T15:15:00;0001-01-01T00:00:00;2026-05-12T16:05:00;;;1288876;;;1299991
12/05/2026 17:50:23;armas;Bordão do;T7;.3;T7_2H_QUARTERSTAFF@3;Thetford;7000000;;5396337;;;2026-05-12T04:05:00;0001-01-01T00:00:00;2026-05-12T16:00:00;;;;;;7000000
12/05/2026 17:50:23;armas;Bordão do;T8;.0;T8_2H_QUARTERSTAFF;Fort Sterling;630000;;424452;;;2026-05-12T15:15:00;0001-01-01T00:00:00;2026-05-12T16:05:00;;;630000;679999;;
12/05/2026 17:50:23;armas;Bordão do;T8;.1;T8_2H_QUARTERSTAFF@1;Fort Sterling;1600000;;545724;;;2026-05-12T15:15:00;0001-01-01T00:00:00;2026-05-12T16:05:00;;;1600000;;;1649970
12/05/2026 17:50:23;armas;Bordão do;T8;.2;T8_2H_QUARTERSTAFF@2;Thetford;10000000;;5497392;;;2026-05-12T04:05:00;0001-01-01T00:00:00;2026-05-12T19:05:00;;;;;;10000000
12/05/2026 17:50:23;armas;Bordão do;T8;.3;T8_2H_QUARTERSTAFF@3;;;;11965208;;;;0001-01-01T00:00:00;2026-05-12T16:05:00;;;;;;
12/05/2026 17:50:23;armas;Braçadeiras de Batalha;T5;.0;T5_2H_KNUCKLES_SET2;;;;18328;;;;0001-01-01T00:00:00;2026-05-12T15:10:00;;;;;;
12/05/2026 17:50:23;armas;Braçadeiras de Batalha;T5;.1;T5_2H_KNUCKLES_SET2@1;;;;42942;;;;0001-01-01T00:00:00;2026-05-12T15:25:00;;;;;;
12/05/2026 17:50:23;armas;Braçadeiras de Batalha;T5;.2;T5_2H_KNUCKLES_SET2@2;Fort Sterling;199952;;131352;;;2026-05-12T01:25:00;0001-01-01T00:00:00;2026-05-12T15:25:00;;247987;199952;;;
12/05/2026 17:50:23;armas;Braçadeiras de Batalha;T5;.3;T5_2H_KNUCKLES_SET2@3;Lymhurst;634997;;399187;;;2026-05-11T23:00:00;0001-01-01T00:00:00;2026-05-12T15:20:00;;;;634997;;
12/05/2026 17:50:23;armas;Braçadeiras de Batalha;T6;.0;T6_2H_KNUCKLES_SET2;Thetford;85000;117846;69465;32846;38,64;2026-05-12T20:05:00;2026-05-12T09:00:00;2026-05-12T16:05:00;;106997;89989;91106;;85000
12/05/2026 17:50:23;armas;Braçadeiras de Batalha;T6;.1;T6_2H_KNUCKLES_SET2@1;Lymhurst;179110;233793;15156;54683;30,53;2026-05-12T01:20:00;2026-05-12T08:50:00;2026-05-12T16:05:00;;220197;179981;179110;;
12/05/2026 17:50:23;armas;Braçadeiras de Batalha;T6;.2;T6_2H_KNUCKLES_SET2@2;Lymhurst;638945;999988;449717;361043;56,51;2026-05-12T01:20:00;2026-05-12T08:50:00;2026-05-12T16:05:00;;799997;685198;638945;;
12/05/2026 17:50:23;armas;Braçadeiras de Batalha;T6;.3;T6_2H_KNUCKLES_SET2@3;;;;1020706;;;;0001-01-01T00:00:00;2026-05-12T16:00:00;;;;;;
12/05/2026 17:50:23;armas;Braçadeiras de Batalha;T7;.0;T7_2H_KNUCKLES_SET2;Martlock;267995;339056;303120;71061;26,52;2026-05-12T02:25:00;2026-05-12T02:35:00;2026-05-12T16:00:00;;697998;281998;;267995;
12/05/2026 17:50:23;armas;Braçadeiras de Batalha;T7;.1;T7_2H_KNUCKLES_SET2@1;Fort Sterling;704984;;45477;;;2026-05-12T15:15:00;0001-01-01T00:00:00;2026-05-12T16:05:00;;;704984;;;
12/05/2026 17:50:23;armas;Braçadeiras de Batalha;T7;.2;T7_2H_KNUCKLES_SET2@2;;;;525512;;;;0001-01-01T00:00:00;2026-05-12T16:05:00;;;;;;
12/05/2026 17:50:23;armas;Braçadeiras de Batalha;T7;.3;T7_2H_KNUCKLES_SET2@3;Fort Sterling;5695900;;3375237;;;2026-05-12T15:15:00;0001-01-01T00:00:00;2026-05-12T16:00:00;;;5695900;;;
12/05/2026 17:50:23;armas;Braçadeiras de Batalha;T8;.0;T8_2H_KNUCKLES_SET2;Fort Sterling;700000;;262756;;;2026-05-12T15:15:00;0001-01-01T00:00:00;2026-05-12T16:05:00;;;700000;;;
12/05/2026 17:50:23;armas;Braçadeiras de Batalha;T8;.1;T8_2H_KNUCKLES_SET2@1;Fort Sterling;2349982;;373922;;;2026-05-12T15:15:00;0001-01-01T00:00:00;2026-05-12T16:05:00;;;2349982;;;
12/05/2026 17:50:23;armas;Braçadeiras de Batalha;T8;.2;T8_2H_KNUCKLES_SET2@2;;;;5598447;;;;0001-01-01T00:00:00;2026-05-12T19:05:00;;;;;;
12/05/2026 17:50:23;armas;Braçadeiras de Batalha;T8;.3;T8_2H_KNUCKLES_SET2@3;Fort Sterling;16000000;;3961454;;;2026-05-12T15:15:00;0001-01-01T00:00:00;2026-05-12T16:00:00;;;16000000;;;
12/05/2026 17:50:23;armas;Cajado Amaldiçoado;T5;.0;T5_MAIN_CURSEDSTAFF;Caerleon;20961;;7110;;;2026-05-12T15:05:00;0001-01-01T00:00:00;2026-05-12T15:25:00;;20961;;;;
12/05/2026 17:50:23;armas;Cajado Amaldiçoado;T5;.1;T5_MAIN_CURSEDSTAFF@1;Caerleon;39997;;15152;;;2026-05-12T01:10:00;0001-01-01T00:00:00;2026-05-12T15:25:00;;39997;;;;
12/05/2026 17:50:23;armas;Cajado Amaldiçoado;T5;.2;T5_MAIN_CURSEDSTAFF@2;;;;9475;;;;0001-01-01T00:00:00;2026-05-12T15:25:00;;;;;;
12/05/2026 17:50:23;armas;Cajado Amaldiçoado;T5;.3;T5_MAIN_CURSEDSTAFF@3;;;;45480;;;;0001-01-01T00:00:00;2026-05-12T15:25:00;;;;;;
12/05/2026 17:50:23;armas;Cajado Amaldiçoado;T6;.0;T6_MAIN_CURSEDSTAFF;Lymhurst;38419;;41668;;;2026-05-12T01:50:00;0001-01-01T00:00:00;2026-05-12T16:05:00;;58277;39977;38419;;
12/05/2026 17:50:23;armas;Cajado Amaldiçoado;T6;.1;T6_MAIN_CURSEDSTAFF@1;Fort Sterling;99994;;79590;;;2026-05-12T15:20:00;0001-01-01T00:00:00;2026-05-12T16:05:00;;124999;99994;;;
12/05/2026 17:50:23;armas;Cajado Amaldiçoado;T6;.2;T6_MAIN_CURSEDSTAFF@2;Fort Sterling;349989;;276670;;;2026-05-12T15:20:00;0001-01-01T00:00:00;2026-05-12T16:05:00;;429998;349989;;;
12/05/2026 17:50:23;armas;Cajado Amaldiçoado;T6;.3;T6_MAIN_CURSEDSTAFF@3;Fort Sterling;1194978;;1258114;;;2026-05-12T15:20:00;0001-01-01T00:00:00;2026-05-12T16:05:00;;;1194978;;;
12/05/2026 17:50:23;armas;Cajado Amaldiçoado;T7;.0;T7_MAIN_CURSEDSTAFF;Lymhurst;117998;;128860;;;2026-05-12T01:50:00;0001-01-01T00:00:00;2026-05-12T15:30:00;;;120999;117998;;
12/05/2026 17:50:23;armas;Cajado Amaldiçoado;T7;.1;T7_MAIN_CURSEDSTAFF@1;Fort Sterling;334994;;11370;;;2026-05-12T15:15:00;0001-01-01T00:00:00;2026-05-12T16:05:00;;;334994;;;
12/05/2026 17:50:23;armas;Cajado Amaldiçoado;T7;.2;T7_MAIN_CURSEDSTAFF@2;Fort Sterling;1598750;;939796;;;2026-05-12T15:15:00;0001-01-01T00:00:00;2026-05-12T16:05:00;;;1598750;;;
12/05/2026 17:50:23;armas;Cajado Amaldiçoado;T7;.3;T7_MAIN_CURSEDSTAFF@3;;;;2637492;;;;0001-01-01T00:00:00;2026-05-12T16:05:00;;;;;;
12/05/2026 17:50:23;armas;Cajado Amaldiçoado;T8;.0;T8_MAIN_CURSEDSTAFF;;;;15160;;;;0001-01-01T00:00:00;2026-05-12T16:05:00;;;;;;
12/05/2026 17:50:23;armas;Cajado Amaldiçoado;T8;.1;T8_MAIN_CURSEDSTAFF@1;Lymhurst;900000;;439582;;;2026-05-12T02:30:00;0001-01-01T00:00:00;2026-05-12T16:05:00;;;1098975;900000;;
12/05/2026 17:50:23;armas;Cajado Amaldiçoado;T8;.2;T8_MAIN_CURSEDSTAFF@2;Fort Sterling;3999997;;939796;;;2026-05-12T15:15:00;0001-01-01T00:00:00;2026-05-12T16:00:00;;3999999;3999997;;;
12/05/2026 17:50:23;armas;Cajado Amaldiçoado;T8;.3;T8_MAIN_CURSEDSTAFF@3;;;;9640806;;;;0001-01-01T00:00:00;2026-05-12T16:05:00;;;;;;
12/05/2026 17:50:23;armas;Cajado Amaldiçoado Elevado;T5;.0;T5_2H_CURSEDSTAFF;Caerleon;25000;;20856;;;2026-05-12T15:05:00;0001-01-01T00:00:00;2026-05-12T15:25:00;;25000;;;;
12/05/2026 17:50:23;armas;Cajado Amaldiçoado Elevado;T5;.1;T5_2H_CURSEDSTAFF@1;Caerleon;39997;;31575;;;2026-05-12T15:05:00;0001-01-01T00:00:00;2026-05-12T15:25:00;;39997;;;;
12/05/2026 17:50:23;armas;Cajado Amaldiçoado Elevado;T5;.2;T5_2H_CURSEDSTAFF@2;;;;25260;;;;0001-01-01T00:00:00;2026-05-12T15:40:00;;;;;;
12/05/2026 17:50:23;armas;Cajado Amaldiçoado Elevado;T5;.3;T5_2H_CURSEDSTAFF@3;;;;500247;;;;0001-01-01T00:00:00;2026-05-12T15:45:00;;;;;;
12/05/2026 17:50:23;armas;Cajado Amaldiçoado Elevado;T6;.0;T6_2H_CURSEDSTAFF;Caerleon;54898;;34101;;;2026-05-12T16:05:00;0001-01-01T00:00:00;2026-05-12T16:05:00;;54898;54952;;;
12/05/2026 17:50:23;armas;Cajado Amaldiçoado Elevado;T6;.1;T6_2H_CURSEDSTAFF@1;Fort Sterling;120821;;25260;;;2026-05-12T15:20:00;0001-01-01T00:00:00;2026-05-12T16:05:00;;;120821;;;
12/05/2026 17:50:23;armas;Cajado Amaldiçoado Elevado;T6;.2;T6_2H_CURSEDSTAFF@2;Fort Sterling;440000;;449717;;;2026-05-12T15:20:00;0001-01-01T00:00:00;2026-05-12T16:05:00;;;440000;;;
12/05/2026 17:50:23;armas;Cajado Amaldiçoado Elevado;T6;.3;T6_2H_CURSEDSTAFF@3;Fort Sterling;1399987;;50530;;;2026-05-12T15:20:00;0001-01-01T00:00:00;2026-05-12T16:05:00;;;1399987;;;
12/05/2026 17:50:23;armas;Cajado Amaldiçoado Elevado;T7;.0;T7_2H_CURSEDSTAFF;Fort Sterling;179992;;55572;;;2026-05-12T15:45:00;0001-01-01T00:00:00;2026-05-12T16:05:00;;;179992;;;
12/05/2026 17:50:23;armas;Cajado Amaldiçoado Elevado;T7;.1;T7_2H_CURSEDSTAFF@1;Fort Sterling;398000;;20212;;;2026-05-12T15:15:00;0001-01-01T00:00:00;2026-05-12T16:05:00;;549999;398000;;;
12/05/2026 17:50:23;armas;Cajado Amaldiçoado Elevado;T7;.2;T7_2H_CURSEDSTAFF@2;Fort Sterling;1499981;;515406;;;2026-05-12T15:15:00;0001-01-01T00:00:00;2026-05-12T16:00:00;;;1499981;;;
12/05/2026 17:50:23;armas;Cajado Amaldiçoado Elevado;T7;.3;T7_2H_CURSEDSTAFF@3;;;;4203888;;;;0001-01-01T00:00:00;2026-05-12T16:05:00;;;;;;
12/05/2026 17:50:23;armas;Cajado Amaldiçoado Elevado;T8;.0;T8_2H_CURSEDSTAFF;Fort Sterling;537967;;80848;;;2026-05-12T15:15:00;0001-01-01T00:00:00;2026-05-12T16:05:00;;888886;537967;;;
12/05/2026 17:50:23;armas;Cajado Amaldiçoado Elevado;T8;.1;T8_2H_CURSEDSTAFF@1;Fort Sterling;1399999;;323392;;;2026-05-12T15:15:00;0001-01-01T00:00:00;2026-05-12T16:05:00;;;1399999;;;
12/05/2026 17:50:23;armas;Cajado Amaldiçoado Elevado;T8;.2;T8_2H_CURSEDSTAFF@2;Fort Sterling;4500000;;2101944;;;2026-05-12T15:15:00;0001-01-01T00:00:00;2026-05-12T16:05:00;;;4500000;;;
12/05/2026 17:50:23;armas;Cajado Amaldiçoado Elevado;T8;.3;T8_2H_CURSEDSTAFF@3;;;;11439709;;;;0001-01-01T00:00:00;2026-05-12T16:00:00;;;;;;
12/05/2026 17:50:23;armas;Cajado Arcano Elevado;T5;.0;T5_2H_ARCANESTAFF;Thetford;12473;26197;20224;13724;110,03;2026-05-12T16:00:00;2026-05-12T16:25:00;2026-05-12T16:25:00;;88945;;;;12473
12/05/2026 17:50:23;armas;Cajado Arcano Elevado;T5;.1;T5_2H_ARCANESTAFF@1;Thetford;27654;40485;3789;12831;46,40;2026-05-12T16:00:00;2026-05-12T16:25:00;2026-05-12T16:25:00;;89994;;;;27654
12/05/2026 17:50:23;armas;Cajado Arcano Elevado;T5;.2;T5_2H_ARCANESTAFF@2;Thetford;189997;;113670;;;2026-05-12T16:00:00;0001-01-01T00:00:00;2026-05-12T15:40:00;;215000;;;;189997
12/05/2026 17:50:23;armas;Cajado Arcano Elevado;T5;.3;T5_2H_ARCANESTAFF@3;Thetford;756527;;611413;;;2026-05-12T16:00:00;0001-01-01T00:00:00;2026-05-12T15:45:00;;;;;;756527
12/05/2026 17:50:23;armas;Cajado Arcano Elevado;T6;.0;T6_2H_ARCANESTAFF;Thetford;53992;;18945;;;2026-05-12T16:00:00;0001-01-01T00:00:00;2026-05-12T16:05:00;;;55883;;;53992
12/05/2026 17:50:23;armas;Cajado Arcano Elevado;T6;.1;T6_2H_ARCANESTAFF@1;Fort Sterling;150000;166632;103566;16632;11,09;2026-05-12T15:20:00;2026-05-12T02:50:00;2026-05-12T16:05:00;;164998;150000;;;
12/05/2026 17:50:23;armas;Cajado Arcano Elevado;T6;.2;T6_2H_ARCANESTAFF@2;Fort Sterling;624998;;232438;;;2026-05-12T15:20:00;0001-01-01T00:00:00;2026-05-12T16:05:00;;;624998;;;729991
12/05/2026 17:50:23;armas;Cajado Arcano Elevado;T6;.3;T6_2H_ARCANESTAFF@3;Fort Sterling;1444442;;1182402;;;2026-05-12T15:20:00;0001-01-01T00:00:00;2026-05-12T16:05:00;;1999997;1444442;;;
12/05/2026 17:50:23;armas;Cajado Arcano Elevado;T7;.0;T7_2H_ARCANESTAFF;Lymhurst;190972;;95988;;;2026-05-12T01:50:00;0001-01-01T00:00:00;2026-05-12T16:05:00;;309982;204945;190972;;
12/05/2026 17:50:23;armas;Cajado Arcano Elevado;T7;.1;T7_2H_ARCANESTAFF@1;Caerleon;692994;581358;212226;-111636;-16,11;2026-05-12T17:40:00;2026-05-12T04:55:00;2026-05-12T16:05:00;;692994;787981;;;
12/05/2026 17:50:23;armas;Cajado Arcano Elevado;T7;.2;T7_2H_ARCANESTAFF@2;Fort Sterling;1510000;;606360;;;2026-05-12T15:15:00;0001-01-01T00:00:00;2026-05-12T16:05:00;;;1510000;;;
12/05/2026 17:50:23;armas;Cajado Arcano Elevado;T7;.3;T7_2H_ARCANESTAFF@3;Fort Sterling;9698897;;3253971;;;2026-05-12T15:15:00;0001-01-01T00:00:00;2026-05-12T16:00:00;;;9698897;;;
12/05/2026 17:50:23;armas;Cajado Arcano Elevado;T8;.0;T8_2H_ARCANESTAFF;Fort Sterling;605000;;666996;;;2026-05-12T15:15:00;0001-01-01T00:00:00;2026-05-12T16:05:00;;;605000;;;
12/05/2026 17:50:23;armas;Cajado Arcano Elevado;T8;.1;T8_2H_ARCANESTAFF@1;Fort Sterling;1320542;;1000494;;;2026-05-12T15:15:00;0001-01-01T00:00:00;2026-05-12T16:05:00;;;1320542;;;
12/05/2026 17:50:23;armas;Cajado Arcano Elevado;T8;.2;T8_2H_ARCANESTAFF@2;Fort Sterling;8000000;;565908;;;2026-05-12T15:15:00;0001-01-01T00:00:00;2026-05-12T16:00:00;;;8000000;;;
12/05/2026 17:50:23;armas;Cajado Arcano Elevado;T8;.3;T8_2H_ARCANESTAFF@3;;;;3759339;;;;0001-01-01T00:00:00;2026-05-12T16:05:00;;;;;;
12/05/2026 17:50:23;armas;Cajado Arcano do;T5;.0;T5_MAIN_ARCANESTAFF;Fort Sterling;6900;;12324;;;2026-05-12T13:45:00;0001-01-01T00:00:00;2026-05-12T15:10:00;;39493;6900;14698;;
12/05/2026 17:50:23;armas;Cajado Arcano do;T5;.1;T5_MAIN_ARCANESTAFF@1;Lymhurst;39994;59754;32198;19760;49,41;2026-05-12T11:30:00;2026-05-12T16:25:00;2026-05-12T15:25:00;;96969;;39994;;
12/05/2026 17:50:23;armas;Cajado Arcano do;T5;.2;T5_MAIN_ARCANESTAFF@2;Caerleon;219978;;126965;;;2026-05-12T15:20:00;0001-01-01T00:00:00;2026-05-12T15:25:00;;219978;;;;
12/05/2026 17:50:23;armas;Cajado Arcano do;T5;.3;T5_MAIN_ARCANESTAFF@3;;;;98540;;;;0001-01-01T00:00:00;2026-05-12T15:25:00;;;;;;
12/05/2026 17:50:23;armas;Cajado Arcano do;T6;.0;T6_MAIN_ARCANESTAFF;Lymhurst;39000;;42615;;;2026-05-12T01:50:00;0001-01-01T00:00:00;2026-05-12T16:05:00;;67813;47497;39000;;39000
12/05/2026 17:50:23;armas;Cajado Arcano do;T6;.1;T6_MAIN_ARCANESTAFF@1;Fort Sterling;109978;134850;92855;24872;22,62;2026-05-12T15:20:00;2026-05-12T04:45:00;2026-05-12T16:05:00;;119999;109978;;;129997
12/05/2026 17:50:23;armas;Cajado Arcano do;T6;.2;T6_MAIN_ARCANESTAFF@2;Fort Sterling;339989;;159180;;;2026-05-12T15:20:00;0001-01-01T00:00:00;2026-05-12T16:05:00;;619995;339989;;;
12/05/2026 17:50:23;armas;Cajado Arcano do;T6;.3;T6_MAIN_ARCANESTAFF@3;Fort Sterling;1748989;;401687;;;2026-05-12T15:20:00;0001-01-01T00:00:00;2026-05-12T16:05:00;;;1748989;;;
12/05/2026 17:50:23;armas;Cajado Arcano do;T7;.0;T7_MAIN_ARCANESTAFF;Lymhurst;169979;;147810;;;2026-05-12T01:50:00;0001-01-01T00:00:00;2026-05-12T16:05:00;;193995;199996;169979;;
12/05/2026 17:50:23;armas;Cajado Arcano do;T7;.1;T7_MAIN_ARCANESTAFF@1;Fort Sterling;399983;;288040;;;2026-05-12T15:15:00;0001-01-01T00:00:00;2026-05-12T16:05:00;;;399983;;;
12/05/2026 17:50:23;armas;Cajado Arcano do;T7;.2;T7_MAIN_ARCANESTAFF@2;;;;621478;;;;0001-01-01T00:00:00;2026-05-12T16:05:00;;;;;;
12/05/2026 17:50:23;armas;Cajado Arcano do;T7;.3;T7_MAIN_ARCANESTAFF@3;Fort Sterling;3999989;;3289286;;;2026-05-12T15:15:00;0001-01-01T00:00:00;2026-05-12T16:00:00;;;3999989;;;
12/05/2026 17:50:23;armas;Cajado Arcano do;T8;.0;T8_MAIN_ARCANESTAFF;Fort Sterling;499997;;170550;;;2026-05-12T15:40:00;0001-01-01T00:00:00;2026-05-12T16:05:00;;;499997;540000;;
12/05/2026 17:50:23;armas;Cajado Arcano do;T8;.1;T8_MAIN_ARCANESTAFF@1;;;;682110;;;;0001-01-01T00:00:00;2026-05-12T16:05:00;;;;;;
12/05/2026 17:50:23;armas;Cajado Arcano do;T8;.2;T8_MAIN_ARCANESTAFF@2;Fort Sterling;4699999;;4122976;;;2026-05-12T15:15:00;0001-01-01T00:00:00;2026-05-12T16:05:00;;;4699999;;;
12/05/2026 17:50:23;armas;Cajado Arcano do;T8;.3;T8_MAIN_ARCANESTAFF@3;;;;1394582;;;;0001-01-01T00:00:00;2026-05-12T16:00:00;;;;;;
12/05/2026 17:50:23;armas;Cajado Bilaminado;T5;.0;T5_2H_DOUBLEBLADEDSTAFF;Thetford;30000;;33496;;;2026-05-11T21:00:00;0001-01-01T00:00:00;2026-05-12T16:25:00;;59099;31994;31827;;30000
12/05/2026 17:50:23;armas;Cajado Bilaminado;T5;.1;T5_2H_DOUBLEBLADEDSTAFF@1;Lymhurst;62998;;61887;;;2026-05-12T20:20:00;0001-01-01T00:00:00;2026-05-12T15:25:00;;84995;;62998;;76890
12/05/2026 17:50:23;armas;Cajado Bilaminado;T5;.2;T5_2H_DOUBLEBLADEDSTAFF@2;Caerleon;299785;;186924;;;2026-05-12T15:20:00;0001-01-01T00:00:00;2026-05-12T15:25:00;;299785;;;;
12/05/2026 17:50:23;armas;Cajado Bilaminado;T5;.3;T5_2H_DOUBLEBLADEDSTAFF@3;;;;25265;;;;0001-01-01T00:00:00;2026-05-12T15:25:00;;;;;;
12/05/2026 17:50:23;armas;Cajado Bilaminado;T6;.0;T6_2H_DOUBLEBLADEDSTAFF;Fort Sterling;109978;123988;26523;14010;12,74;2026-05-12T20:00:00;2026-05-12T16:25:00;2026-05-12T16:30:00;;;109978;109986;;
12/05/2026 17:50:23;armas;Cajado Bilaminado;T6;.1;T6_2H_DOUBLEBLADEDSTAFF@1;Fort Sterling;191099;;128826;;;2026-05-12T20:00:00;0001-01-01T00:00:00;2026-05-12T16:30:00;;239955;191099;206889;;
12/05/2026 17:50:23;armas;Cajado Bilaminado;T6;.2;T6_2H_DOUBLEBLADEDSTAFF@2;Thetford;548599;;252650;;;2026-05-11T23:15:00;0001-01-01T00:00:00;2026-05-12T16:25:00;;;558982;;;548599
12/05/2026 17:50:23;armas;Cajado Bilaminado;T6;.3;T6_2H_DOUBLEBLADEDSTAFF@3;Lymhurst;1498998;;1657384;;;2026-05-12T13:40:00;0001-01-01T00:00:00;2026-05-12T16:25:00;;;;1498998;1599997;
12/05/2026 17:50:23;armas;Cajado Bilaminado;T7;.0;T7_2H_DOUBLEBLADEDSTAFF;Fort Sterling;259997;;270282;;;2026-05-12T15:15:00;0001-01-01T00:00:00;2026-05-12T16:30:00;;460000;259997;;;
12/05/2026 17:50:23;armas;Cajado Bilaminado;T7;.1;T7_2H_DOUBLEBLADEDSTAFF@1;;;;303180;;;;0001-01-01T00:00:00;2026-05-12T16:30:00;;;;;;
12/05/2026 17:50:23;armas;Cajado Bilaminado;T7;.2;T7_2H_DOUBLEBLADEDSTAFF@2;Fort Sterling;1575849;;1131872;;;2026-05-12T15:15:00;0001-01-01T00:00:00;2026-05-12T16:25:00;;;1575849;;;
12/05/2026 17:50:23;armas;Cajado Bilaminado;T7;.3;T7_2H_DOUBLEBLADEDSTAFF@3;;;;4891062;;;;0001-01-01T00:00:00;2026-05-12T16:25:00;;;;;;
12/05/2026 17:50:23;armas;Cajado Bilaminado;T8;.0;T8_2H_DOUBLEBLADEDSTAFF;Fort Sterling;649999;;535618;;;2026-05-12T15:15:00;0001-01-01T00:00:00;2026-05-12T16:05:00;;;649999;;;
12/05/2026 17:50:23;armas;Cajado Bilaminado;T8;.1;T8_2H_DOUBLEBLADEDSTAFF@1;Fort Sterling;1699993;;313286;;;2026-05-12T15:15:00;0001-01-01T00:00:00;2026-05-12T16:05:00;;;1699993;;;
12/05/2026 17:50:23;armas;Cajado Bilaminado;T8;.2;T8_2H_DOUBLEBLADEDSTAFF@2;Fort Sterling;6499999;;4830429;;;2026-05-12T15:15:00;0001-01-01T00:00:00;2026-05-12T19:05:00;;9000000;6499999;;;
12/05/2026 17:50:23;armas;Cajado Bilaminado;T8;.3;T8_2H_DOUBLEBLADEDSTAFF@3;;;;121269;;;;0001-01-01T00:00:00;2026-05-12T16:00:00;;;;;;
12/05/2026 17:50:23;armas;Cajado Demoníaco;T5;.0;T5_2H_DEMONICSTAFF;;;;22120;;;;0001-01-01T00:00:00;2026-05-12T15:25:00;;;;;;
12/05/2026 17:50:23;armas;Cajado Demoníaco;T5;.1;T5_2H_DEMONICSTAFF@1;Caerleon;59993;;34101;;;2026-05-12T15:05:00;0001-01-01T00:00:00;2026-05-12T15:25:00;;59993;;;;
12/05/2026 17:50:23;armas;Cajado Demoníaco;T5;.2;T5_2H_DEMONICSTAFF@2;Martlock;86997;;141456;;;2026-05-12T19:20:00;0001-01-01T00:00:00;2026-05-12T15:25:00;;;;;86997;
12/05/2026 17:50:23;armas;Cajado Demoníaco;T5;.3;T5_2H_DEMONICSTAFF@3;;;;495194;;;;0001-01-01T00:00:00;2026-05-12T15:45:00;;;;;;
12/05/2026 17:50:23;armas;Cajado Demoníaco;T6;.0;T6_2H_DEMONICSTAFF;Lymhurst;47997;;51783;;;2026-05-12T13:15:00;0001-01-01T00:00:00;2026-05-12T16:05:00;;;59996;47997;;
12/05/2026 17:50:23;armas;Cajado Demoníaco;T6;.1;T6_2H_DEMONICSTAFF@1;Lymhurst;99989;;93462;;;2026-05-12T13:15:00;0001-01-01T00:00:00;2026-05-12T16:05:00;;149977;138000;99989;;
12/05/2026 17:50:23;armas;Cajado Demoníaco;T6;.2;T6_2H_DEMONICSTAFF@2;Fort Sterling;429978;;136431;;;2026-05-12T15:20:00;0001-01-01T00:00:00;2026-05-12T16:05:00;;629985;429978;;;
12/05/2026 17:50:23;armas;Cajado Demoníaco;T6;.3;T6_2H_DEMONICSTAFF@3;Fort Sterling;1399993;;656890;;;2026-05-12T15:20:00;0001-01-01T00:00:00;2026-05-12T16:05:00;;1600000;1399993;;;
12/05/2026 17:50:23;armas;Cajado Demoníaco;T7;.0;T7_2H_DEMONICSTAFF;Fort Sterling;154991;219945;50520;64954;41,91;2026-05-12T15:15:00;2026-05-12T02:50:00;2026-05-12T16:05:00;;229988;154991;;;
12/05/2026 17:50:23;armas;Cajado Demoníaco;T7;.1;T7_2H_DEMONICSTAFF@1;Fort Sterling;394967;;449717;;;2026-05-12T15:15:00;0001-01-01T00:00:00;2026-05-12T16:05:00;;549963;394967;;;
12/05/2026 17:50:23;armas;Cajado Demoníaco;T7;.2;T7_2H_DEMONICSTAFF@2;Lymhurst;1578995;;192014;;;2026-05-11T23:45:00;0001-01-01T00:00:00;2026-05-12T16:05:00;;;1699956;1578995;;
12/05/2026 17:50:23;armas;Cajado Demoníaco;T7;.3;T7_2H_DEMONICSTAFF@3;;;;1434981;;;;0001-01-01T00:00:00;2026-05-12T16:05:00;;;;;;
12/05/2026 17:50:23;armas;Cajado Demoníaco;T8;.0;T8_2H_DEMONICSTAFF;Fort Sterling;578996;;464876;;;2026-05-12T15:15:00;0001-01-01T00:00:00;2026-05-12T16:05:00;;;578996;;;
12/05/2026 17:50:23;armas;Cajado Demoníaco;T8;.1;T8_2H_DEMONICSTAFF@1;Fort Sterling;1399997;;1505794;;;2026-05-12T15:15:00;0001-01-01T00:00:00;2026-05-12T16:05:00;;;1399997;;;
12/05/2026 17:50:23;armas;Cajado Demoníaco;T8;.2;T8_2H_DEMONICSTAFF@2;Fort Sterling;12998889;;2061522;;;2026-05-12T15:15:00;0001-01-01T00:00:00;2026-05-12T16:00:00;;;12998889;;;
12/05/2026 17:50:23;armas;Cajado Demoníaco;T8;.3;T8_2H_DEMONICSTAFF@3;;;;7801639;;;;0001-01-01T00:00:00;2026-05-12T16:00:00;;;;;;
12/05/2026 17:50:23;armas;Cajado Divino;T5;.0;T5_2H_DIVINESTAFF;Caerleon;24900;;20856;;;2026-05-12T15:05:00;0001-01-01T00:00:00;2026-05-12T15:25:00;;24900;;;;
12/05/2026 17:50:23;armas;Cajado Divino;T5;.1;T5_2H_DIVINESTAFF@1;Caerleon;79992;;32838;;;2026-05-12T03:10:00;0001-01-01T00:00:00;2026-05-12T15:25:00;;79992;;;;
12/05/2026 17:50:23;armas;Cajado Divino;T5;.2;T5_2H_DIVINESTAFF@2;Caerleon;159989;;101040;;;2026-05-12T15:20:00;0001-01-01T00:00:00;2026-05-12T15:25:00;;159989;;;;
12/05/2026 17:50:23;armas;Cajado Divino;T5;.3;T5_2H_DIVINESTAFF@3;;;;510353;;;;0001-01-01T00:00:00;2026-05-12T15:45:00;;;;;;
12/05/2026 17:50:23;armas;Cajado Divino;T6;.0;T6_2H_DIVINESTAFF;Thetford;48100;86000;49257;37900;78,79;2026-05-12T14:50:00;2026-05-12T15:20:00;2026-05-12T16:05:00;;99979;54990;;;48100
12/05/2026 17:50:23;armas;Cajado Divino;T6;.1;T6_2H_DIVINESTAFF@1;Fort Sterling;114989;;70728;;;2026-05-12T15:20:00;0001-01-01T00:00:00;2026-05-12T16:05:00;;228996;114989;;;
12/05/2026 17:50:23;armas;Cajado Divino;T6;.2;T6_2H_DIVINESTAFF@2;Caerleon;559985;;378975;;;2026-05-12T17:40:00;0001-01-01T00:00:00;2026-05-12T16:05:00;;559985;;;;
12/05/2026 17:50:23;armas;Cajado Divino;T6;.3;T6_2H_DIVINESTAFF@3;Fort Sterling;1388888;;464876;;;2026-05-12T15:20:00;0001-01-01T00:00:00;2026-05-12T16:05:00;;;1388888;;;
12/05/2026 17:50:23;armas;Cajado Divino;T7;.0;T7_2H_DIVINESTAFF;Lymhurst;154968;;156612;;;2026-05-12T01:50:00;0001-01-01T00:00:00;2026-05-12T16:05:00;;829999;159930;154968;;
12/05/2026 17:50:23;armas;Cajado Divino;T7;.1;T7_2H_DIVINESTAFF@1;Fort Sterling;356890;;288021;;;2026-05-12T15:20:00;0001-01-01T00:00:00;2026-05-12T16:05:00;;;356890;;;
12/05/2026 17:50:23;armas;Cajado Divino;T7;.2;T7_2H_DIVINESTAFF@2;;;;90954;;;;0001-01-01T00:00:00;2026-05-12T16:00:00;;;;;;
12/05/2026 17:50:23;armas;Cajado Divino;T7;.3;T7_2H_DIVINESTAFF@3;;;;4547475;;;;0001-01-01T00:00:00;2026-05-12T16:00:00;;;;;;
12/05/2026 17:50:23;armas;Cajado Divino;T8;.0;T8_2H_DIVINESTAFF;Fort Sterling;554997;;333498;;;2026-05-12T15:20:00;0001-01-01T00:00:00;2026-05-12T16:05:00;;;554997;;;
12/05/2026 17:50:23;armas;Cajado Divino;T8;.1;T8_2H_DIVINESTAFF@1;Fort Sterling;1290000;;1495688;;;2026-05-12T15:20:00;0001-01-01T00:00:00;2026-05-12T16:05:00;;;1290000;;;
12/05/2026 17:50:23;armas;Cajado Divino;T8;.2;T8_2H_DIVINESTAFF@2;;;;4284732;;;;0001-01-01T00:00:00;2026-05-12T19:05:00;;;;;;
12/05/2026 17:50:23;armas;Cajado Divino;T8;.3;T8_2H_DIVINESTAFF@3;;;;7154871;;;;0001-01-01T00:00:00;2026-05-12T16:00:00;;;;;;
12/05/2026 17:50:23;armas;Cajado Enigmático;T5;.0;T5_2H_ENIGMATICSTAFF;Lymhurst;18000;33489;6952;15489;86,05;2026-05-12T13:55:00;2026-05-12T16:25:00;2026-05-12T16:25:00;;;99996;18000;;
12/05/2026 17:50:23;armas;Cajado Enigmático;T5;.1;T5_2H_ENIGMATICSTAFF@1;Lymhurst;25998;49443;30312;23445;90,18;2026-05-12T15:55:00;2026-05-12T16:25:00;2026-05-12T16:25:00;;;38499;25998;;
12/05/2026 17:50:23;armas;Cajado Enigmático;T5;.2;T5_2H_ENIGMATICSTAFF@2;;;;174294;;;;0001-01-01T00:00:00;2026-05-12T15:15:00;;;;;;
12/05/2026 17:50:23;armas;Cajado Enigmático;T5;.3;T5_2H_ENIGMATICSTAFF@3;;;;252650;;;;0001-01-01T00:00:00;2026-05-12T15:25:00;;;;;;
12/05/2026 17:50:23;armas;Cajado Enigmático;T6;.0;T6_2H_ENIGMATICSTAFF;Fort Sterling;61094;;20208;;;2026-05-12T15:35:00;0001-01-01T00:00:00;2026-05-12T16:05:00;;70987;61094;;;
12/05/2026 17:50:23;armas;Cajado Enigmático;T6;.1;T6_2H_ENIGMATICSTAFF@1;Fort Sterling;90943;;116196;;;2026-05-12T15:20:00;0001-01-01T00:00:00;2026-05-12T16:05:00;;167998;90943;;;
12/05/2026 17:50:23;armas;Cajado Enigmático;T6;.2;T6_2H_ENIGMATICSTAFF@2;Fort Sterling;629998;;217279;;;2026-05-12T15:20:00;0001-01-01T00:00:00;2026-05-12T16:05:00;;;629998;;;
12/05/2026 17:50:23;armas;Cajado Enigmático;T6;.3;T6_2H_ENIGMATICSTAFF@3;Fort Sterling;1595890;;1121766;;;2026-05-12T15:20:00;0001-01-01T00:00:00;2026-05-12T16:05:00;;;1595890;;;
12/05/2026 17:50:23;armas;Cajado Enigmático;T7;.0;T7_2H_ENIGMATICSTAFF;Fort Sterling;179956;;27786;;;2026-05-12T15:15:00;0001-01-01T00:00:00;2026-05-12T16:05:00;;344998;179956;182992;;
12/05/2026 17:50:23;armas;Cajado Enigmático;T7;.1;T7_2H_ENIGMATICSTAFF@1;Fort Sterling;549989;;444664;;;2026-05-12T15:15:00;0001-01-01T00:00:00;2026-05-12T16:05:00;;;549989;;;
12/05/2026 17:50:23;armas;Cajado Enigmático;T7;.2;T7_2H_ENIGMATICSTAFF@2;;;;565936;;;;0001-01-01T00:00:00;2026-05-12T16:05:00;;;;;;
12/05/2026 17:50:23;armas;Cajado Enigmático;T7;.3;T7_2H_ENIGMATICSTAFF@3;Fort Sterling;6850000;;4466631;;;2026-05-12T15:15:00;0001-01-01T00:00:00;2026-05-12T16:00:00;;;6850000;;;
12/05/2026 17:50:23;armas;Cajado Enigmático;T8;.0;T8_2H_ENIGMATICSTAFF;Lymhurst;590000;;227385;;;2026-05-12T01:50:00;0001-01-01T00:00:00;2026-05-12T16:05:00;;;603985;590000;;1100000
12/05/2026 17:50:23;armas;Cajado Enigmático;T8;.1;T8_2H_ENIGMATICSTAFF@1;Fort Sterling;1439989;;1152084;;;2026-05-12T15:15:00;0001-01-01T00:00:00;2026-05-12T16:05:00;;;1439989;;;
12/05/2026 17:50:23;armas;Cajado Enigmático;T8;.2;T8_2H_ENIGMATICSTAFF@2;Fort Sterling;5989996;;1758357;;;2026-05-12T15:15:00;0001-01-01T00:00:00;2026-05-12T16:00:00;;;5989996;;;
12/05/2026 17:50:23;armas;Cajado Enigmático;T8;.3;T8_2H_ENIGMATICSTAFF@3;;;;2101996;;;;0001-01-01T00:00:00;2026-05-12T16:00:00;;;;;;
12/05/2026 17:50:23;armas;Cajado Férreo;T5;.0;T5_2H_IRONCLADEDSTAFF;Caerleon;74997;;33496;;;2026-05-12T15:20:00;0001-01-01T00:00:00;2026-05-12T15:25:00;;74997;;;;
12/05/2026 17:50:23;armas;Cajado Férreo;T5;.1;T5_2H_IRONCLADEDSTAFF@1;Caerleon;109996;;11367;;;2026-05-12T15:20:00;0001-01-01T00:00:00;2026-05-12T15:25:00;;109996;;;;
12/05/2026 17:50:23;armas;Cajado Férreo;T5;.2;T5_2H_IRONCLADEDSTAFF@2;;;;58098;;;;0001-01-01T00:00:00;2026-05-12T15:25:00;;;;;;
12/05/2026 17:50:23;armas;Cajado Férreo;T5;.3;T5_2H_IRONCLADEDSTAFF@3;;;;20212;;;;0001-01-01T00:00:00;2026-05-12T15:25:00;;;;;;
12/05/2026 17:50:23;armas;Cajado Férreo;T6;.0;T6_2H_IRONCLADEDSTAFF;Fort Sterling;107399;;101040;;;2026-05-12T15:25:00;0001-01-01T00:00:00;2026-05-12T16:05:00;;134995;107399;;;
12/05/2026 17:50:23;armas;Cajado Férreo;T6;.1;T6_2H_IRONCLADEDSTAFF@1;Fort Sterling;163326;;98514;;;2026-05-12T15:25:00;0001-01-01T00:00:00;2026-05-12T16:05:00;;180994;163326;;;
12/05/2026 17:50:23;armas;Cajado Férreo;T6;.2;T6_2H_IRONCLADEDSTAFF@2;Fort Sterling;499999;;616466;;;2026-05-12T15:25:00;0001-01-01T00:00:00;2026-05-12T16:05:00;;629996;499999;;;
12/05/2026 17:50:23;armas;Cajado Férreo;T6;.3;T6_2H_IRONCLADEDSTAFF@3;;;;1364310;;;;0001-01-01T00:00:00;2026-05-12T16:05:00;;;;;;
12/05/2026 17:50:23;armas;Cajado Férreo;T7;.0;T7_2H_IRONCLADEDSTAFF;Fort Sterling;234996;;103566;;;2026-05-12T15:15:00;0001-01-01T00:00:00;2026-05-12T16:05:00;;436997;234996;239981;;
12/05/2026 17:50:23;armas;Cajado Férreo;T7;.1;T7_2H_IRONCLADEDSTAFF@1;;;;318339;;;;0001-01-01T00:00:00;2026-05-12T16:05:00;;;;;;
12/05/2026 17:50:23;armas;Cajado Férreo;T7;.2;T7_2H_IRONCLADEDSTAFF@2;Fort Sterling;1649099;;242544;;;2026-05-12T15:15:00;0001-01-01T00:00:00;2026-05-12T16:05:00;;;1649099;;;
12/05/2026 17:50:23;armas;Cajado Férreo;T7;.3;T7_2H_IRONCLADEDSTAFF@3;;;;2162577;;;;0001-01-01T00:00:00;2026-05-12T16:05:00;;;;;;
12/05/2026 17:50:23;armas;Cajado Férreo;T8;.0;T8_2H_IRONCLADEDSTAFF;Fort Sterling;699973;;449717;;;2026-05-12T15:15:00;0001-01-01T00:00:00;2026-05-12T16:05:00;1000000;;699973;744999;;739999
12/05/2026 17:50:23;armas;Cajado Férreo;T8;.1;T8_2H_IRONCLADEDSTAFF@1;;;;616466;;;;0001-01-01T00:00:00;2026-05-12T16:05:00;;;;;;
12/05/2026 17:50:23;armas;Cajado Férreo;T8;.2;T8_2H_IRONCLADEDSTAFF@2;;;;5335704;;;;0001-01-01T00:00:00;2026-05-12T16:05:00;;;;;;
12/05/2026 17:50:23;armas;Cajado Férreo;T8;.3;T8_2H_IRONCLADEDSTAFF@3;;;;4810337;;;;0001-01-01T00:00:00;2026-05-12T16:05:00;;;;;;
12/05/2026 17:50:23;armas;Cajado Glacial;T5;.0;T5_2H_GLACIALSTAFF;Lymhurst;13240;;22120;;;2026-05-11T22:20:00;0001-01-01T00:00:00;2026-05-12T15:25:00;;28900;;13240;;
12/05/2026 17:50:23;armas;Cajado Glacial;T5;.1;T5_2H_GLACIALSTAFF@1;Caerleon;30199;;36627;;;2026-05-12T15:05:00;0001-01-01T00:00:00;2026-05-12T15:25:00;;30199;;;;
12/05/2026 17:50:23;armas;Cajado Glacial;T5;.2;T5_2H_GLACIALSTAFF@2;Caerleon;229999;;111144;;;2026-05-12T15:20:00;0001-01-01T00:00:00;2026-05-12T15:40:00;;229999;;;;
12/05/2026 17:50:23;armas;Cajado Glacial;T5;.3;T5_2H_GLACIALSTAFF@3;;;;368869;;;;0001-01-01T00:00:00;2026-05-12T15:25:00;;;;;;
12/05/2026 17:50:23;armas;Cajado Glacial;T6;.0;T6_2H_GLACIALSTAFF;Fort Sterling;38983;;53046;;;2026-05-12T15:20:00;0001-01-01T00:00:00;2026-05-12T16:05:00;;44991;38983;;;
12/05/2026 17:50:23;armas;Cajado Glacial;T6;.1;T6_2H_GLACIALSTAFF@1;Bridgewatch;77776;;70728;;;2026-05-12T15:25:00;0001-01-01T00:00:00;2026-05-12T16:05:00;77776;120979;81650;;;87777
12/05/2026 17:50:23;armas;Cajado Glacial;T6;.2;T6_2H_GLACIALSTAFF@2;Fort Sterling;416090;;474982;;;2026-05-12T15:20:00;0001-01-01T00:00:00;2026-05-12T16:05:00;;;416090;;;
12/05/2026 17:50:23;armas;Cajado Glacial;T6;.3;T6_2H_GLACIALSTAFF@3;Fort Sterling;1279899;;313286;;;2026-05-12T15:20:00;0001-01-01T00:00:00;2026-05-12T16:05:00;;;1279899;;;
12/05/2026 17:50:23;armas;Cajado Glacial;T7;.0;T7_2H_GLACIALSTAFF;Fort Sterling;130875;;113670;;;2026-05-12T15:50:00;0001-01-01T00:00:00;2026-05-12T16:05:00;;199982;130875;;;
12/05/2026 17:50:23;armas;Cajado Glacial;T7;.1;T7_2H_GLACIALSTAFF@1;Fort Sterling;359996;;272862;;;2026-05-12T15:20:00;0001-01-01T00:00:00;2026-05-12T16:05:00;;599981;359996;;;
12/05/2026 17:50:23;armas;Cajado Glacial;T7;.2;T7_2H_GLACIALSTAFF@2;;;;565936;;;;0001-01-01T00:00:00;2026-05-12T16:05:00;;;;;;
12/05/2026 17:50:23;armas;Cajado Glacial;T7;.3;T7_2H_GLACIALSTAFF@3;;;;20211;;;;0001-01-01T00:00:00;2026-05-12T16:00:00;;;;;;
12/05/2026 17:50:23;armas;Cajado Glacial;T8;.0;T8_2H_GLACIALSTAFF;Thetford;539991;;277915;;;2026-05-12T05:00:00;0001-01-01T00:00:00;2026-05-12T16:05:00;;;539993;;;539991
12/05/2026 17:50:23;armas;Cajado Glacial;T8;.1;T8_2H_GLACIALSTAFF@1;Fort Sterling;1249991;;1394628;;;2026-05-12T15:20:00;0001-01-01T00:00:00;2026-05-12T16:05:00;;;1249991;;;
12/05/2026 17:50:23;armas;Cajado Glacial;T8;.2;T8_2H_GLACIALSTAFF@2;;;;4385787;;;;0001-01-01T00:00:00;2026-05-12T19:05:00;;;;;;
12/05/2026 17:50:23;armas;Cajado Glacial;T8;.3;T8_2H_GLACIALSTAFF@3;;;;2546649;;;;0001-01-01T00:00:00;2026-05-12T16:00:00;;;;;;
12/05/2026 17:50:23;armas;Cajado Infernal;T5;.0;T5_2H_INFERNOSTAFF;Martlock;14950;;30336;;;2026-05-12T19:05:00;0001-01-01T00:00:00;2026-05-12T15:10:00;;38991;;;14950;
12/05/2026 17:50:23;armas;Cajado Infernal;T5;.1;T5_2H_INFERNOSTAFF@1;;;;60624;;;;0001-01-01T00:00:00;2026-05-12T15:25:00;;;;;;
12/05/2026 17:50:23;armas;Cajado Infernal;T5;.2;T5_2H_INFERNOSTAFF@2;Fort Sterling;75000;;98514;;;2026-05-12T19:50:00;0001-01-01T00:00:00;2026-05-12T15:25:00;;;75000;;100008;
12/05/2026 17:50:23;armas;Cajado Infernal;T5;.3;T5_2H_INFERNOSTAFF@3;;;;550777;;;;0001-01-01T00:00:00;2026-05-12T15:45:00;;;;;;
12/05/2026 17:50:23;armas;Cajado Infernal;T6;.0;T6_2H_INFERNOSTAFF;Lymhurst;37969;;31575;;;2026-05-12T01:50:00;0001-01-01T00:00:00;2026-05-12T16:05:00;;69999;58995;37969;;
12/05/2026 17:50:23;armas;Cajado Infernal;T6;.1;T6_2H_INFERNOSTAFF@1;Martlock;99990;;73254;;;2026-05-12T19:05:00;0001-01-01T00:00:00;2026-05-12T16:05:00;;1000000;138302;;99990;
12/05/2026 17:50:23;armas;Cajado Infernal;T6;.2;T6_2H_INFERNOSTAFF@2;Fort Sterling;487992;;131378;;;2026-05-12T15:20:00;0001-01-01T00:00:00;2026-05-12T16:05:00;;;487992;;;
12/05/2026 17:50:23;armas;Cajado Infernal;T6;.3;T6_2H_INFERNOSTAFF@3;Fort Sterling;1350000;;1172296;;;2026-05-12T15:20:00;0001-01-01T00:00:00;2026-05-12T16:05:00;;;1350000;;;
12/05/2026 17:50:23;armas;Cajado Infernal;T7;.0;T7_2H_INFERNOSTAFF;Lymhurst;135000;;245022;;;2026-05-12T01:50:00;0001-01-01T00:00:00;2026-05-12T16:05:00;;;170998;135000;;
12/05/2026 17:50:23;armas;Cajado Infernal;T7;.1;T7_2H_INFERNOSTAFF@1;Fort Sterling;479993;;343604;;;2026-05-12T15:20:00;0001-01-01T00:00:00;2026-05-12T16:05:00;;;479993;;;
12/05/2026 17:50:23;armas;Cajado Infernal;T7;.2;T7_2H_INFERNOSTAFF@2;;;;1606854;;;;0001-01-01T00:00:00;2026-05-12T16:00:00;;;;;;
12/05/2026 17:50:23;armas;Cajado Infernal;T7;.3;T7_2H_INFERNOSTAFF@3;;;;4729374;;;;0001-01-01T00:00:00;2026-05-12T16:00:00;;;;;;
12/05/2026 17:50:23;armas;Cajado Infernal;T8;.0;T8_2H_INFERNOSTAFF;Fort Sterling;599992;;535618;;;2026-05-12T15:15:00;0001-01-01T00:00:00;2026-05-12T16:05:00;;;599992;;;
12/05/2026 17:50:23;armas;Cajado Infernal;T8;.1;T8_2H_INFERNOSTAFF@1;Fort Sterling;1349976;;272862;;;2026-05-12T15:15:00;0001-01-01T00:00:00;2026-05-12T16:05:00;;;1349976;;;
12/05/2026 17:50:23;armas;Cajado Infernal;T8;.2;T8_2H_INFERNOSTAFF@2;Fort Sterling;4499888;;1818990;;;2026-05-12T15:15:00;0001-01-01T00:00:00;2026-05-12T16:05:00;;;4499888;;;
12/05/2026 17:50:23;armas;Cajado Infernal;T8;.3;T8_2H_INFERNOSTAFF@3;;;;7599524;;;;0001-01-01T00:00:00;2026-05-12T16:05:00;;;;;;
12/05/2026 17:50:23;armas;Cajado Sagrado Elevado;T5;.0;T5_2H_HOLYSTAFF;Lymhurst;22794;38913;29704;16119;70,72;2026-05-12T00:30:00;2026-05-12T16:25:00;2026-05-12T16:20:00;;94438;;22794;;
12/05/2026 17:50:23;armas;Cajado Sagrado Elevado;T5;.1;T5_2H_HOLYSTAFF@1;Lymhurst;25898;52155;3789;26257;101,39;2026-05-12T13:10:00;2026-05-12T16:20:00;2026-05-12T16:20:00;;199997;27495;25898;;
12/05/2026 17:50:23;armas;Cajado Sagrado Elevado;T5;.2;T5_2H_HOLYSTAFF@2;Lymhurst;95097;170943;146508;75846;79,76;2026-05-12T00:30:00;2026-05-12T11:35:00;2026-05-12T15:40:00;;;119949;95097;;
12/05/2026 17:50:23;armas;Cajado Sagrado Elevado;T5;.3;T5_2H_HOLYSTAFF@3;;;639986;176855;;;;2026-05-12T11:35:00;2026-05-12T15:25:00;;;;;;
12/05/2026 17:50:23;armas;Cajado Sagrado Elevado;T6;.0;T6_2H_HOLYSTAFF;Lymhurst;45492;83998;46731;38506;84,64;2026-05-12T00:30:00;2026-05-12T11:35:00;2026-05-12T16:05:00;;;69972;45492;;
12/05/2026 17:50:23;armas;Cajado Sagrado Elevado;T6;.1;T6_2H_HOLYSTAFF@1;Fort Sterling;136000;185493;42942;49493;36,39;2026-05-12T15:20:00;2026-05-12T11:35:00;2026-05-12T16:05:00;;;136000;;;
12/05/2026 17:50:23;armas;Cajado Sagrado Elevado;T6;.2;T6_2H_HOLYSTAFF@2;Fort Sterling;379955;610993;35371;231038;60,81;2026-05-12T15:20:00;2026-05-12T11:35:00;2026-05-12T16:05:00;;;379955;;;
12/05/2026 17:50:23;armas;Cajado Sagrado Elevado;T6;.3;T6_2H_HOLYSTAFF@3;Fort Sterling;1798888;1699997;1495688;-98891;-5,50;2026-05-12T15:20:00;2026-05-12T11:35:00;2026-05-12T16:00:00;;;1798888;;;
12/05/2026 17:50:23;armas;Cajado Sagrado Elevado;T7;.0;T7_2H_HOLYSTAFF;Lymhurst;145988;;191976;;;2026-05-12T13:00:00;0001-01-01T00:00:00;2026-05-12T16:00:00;;319999;167962;145988;;
12/05/2026 17:50:23;armas;Cajado Sagrado Elevado;T7;.1;T7_2H_HOLYSTAFF@1;Fort Sterling;380000;;394134;;;2026-05-12T15:20:00;0001-01-01T00:00:00;2026-05-12T16:05:00;;;380000;;;
12/05/2026 17:50:23;armas;Cajado Sagrado Elevado;T7;.2;T7_2H_HOLYSTAFF@2;Fort Sterling;1100000;;1394628;;;2026-05-12T15:20:00;0001-01-01T00:00:00;2026-05-12T16:05:00;;;1100000;;;
12/05/2026 17:50:23;armas;Cajado Sagrado Elevado;T7;.3;T7_2H_HOLYSTAFF@3;Fort Sterling;5000000;;80844;;;2026-05-12T15:20:00;0001-01-01T00:00:00;2026-05-12T16:00:00;;;5000000;;;
12/05/2026 17:50:23;armas;Cajado Sagrado Elevado;T8;.0;T8_2H_HOLYSTAFF;Bridgewatch;460000;522208;282968;62208;13,52;2026-05-12T03:25:00;2026-05-12T04:55:00;2026-05-12T16:05:00;460000;;469994;;;
12/05/2026 17:50:23;armas;Cajado Sagrado Elevado;T8;.1;T8_2H_HOLYSTAFF@1;;;;40424;;;;0001-01-01T00:00:00;2026-05-12T16:00:00;;;;;;
12/05/2026 17:50:23;armas;Cajado Sagrado Elevado;T8;.2;T8_2H_HOLYSTAFF@2;Fort Sterling;4899898;;121266;;;2026-05-12T15:20:00;0001-01-01T00:00:00;2026-05-12T16:00:00;;;4899898;;;
12/05/2026 17:50:23;armas;Cajado Sagrado Elevado;T8;.3;T8_2H_HOLYSTAFF@3;;;;12369438;;;;0001-01-01T00:00:00;2026-05-12T16:05:00;;;;;;
12/05/2026 17:50:23;armas;Cajado Sagrado do;T5;.0;T5_MAIN_HOLYSTAFF;Fort Sterling;7972;19949;19908;11977;150,24;2026-05-12T13:05:00;2026-05-12T11:35:00;2026-05-12T15:25:00;;23998;7972;15485;;
12/05/2026 17:50:23;armas;Cajado Sagrado do;T5;.1;T5_MAIN_HOLYSTAFF@1;Fort Sterling;39969;40782;33145;813;2,03;2026-05-12T15:15:00;2026-05-12T17:50:00;2026-05-12T17:50:00;;119982;39969;46989;;
12/05/2026 17:50:23;armas;Cajado Sagrado do;T5;.2;T5_MAIN_HOLYSTAFF@2;Fort Sterling;99998;127500;15160;27502;27,50;2026-05-12T19:50:00;2026-05-12T11:35:00;2026-05-12T15:25:00;;199990;99998;;;
12/05/2026 17:50:23;armas;Cajado Sagrado do;T5;.3;T5_MAIN_HOLYSTAFF@3;Fort Sterling;479999;;386580;;;2026-05-12T13:05:00;0001-01-01T00:00:00;2026-05-12T15:25:00;;900000;479999;;;
12/05/2026 17:50:23;armas;Cajado Sagrado do;T6;.0;T6_MAIN_HOLYSTAFF;Fort Sterling;51437;58850;58714;7413;14,41;2026-05-12T15:20:00;2026-05-12T17:50:00;2026-05-12T17:50:00;;99999;51437;;;
12/05/2026 17:50:23;armas;Cajado Sagrado do;T6;.1;T6_MAIN_HOLYSTAFF@1;Fort Sterling;124439;152520;89065;28081;22,57;2026-05-12T15:20:00;2026-05-12T17:50:00;2026-05-12T17:50:00;;249988;124439;135992;;
12/05/2026 17:50:23;armas;Cajado Sagrado do;T6;.2;T6_MAIN_HOLYSTAFF@2;Fort Sterling;428989;574999;428270;146010;34,04;2026-05-12T15:20:00;2026-05-12T11:35:00;2026-05-12T16:05:00;;;428989;;;
12/05/2026 17:50:23;armas;Cajado Sagrado do;T6;.3;T6_MAIN_HOLYSTAFF@3;Fort Sterling;1349999;1341829;1235377;-8170;-0,61;2026-05-12T15:20:00;2026-05-12T11:35:00;2026-05-12T16:05:00;;;1349999;1500000;;
12/05/2026 17:50:23;armas;Cajado Sagrado do;T7;.0;T7_MAIN_HOLYSTAFF;Lymhurst;158987;218970;119385;59983;37,73;2026-05-12T13:15:00;2026-05-12T00:20:00;2026-05-12T16:05:00;;;159991;158987;;
12/05/2026 17:50:23;armas;Cajado Sagrado do;T7;.1;T7_MAIN_HOLYSTAFF@1;Lymhurst;367985;;60640;;;2026-05-12T13:10:00;0001-01-01T00:00:00;2026-05-12T16:05:00;;;;367985;;
12/05/2026 17:50:23;armas;Cajado Sagrado do;T7;.2;T7_MAIN_HOLYSTAFF@2;Lymhurst;1350000;;507793;;;2026-05-12T13:10:00;0001-01-01T00:00:00;2026-05-12T16:05:00;;;;1350000;;
12/05/2026 17:50:23;armas;Cajado Sagrado do;T7;.3;T7_MAIN_HOLYSTAFF@3;Lymhurst;5499999;;2394964;;;2026-05-12T13:00:00;0001-01-01T00:00:00;2026-05-12T16:00:00;;;;5499999;;
12/05/2026 17:50:23;armas;Cajado Sagrado do;T8;.0;T8_MAIN_HOLYSTAFF;Lymhurst;418965;;197080;;;2026-05-12T01:50:00;0001-01-01T00:00:00;2026-05-12T16:05:00;;;496990;418965;;429963
12/05/2026 17:50:23;armas;Cajado Sagrado do;T8;.1;T8_MAIN_HOLYSTAFF@1;Fort Sterling;1499000;;227370;;;2026-05-12T03:00:00;0001-01-01T00:00:00;2026-05-12T16:05:00;;;1499000;;;
12/05/2026 17:50:23;armas;Cajado Sagrado do;T8;.2;T8_MAIN_HOLYSTAFF@2;Fort Sterling;5149994;;60632;;;2026-05-12T15:20:00;0001-01-01T00:00:00;2026-05-12T16:05:00;;;5149994;;;
12/05/2026 17:50:23;armas;Cajado Sagrado do;T8;.3;T8_MAIN_HOLYSTAFF@3;;;;485072;;;;0001-01-01T00:00:00;2026-05-12T16:00:00;;;;;;
12/05/2026 17:50:23;armas;Cajado Selvagem;T5;.0;T5_2H_WILDSTAFF;Caerleon;29997;;29072;;;2026-05-11T21:45:00;0001-01-01T00:00:00;2026-05-12T15:10:00;;29997;;;;
12/05/2026 17:50:23;armas;Cajado Selvagem;T5;.1;T5_2H_WILDSTAFF@1;Caerleon;40965;;34101;;;2026-05-12T15:05:00;0001-01-01T00:00:00;2026-05-12T15:25:00;;40965;;;;
12/05/2026 17:50:23;armas;Cajado Selvagem;T5;.2;T5_2H_WILDSTAFF@2;Martlock;82368;;85884;;;2026-05-12T19:20:00;0001-01-01T00:00:00;2026-05-12T15:25:00;;;;;82368;
12/05/2026 17:50:23;armas;Cajado Selvagem;T5;.3;T5_2H_WILDSTAFF@3;;;;308233;;;;0001-01-01T00:00:00;2026-05-12T15:25:00;;;;;;
12/05/2026 17:50:23;armas;Cajado Selvagem;T6;.0;T6_2H_WILDSTAFF;Lymhurst;15753;;7578;;;2026-05-12T01:50:00;0001-01-01T00:00:00;2026-05-12T16:05:00;;69874;444441;15753;;
12/05/2026 17:50:23;armas;Cajado Selvagem;T6;.1;T6_2H_WILDSTAFF@1;Fort Sterling;120995;;90936;;;2026-05-12T15:20:00;0001-01-01T00:00:00;2026-05-12T16:00:00;;150498;120995;;;
12/05/2026 17:50:23;armas;Cajado Selvagem;T6;.2;T6_2H_WILDSTAFF@2;Thetford;499988;;505300;;;2026-05-12T16:05:00;0001-01-01T00:00:00;2026-05-12T16:05:00;;;;;;499988
12/05/2026 17:50:23;armas;Cajado Selvagem;T6;.3;T6_2H_WILDSTAFF@3;Fort Sterling;1457990;;70742;;;2026-05-12T15:20:00;0001-01-01T00:00:00;2026-05-12T16:05:00;;;1457990;;;
12/05/2026 17:50:23;armas;Cajado Selvagem;T7;.0;T7_2H_WILDSTAFF;Fort Sterling;148965;;212184;;;2026-05-12T15:50:00;0001-01-01T00:00:00;2026-05-12T16:00:00;;230000;148965;;;249998
12/05/2026 17:50:23;armas;Cajado Selvagem;T7;.1;T7_2H_WILDSTAFF@1;Fort Sterling;359871;;171802;;;2026-05-12T15:20:00;0001-01-01T00:00:00;2026-05-12T16:05:00;;;359871;;;379875
12/05/2026 17:50:23;armas;Cajado Selvagem;T7;.2;T7_2H_WILDSTAFF@2;Fort Sterling;1599969;;576042;;;2026-05-12T15:20:00;0001-01-01T00:00:00;2026-05-12T16:00:00;;2000000;1599969;;;2000097
12/05/2026 17:50:23;armas;Cajado Selvagem;T7;.3;T7_2H_WILDSTAFF@3;;;;3395448;;;;0001-01-01T00:00:00;2026-05-12T16:00:00;;;;;;
12/05/2026 17:50:23;armas;Cajado Selvagem;T8;.0;T8_2H_WILDSTAFF;Fort Sterling;599990;;363816;;;2026-05-12T15:20:00;0001-01-01T00:00:00;2026-05-12T16:05:00;;799999;599990;;;
12/05/2026 17:50:23;armas;Cajado Selvagem;T8;.1;T8_2H_WILDSTAFF@1;Fort Sterling;1497976;;1051024;;;2026-05-12T15:20:00;0001-01-01T00:00:00;2026-05-12T16:05:00;;;1497976;;;
12/05/2026 17:50:23;armas;Cajado Selvagem;T8;.2;T8_2H_WILDSTAFF@2;;;;1556247;;;;0001-01-01T00:00:00;2026-05-12T16:00:00;;;;;;
12/05/2026 17:50:23;armas;Cajado Selvagem;T8;.3;T8_2H_WILDSTAFF@3;;;;2021150;;;;0001-01-01T00:00:00;2026-05-12T16:00:00;;;;;;
12/05/2026 17:50:23;armas;Cajado da Natureza Elevado;T5;.0;T5_2H_NATURESTAFF;Fort Sterling;20377;;19592;;;2026-05-12T15:05:00;0001-01-01T00:00:00;2026-05-12T15:25:00;;29985;20377;;;
12/05/2026 17:50:23;armas;Cajado da Natureza Elevado;T5;.1;T5_2H_NATURESTAFF@1;;;60934;23997;;;;2026-05-12T16:25:00;2026-05-12T15:25:00;;;;;;
12/05/2026 17:50:23;armas;Cajado da Natureza Elevado;T5;.2;T5_2H_NATURESTAFF@2;Caerleon;199996;;73254;;;2026-05-12T15:25:00;0001-01-01T00:00:00;2026-05-12T15:25:00;;199996;;;;
12/05/2026 17:50:23;armas;Cajado da Natureza Elevado;T5;.3;T5_2H_NATURESTAFF@3;;;;197067;;;;0001-01-01T00:00:00;2026-05-12T15:25:00;;;;;;
12/05/2026 17:50:23;armas;Cajado da Natureza Elevado;T6;.0;T6_2H_NATURESTAFF;Fort Sterling;45998;;34101;;;2026-05-12T15:35:00;0001-01-01T00:00:00;2026-05-12T16:05:00;;104996;45998;;;
12/05/2026 17:50:23;armas;Cajado da Natureza Elevado;T6;.1;T6_2H_NATURESTAFF@1;Lymhurst;148977;;176820;;;2026-05-12T13:50:00;0001-01-01T00:00:00;2026-05-12T16:05:00;;;149993;148977;;
12/05/2026 17:50:23;armas;Cajado da Natureza Elevado;T6;.2;T6_2H_NATURESTAFF@2;Fort Sterling;470000;;570989;;;2026-05-12T15:20:00;0001-01-01T00:00:00;2026-05-12T16:05:00;;;470000;500000;;
12/05/2026 17:50:23;armas;Cajado da Natureza Elevado;T6;.3;T6_2H_NATURESTAFF@3;Fort Sterling;1400852;;1606854;;;2026-05-12T15:20:00;0001-01-01T00:00:00;2026-05-12T16:05:00;;;1400852;1499984;;
12/05/2026 17:50:23;armas;Cajado da Natureza Elevado;T7;.0;T7_2H_NATURESTAFF;Fort Sterling;210893;;181872;;;2026-05-12T15:20:00;0001-01-01T00:00:00;2026-05-12T16:05:00;;;210893;;;
12/05/2026 17:50:23;armas;Cajado da Natureza Elevado;T7;.1;T7_2H_NATURESTAFF@1;Lymhurst;484891;659977;30318;175086;36,11;2026-05-12T13:50:00;2026-05-12T04:55:00;2026-05-12T16:05:00;;;629999;484891;;
12/05/2026 17:50:23;armas;Cajado da Natureza Elevado;T7;.2;T7_2H_NATURESTAFF@2;Lymhurst;1469418;;464876;;;2026-05-12T13:50:00;0001-01-01T00:00:00;2026-05-12T16:05:00;;2000000;1600958;1469418;;
12/05/2026 17:50:23;armas;Cajado da Natureza Elevado;T7;.3;T7_2H_NATURESTAFF@3;Lymhurst;5453999;;485064;;;2026-05-12T13:50:00;0001-01-01T00:00:00;2026-05-12T16:05:00;;;5599987;5453999;;
12/05/2026 17:50:23;armas;Cajado da Natureza Elevado;T8;.0;T8_2H_NATURESTAFF;Lymhurst;740000;;752897;;;2026-05-12T13:50:00;0001-01-01T00:00:00;2026-05-12T16:05:00;;;999986;740000;;
12/05/2026 17:50:23;armas;Cajado da Natureza Elevado;T8;.1;T8_2H_NATURESTAFF@1;Fort Sterling;1490998;;1222826;;;2026-05-12T15:20:00;0001-01-01T00:00:00;2026-05-12T16:05:00;;;1490998;;;
12/05/2026 17:50:23;armas;Cajado da Natureza Elevado;T8;.2;T8_2H_NATURESTAFF@2;;;;4244310;;;;0001-01-01T00:00:00;2026-05-12T19:05:00;;;;;;
12/05/2026 17:50:23;armas;Cajado da Natureza Elevado;T8;.3;T8_2H_NATURESTAFF@3;;;;8690945;;;;0001-01-01T00:00:00;2026-05-12T16:05:00;;;;;;
12/05/2026 17:50:23;armas;Cajado da Natureza do;T5;.0;T5_MAIN_NATURESTAFF;Caerleon;17900;;18960;;;2026-05-12T15:05:00;0001-01-01T00:00:00;2026-05-12T15:25:00;;17900;;;;
12/05/2026 17:50:23;armas;Cajado da Natureza do;T5;.1;T5_MAIN_NATURESTAFF@1;Caerleon;49995;;28410;;;2026-05-12T15:20:00;0001-01-01T00:00:00;2026-05-12T15:25:00;;49995;;;;
12/05/2026 17:50:23;armas;Cajado da Natureza do;T5;.2;T5_MAIN_NATURESTAFF@2;Caerleon;290000;;104225;;;2026-05-12T15:25:00;0001-01-01T00:00:00;2026-05-12T15:25:00;;290000;;;;
12/05/2026 17:50:23;armas;Cajado da Natureza do;T5;.3;T5_MAIN_NATURESTAFF@3;;;;109910;;;;0001-01-01T00:00:00;2026-05-12T15:25:00;;;;;;
12/05/2026 17:50:23;armas;Cajado da Natureza do;T6;.0;T6_MAIN_NATURESTAFF;Lymhurst;26000;;23675;;;2026-05-12T13:50:00;0001-01-01T00:00:00;2026-05-12T16:05:00;;45000;32983;26000;;
12/05/2026 17:50:23;armas;Cajado da Natureza do;T6;.1;T6_MAIN_NATURESTAFF@1;Fort Sterling;104987;;147810;;;2026-05-12T15:20:00;0001-01-01T00:00:00;2026-05-12T16:05:00;;;104987;;;
12/05/2026 17:50:23;armas;Cajado da Natureza do;T6;.2;T6_MAIN_NATURESTAFF@2;Lymhurst;329998;;128860;;;2026-05-12T13:50:00;0001-01-01T00:00:00;2026-05-12T16:05:00;;509998;349894;329998;;
12/05/2026 17:50:23;armas;Cajado da Natureza do;T6;.3;T6_MAIN_NATURESTAFF@3;Lymhurst;1199999;;1076218;;;2026-05-12T13:50:00;0001-01-01T00:00:00;2026-05-12T16:05:00;;;1249999;1199999;;
12/05/2026 17:50:23;armas;Cajado da Natureza do;T7;.0;T7_MAIN_NATURESTAFF;Fort Sterling;124993;219994;66325;95001;76,01;2026-05-12T15:50:00;2026-05-12T16:00:00;2026-05-12T16:05:00;;219989;124993;;;
12/05/2026 17:50:23;armas;Cajado da Natureza do;T7;.1;T7_MAIN_NATURESTAFF@1;Fort Sterling;320000;;348680;;;2026-05-12T15:20:00;0001-01-01T00:00:00;2026-05-12T16:05:00;;488879;320000;;;
12/05/2026 17:50:23;armas;Cajado da Natureza do;T7;.2;T7_MAIN_NATURESTAFF@2;Lymhurst;1298869;;1242956;;;2026-05-12T13:50:00;0001-01-01T00:00:00;2026-05-12T16:05:00;;;1349991;1298869;;
12/05/2026 17:50:23;armas;Cajado da Natureza do;T7;.3;T7_MAIN_NATURESTAFF@3;Lymhurst;3999999;;1530958;;;2026-05-12T13:50:00;0001-01-01T00:00:00;2026-05-12T16:00:00;;;;3999999;;
12/05/2026 17:50:23;armas;Cajado da Natureza do;T8;.0;T8_MAIN_NATURESTAFF;Lymhurst;450000;;560920;;;2026-05-12T13:50:00;0001-01-01T00:00:00;2026-05-12T16:05:00;;;476999;450000;;
12/05/2026 17:50:23;armas;Cajado da Natureza do;T8;.1;T8_MAIN_NATURESTAFF@1;Fort Sterling;1099995;1417922;83369;317927;28,90;2026-05-12T15:20:00;2026-05-12T16:25:00;2026-05-12T16:05:00;;;1099995;;;
12/05/2026 17:50:23;armas;Cajado da Natureza do;T8;.2;T8_MAIN_NATURESTAFF@2;;;;394108;;;;0001-01-01T00:00:00;2026-05-12T16:00:00;;;;;;
12/05/2026 17:50:23;armas;Cajado da Natureza do;T8;.3;T8_MAIN_NATURESTAFF@3;;;;4456599;;;;0001-01-01T00:00:00;2026-05-12T16:00:00;;;;;;
12/05/2026 17:50:23;armas;Cajado de Fogo Elevado;T5;.0;T5_2H_FIRESTAFF;Thetford;9897;25940;25912;16043;162,10;2026-05-12T14:45:00;2026-05-12T17:20:00;2026-05-12T16:55:00;;27998;;;;9897
12/05/2026 17:50:23;armas;Cajado de Fogo Elevado;T5;.1;T5_2H_FIRESTAFF@1;;;;22734;;;;0001-01-01T00:00:00;2026-05-12T16:55:00;;;;;;
12/05/2026 17:50:23;armas;Cajado de Fogo Elevado;T5;.2;T5_2H_FIRESTAFF@2;Caerleon;289999;;113670;;;2026-05-12T15:20:00;0001-01-01T00:00:00;2026-05-12T16:55:00;;289999;;;;
12/05/2026 17:50:23;armas;Cajado de Fogo Elevado;T5;.3;T5_2H_FIRESTAFF@3;;;;636678;;;;0001-01-01T00:00:00;2026-05-12T15:45:00;;;;;;
12/05/2026 17:50:23;armas;Cajado de Fogo Elevado;T6;.0;T6_2H_FIRESTAFF;Fort Sterling;66632;;1263;;;2026-05-12T15:20:00;0001-01-01T00:00:00;2026-05-12T16:05:00;;104953;66632;;;
12/05/2026 17:50:23;armas;Cajado de Fogo Elevado;T6;.1;T6_2H_FIRESTAFF@1;Fort Sterling;123975;;149034;;;2026-05-12T15:20:00;0001-01-01T00:00:00;2026-05-12T16:05:00;;136988;123975;;;
12/05/2026 17:50:23;armas;Cajado de Fogo Elevado;T6;.2;T6_2H_FIRESTAFF@2;Fort Sterling;498994;;535618;;;2026-05-12T15:20:00;0001-01-01T00:00:00;2026-05-12T16:00:00;;;498994;;;
12/05/2026 17:50:23;armas;Cajado de Fogo Elevado;T6;.3;T6_2H_FIRESTAFF@3;Fort Sterling;1549995;;1253144;;;2026-05-12T15:20:00;0001-01-01T00:00:00;2026-05-12T16:05:00;;;1549995;;;
12/05/2026 17:50:23;armas;Cajado de Fogo Elevado;T7;.0;T7_2H_FIRESTAFF;Fort Sterling;177765;239998;207132;62233;35,01;2026-05-12T15:20:00;2026-05-11T22:10:00;2026-05-12T16:05:00;;949492;177765;;;
12/05/2026 17:50:23;armas;Cajado de Fogo Elevado;T7;.1;T7_2H_FIRESTAFF@1;Fort Sterling;428986;;343604;;;2026-05-12T15:20:00;0001-01-01T00:00:00;2026-05-12T16:05:00;;;428986;;;
12/05/2026 17:50:23;armas;Cajado de Fogo Elevado;T7;.2;T7_2H_FIRESTAFF@2;;;;1333992;;;;0001-01-01T00:00:00;2026-05-12T16:05:00;;;;;;
12/05/2026 17:50:23;armas;Cajado de Fogo Elevado;T7;.3;T7_2H_FIRESTAFF@3;;;;2809329;;;;0001-01-01T00:00:00;2026-05-12T16:00:00;;;;;;
12/05/2026 17:50:23;armas;Cajado de Fogo Elevado;T8;.0;T8_2H_FIRESTAFF;Thetford;475000;677768;626572;202768;42,69;2026-05-11T23:35:00;2026-05-12T04:55:00;2026-05-12T16:05:00;487975;;523999;549998;;475000
12/05/2026 17:50:23;armas;Cajado de Fogo Elevado;T8;.1;T8_2H_FIRESTAFF@1;Fort Sterling;1499996;;1374416;;;2026-05-12T15:15:00;0001-01-01T00:00:00;2026-05-12T16:05:00;;;1499996;;;
12/05/2026 17:50:23;armas;Cajado de Fogo Elevado;T8;.2;T8_2H_FIRESTAFF@2;;;;4365576;;;;0001-01-01T00:00:00;2026-05-12T19:05:00;;;;;;
12/05/2026 17:50:23;armas;Cajado de Fogo Elevado;T8;.3;T8_2H_FIRESTAFF@3;;;;6386834;;;;0001-01-01T00:00:00;2026-05-12T16:00:00;;;;;;
12/05/2026 17:50:23;armas;Cajado de Fogo do;T5;.0;T5_MAIN_FIRESTAFF;Caerleon;15865;;2370;;;2026-05-12T15:05:00;0001-01-01T00:00:00;2026-05-12T16:55:00;;15865;;;;
12/05/2026 17:50:23;armas;Cajado de Fogo do;T5;.1;T5_MAIN_FIRESTAFF@1;Caerleon;45980;;5682;;;2026-05-12T15:20:00;0001-01-01T00:00:00;2026-05-12T16:55:00;;45980;;;;
12/05/2026 17:50:23;armas;Cajado de Fogo do;T5;.2;T5_MAIN_FIRESTAFF@2;Thetford;120000;;15160;;;2026-05-11T22:35:00;0001-01-01T00:00:00;2026-05-12T16:55:00;;144999;;;;120000
12/05/2026 17:50:23;armas;Cajado de Fogo do;T5;.3;T5_MAIN_FIRESTAFF@3;Caerleon;459998;;382790;;;2026-05-12T17:40:00;0001-01-01T00:00:00;2026-05-12T16:55:00;;459998;;;;
12/05/2026 17:50:23;armas;Cajado de Fogo do;T6;.0;T6_MAIN_FIRESTAFF;Bridgewatch;28886;52972;37880;24086;83,38;2026-05-12T02:45:00;2026-05-12T15:50:00;2026-05-12T16:05:00;28886;46929;40050;;;
12/05/2026 17:50:23;armas;Cajado de Fogo do;T6;.1;T6_MAIN_FIRESTAFF@1;Fort Sterling;116947;;28425;;;2026-05-12T15:20:00;0001-01-01T00:00:00;2026-05-12T16:05:00;;;116947;;;
12/05/2026 17:50:23;armas;Cajado de Fogo do;T6;.2;T6_MAIN_FIRESTAFF@2;Fort Sterling;415530;;352470;;;2026-05-12T15:20:00;0001-01-01T00:00:00;2026-05-12T16:05:00;;;415530;;;474552
12/05/2026 17:50:23;armas;Cajado de Fogo do;T6;.3;T6_MAIN_FIRESTAFF@3;Fort Sterling;1300000;;257686;;;2026-05-12T15:20:00;0001-01-01T00:00:00;2026-05-12T16:05:00;;;1300000;;;
12/05/2026 17:50:23;armas;Cajado de Fogo do;T7;.0;T7_MAIN_FIRESTAFF;Lymhurst;129990;;117490;;;2026-05-12T01:50:00;0001-01-01T00:00:00;2026-05-12T16:05:00;;;137987;129990;;
12/05/2026 17:50:23;armas;Cajado de Fogo do;T7;.1;T7_MAIN_FIRESTAFF@1;Caerleon;779960;444891;140230;-335069;-42,96;2026-05-12T17:40:00;2026-05-12T03:10:00;2026-05-12T16:05:00;;779960;;;;
12/05/2026 17:50:23;armas;Cajado de Fogo do;T7;.2;T7_MAIN_FIRESTAFF@2;Fort Sterling;1199949;;45474;;;2026-05-12T15:20:00;0001-01-01T00:00:00;2026-05-12T16:05:00;;;1199949;;;
12/05/2026 17:50:23;armas;Cajado de Fogo do;T7;.3;T7_MAIN_FIRESTAFF@3;Fort Sterling;4500000;;3744026;;;2026-05-12T15:15:00;0001-01-01T00:00:00;2026-05-12T16:00:00;;;4500000;;;
12/05/2026 17:50:23;armas;Cajado de Fogo do;T8;.0;T8_MAIN_FIRESTAFF;Bridgewatch;439995;;37900;;;2026-05-12T03:25:00;0001-01-01T00:00:00;2026-05-12T16:05:00;439995;;449997;484980;;
12/05/2026 17:50:23;armas;Cajado de Fogo do;T8;.1;T8_MAIN_FIRESTAFF@1;Caerleon;1699998;;704847;;;2026-05-12T17:40:00;0001-01-01T00:00:00;2026-05-12T16:05:00;;1699998;;;;
12/05/2026 17:50:23;armas;Cajado de Fogo do;T8;.2;T8_MAIN_FIRESTAFF@2;Fort Sterling;4000000;;1379378;;;2026-05-12T15:15:00;0001-01-01T00:00:00;2026-05-12T16:00:00;;;4000000;;;
12/05/2026 17:50:23;armas;Cajado de Fogo do;T8;.3;T8_MAIN_FIRESTAFF@3;;;;4183746;;;;0001-01-01T00:00:00;2026-05-12T16:00:00;;;;;;
12/05/2026 17:50:23;armas;Cajado de Gelo Elevado;T5;.0;T5_2H_FROSTSTAFF;Lymhurst;11989;;14536;;;2026-05-11T22:20:00;0001-01-01T00:00:00;2026-05-12T15:25:00;;24975;17990;11989;;
12/05/2026 17:50:23;armas;Cajado de Gelo Elevado;T5;.1;T5_2H_FROSTSTAFF@1;Caerleon;44999;;30312;;;2026-05-12T15:20:00;0001-01-01T00:00:00;2026-05-12T15:25:00;;44999;;;;
12/05/2026 17:50:23;armas;Cajado de Gelo Elevado;T5;.2;T5_2H_FROSTSTAFF@2;Fort Sterling;88994;;20208;;;2026-05-12T19:05:00;0001-01-01T00:00:00;2026-05-12T15:40:00;;219999;88994;;;
12/05/2026 17:50:23;armas;Cajado de Gelo Elevado;T5;.3;T5_2H_FROSTSTAFF@3;;;;328445;;;;0001-01-01T00:00:00;2026-05-12T15:25:00;;;;;;
12/05/2026 17:50:23;armas;Cajado de Gelo Elevado;T6;.0;T6_2H_FROSTSTAFF;Fort Sterling;38775;;32838;;;2026-05-12T19:05:00;0001-01-01T00:00:00;2026-05-12T16:05:00;;54973;38775;;;
12/05/2026 17:50:23;armas;Cajado de Gelo Elevado;T6;.1;T6_2H_FROSTSTAFF@1;Fort Sterling;89998;;98514;;;2026-05-12T15:20:00;0001-01-01T00:00:00;2026-05-12T16:05:00;;149999;89998;;;
12/05/2026 17:50:23;armas;Cajado de Gelo Elevado;T6;.2;T6_2H_FROSTSTAFF@2;Fort Sterling;400000;;464876;;;2026-05-12T15:20:00;0001-01-01T00:00:00;2026-05-12T16:05:00;;;400000;;;
12/05/2026 17:50:23;armas;Cajado de Gelo Elevado;T6;.3;T6_2H_FROSTSTAFF@3;Fort Sterling;1399999;;949964;;;2026-05-12T15:20:00;0001-01-01T00:00:00;2026-05-12T16:05:00;;1750000;1399999;;;
12/05/2026 17:50:23;armas;Cajado de Gelo Elevado;T7;.0;T7_2H_FROSTSTAFF;Fort Sterling;132998;;40416;;;2026-05-12T15:50:00;0001-01-01T00:00:00;2026-05-12T16:05:00;;199999;132998;;;
12/05/2026 17:50:23;armas;Cajado de Gelo Elevado;T7;.1;T7_2H_FROSTSTAFF@1;Fort Sterling;339999;;419399;;;2026-05-12T15:20:00;0001-01-01T00:00:00;2026-05-12T16:00:00;;449997;339999;;;
12/05/2026 17:50:23;armas;Cajado de Gelo Elevado;T7;.2;T7_2H_FROSTSTAFF@2;Fort Sterling;1499994;;373922;;;2026-05-12T15:20:00;0001-01-01T00:00:00;2026-05-12T16:00:00;;;1499994;;;
12/05/2026 17:50:23;armas;Cajado de Gelo Elevado;T7;.3;T7_2H_FROSTSTAFF@3;;;;4830429;;;;0001-01-01T00:00:00;2026-05-12T16:00:00;;;;;;
12/05/2026 17:50:23;armas;Cajado de Gelo Elevado;T8;.0;T8_2H_FROSTSTAFF;;;;434558;;;;0001-01-01T00:00:00;2026-05-12T16:05:00;;;;;;
12/05/2026 17:50:23;armas;Cajado de Gelo Elevado;T8;.1;T8_2H_FROSTSTAFF@1;Fort Sterling;1249999;;1303674;;;2026-05-12T15:20:00;0001-01-01T00:00:00;2026-05-12T16:05:00;;;1249999;;;
12/05/2026 17:50:23;armas;Cajado de Gelo Elevado;T8;.2;T8_2H_FROSTSTAFF@2;Fort Sterling;6893848;;5436759;;;2026-05-12T15:20:00;0001-01-01T00:00:00;2026-05-12T16:05:00;;;6893848;;;
12/05/2026 17:50:23;armas;Cajado de Gelo Elevado;T8;.3;T8_2H_FROSTSTAFF@3;;;;7720793;;;;0001-01-01T00:00:00;2026-05-12T16:05:00;;;;;;
12/05/2026 17:50:23;armas;Cajado de Gelo do;T5;.0;T5_MAIN_FROSTSTAFF;Fort Sterling;4830;;474;;;2026-05-12T18:55:00;0001-01-01T00:00:00;2026-05-12T15:55:00;6288;16000;4830;8340;;
12/05/2026 17:50:23;armas;Cajado de Gelo do;T5;.1;T5_MAIN_FROSTSTAFF@1;Lymhurst;14982;;12311;;;2026-05-12T13:10:00;0001-01-01T00:00:00;2026-05-12T15:25:00;18999;29785;;14982;;
12/05/2026 17:50:23;armas;Cajado de Gelo do;T5;.2;T5_MAIN_FROSTSTAFF@2;Fort Sterling;65991;;13265;;;2026-05-12T19:50:00;0001-01-01T00:00:00;2026-05-12T15:25:00;;;65991;;;
12/05/2026 17:50:23;armas;Cajado de Gelo do;T5;.3;T5_MAIN_FROSTSTAFF@3;Caerleon;750000;;394160;;;2026-05-12T17:40:00;0001-01-01T00:00:00;2026-05-12T15:25:00;;750000;;;;
12/05/2026 17:50:23;armas;Cajado de Gelo do;T6;.0;T6_MAIN_FROSTSTAFF;Fort Sterling;21991;35998;6629;14007;63,69;2026-05-12T15:45:00;2026-05-12T05:35:00;2026-05-12T16:05:00;;41000;21991;22828;;
12/05/2026 17:50:23;armas;Cajado de Gelo do;T6;.1;T6_MAIN_FROSTSTAFF@1;Bridgewatch;54996;;43585;;;2026-05-12T15:25:00;0001-01-01T00:00:00;2026-05-12T16:05:00;54996;99993;68081;;69933;64000
12/05/2026 17:50:23;armas;Cajado de Gelo do;T6;.2;T6_MAIN_FROSTSTAFF@2;Fort Sterling;330711;;128860;;;2026-05-12T15:20:00;0001-01-01T00:00:00;2026-05-12T16:05:00;;650000;330711;;;
12/05/2026 17:50:23;armas;Cajado de Gelo do;T6;.3;T6_MAIN_FROSTSTAFF@3;Fort Sterling;1279989;;83369;;;2026-05-12T15:20:00;0001-01-01T00:00:00;2026-05-12T16:05:00;;1699999;1279989;;;
12/05/2026 17:50:23;armas;Cajado de Gelo do;T7;.0;T7_MAIN_FROSTSTAFF;Lymhurst;95197;;54955;;;2026-05-12T01:50:00;0001-01-01T00:00:00;2026-05-12T16:05:00;;139989;99968;95197;;
12/05/2026 17:50:23;armas;Cajado de Gelo do;T7;.1;T7_MAIN_FROSTSTAFF@1;Fort Sterling;319764;;174340;;;2026-05-12T15:20:00;0001-01-01T00:00:00;2026-05-12T16:05:00;;;319764;;;
12/05/2026 17:50:23;armas;Cajado de Gelo do;T7;.2;T7_MAIN_FROSTSTAFF@2;Fort Sterling;1199993;;568425;;;2026-05-12T15:20:00;0001-01-01T00:00:00;2026-05-12T16:05:00;;;1199993;;;
12/05/2026 17:50:23;armas;Cajado de Gelo do;T7;.3;T7_MAIN_FROSTSTAFF@3;Fort Sterling;3999995;;803374;;;2026-05-12T15:20:00;0001-01-01T00:00:00;2026-05-12T16:00:00;;;3999995;;;
12/05/2026 17:50:23;armas;Cajado de Gelo do;T8;.0;T8_MAIN_FROSTSTAFF;Fort Sterling;389997;;49270;;;2026-05-12T15:40:00;0001-01-01T00:00:00;2026-05-12T16:05:00;409965;799999;389997;414952;;405967
12/05/2026 17:50:23;armas;Cajado de Gelo do;T8;.1;T8_MAIN_FROSTSTAFF@1;Fort Sterling;964999;;803374;;;2026-05-12T15:20:00;0001-01-01T00:00:00;2026-05-12T16:05:00;;;964999;983989;;
12/05/2026 17:50:23;armas;Cajado de Gelo do;T8;.2;T8_MAIN_FROSTSTAFF@2;Fort Sterling;4499989;;3046758;;;2026-05-12T15:20:00;0001-01-01T00:00:00;2026-05-12T16:00:00;;;4499989;;;
12/05/2026 17:50:23;armas;Cajado de Gelo do;T8;.3;T8_MAIN_FROSTSTAFF@3;;;;4577867;;;;0001-01-01T00:00:00;2026-05-12T16:05:00;;;;;;
12/05/2026 17:50:23;armas;Escudo do;T5;.0;T5_OFF_SHIELD;Caerleon;5564;6880;6004;1316;23,65;2026-05-12T10:40:00;2026-05-12T17:55:00;2026-05-12T17:55:00;;5564;;;;
12/05/2026 17:50:23;armas;Escudo do;T5;.1;T5_OFF_SHIELD@1;;;;11060;;;;0001-01-01T00:00:00;2026-05-12T04:55:00;;;;;;
12/05/2026 17:50:23;armas;Escudo do;T5;.2;T5_OFF_SHIELD@2;;;;24016;;;;0001-01-01T00:00:00;2026-05-11T21:30:00;;;;;;
12/05/2026 17:50:23;armas;Escudo do;T5;.3;T5_OFF_SHIELD@3;;;;176820;;;;0001-01-01T00:00:00;2026-05-12T10:40:00;;;;;;
12/05/2026 17:50:23;armas;Escudo do;T6;.0;T6_OFF_SHIELD;Caerleon;13191;17000;17064;3809;28,88;2026-05-12T10:40:00;2026-05-12T09:35:00;2026-05-12T10:40:00;;13191;;;;
12/05/2026 17:50:23;armas;Escudo do;T6;.1;T6_OFF_SHIELD@1;Lymhurst;22000;35327;13272;13327;60,58;2026-05-12T16:15:00;2026-05-12T09:35:00;2026-05-12T10:40:00;;28974;;22000;;
12/05/2026 17:50:23;armas;Escudo do;T6;.2;T6_OFF_SHIELD@2;;;;142719;;;;0001-01-01T00:00:00;2026-05-12T10:45:00;;;;;;
12/05/2026 17:50:23;armas;Escudo do;T6;.3;T6_OFF_SHIELD@3;;;;176820;;;;0001-01-01T00:00:00;2026-05-12T10:40:00;;;;;;
12/05/2026 17:50:23;armas;Escudo do;T7;.0;T7_OFF_SHIELD;Caerleon;40995;48980;13272;7985;19,48;2026-05-12T10:40:00;2026-05-12T09:35:00;2026-05-12T10:45:00;;40995;;;;
12/05/2026 17:50:23;armas;Escudo do;T7;.1;T7_OFF_SHIELD@1;Caerleon;149998;;70728;;;2026-05-12T10:40:00;0001-01-01T00:00:00;2026-05-12T10:40:00;;149998;;;;
12/05/2026 17:50:23;armas;Escudo do;T7;.2;T7_OFF_SHIELD@2;;;;366270;;;;0001-01-01T00:00:00;2026-05-12T10:45:00;;;;;;
12/05/2026 17:50:23;armas;Escudo do;T7;.3;T7_OFF_SHIELD@3;;;;1141978;;;;0001-01-01T00:00:00;2026-05-12T10:40:00;;;;;;
12/05/2026 17:50:23;armas;Escudo do;T8;.0;T8_OFF_SHIELD;;;;126300;;;;0001-01-01T00:00:00;2026-05-12T10:40:00;;;;;;
12/05/2026 17:50:23;armas;Escudo do;T8;.1;T8_OFF_SHIELD@1;Caerleon;399987;;318276;;;2026-05-12T10:40:00;0001-01-01T00:00:00;2026-05-12T10:40:00;;399987;;;;
12/05/2026 17:50:23;armas;Escudo do;T8;.2;T8_OFF_SHIELD@2;;;;1121766;;;;0001-01-01T00:00:00;2026-05-12T10:40:00;;;;;;
12/05/2026 17:50:23;armas;Escudo do;T8;.3;T8_OFF_SHIELD@3;;;;3153072;;;;0001-01-01T00:00:00;2026-05-12T10:40:00;;;;;;
12/05/2026 17:50:23;armas;Espada Larga;T5;.0;T5_MAIN_SWORD;Caerleon;19197;25548;8532;6351;33,08;2026-05-12T15:05:00;2026-05-12T16:25:00;2026-05-12T15:25:00;;19197;;;;
12/05/2026 17:50:23;armas;Espada Larga;T5;.1;T5_MAIN_SWORD@1;Caerleon;32985;;16099;;;2026-05-12T15:05:00;0001-01-01T00:00:00;2026-05-12T15:25:00;;32985;;;;
12/05/2026 17:50:23;armas;Espada Larga;T5;.2;T5_MAIN_SWORD@2;Caerleon;199988;;9475;;;2026-05-12T15:20:00;0001-01-01T00:00:00;2026-05-12T15:25:00;;199988;;;;
12/05/2026 17:50:23;armas;Espada Larga;T5;.3;T5_MAIN_SWORD@3;;;;447220;;;;0001-01-01T00:00:00;2026-05-12T15:25:00;;;;;;
12/05/2026 17:50:23;armas;Espada Larga;T6;.0;T6_MAIN_SWORD;Lymhurst;34678;40589;3788;5911;17,05;2026-05-12T01:50:00;2026-05-12T20:00:00;2026-05-12T20:00:00;;49988;397001;34678;;
12/05/2026 17:50:23;armas;Espada Larga;T6;.1;T6_MAIN_SWORD@1;Fort Sterling;148985;;130755;;;2026-05-12T15:20:00;0001-01-01T00:00:00;2026-05-12T16:05:00;;;148985;;;
12/05/2026 17:50:23;armas;Espada Larga;T6;.2;T6_MAIN_SWORD@2;Fort Sterling;388882;;416900;;;2026-05-12T15:20:00;0001-01-01T00:00:00;2026-05-12T16:05:00;;620981;388882;;;
12/05/2026 17:50:23;armas;Espada Larga;T6;.3;T6_MAIN_SWORD@3;Fort Sterling;1199000;;159159;;;2026-05-12T15:20:00;0001-01-01T00:00:00;2026-05-12T16:05:00;;3000000;1199000;;;
12/05/2026 17:50:23;armas;Espada Larga;T7;.0;T7_MAIN_SWORD;Lymhurst;119994;;142125;;;2026-05-12T01:50:00;0001-01-01T00:00:00;2026-05-12T16:05:00;;298998;129994;119994;;
12/05/2026 17:50:23;armas;Espada Larga;T7;.1;T7_MAIN_SWORD@1;Fort Sterling;349944;;242560;;;2026-05-12T15:15:00;0001-01-01T00:00:00;2026-05-12T16:05:00;;;349944;;;
12/05/2026 17:50:23;armas;Espada Larga;T7;.2;T7_MAIN_SWORD@2;Bridgewatch;1499989;;864006;;;2026-05-12T16:50:00;0001-01-01T00:00:00;2026-05-12T16:05:00;1499989;;1699999;;;
12/05/2026 17:50:23;armas;Espada Larga;T7;.3;T7_MAIN_SWORD@3;;;;924638;;;;0001-01-01T00:00:00;2026-05-12T16:05:00;;;;;;
12/05/2026 17:50:23;armas;Espada Larga;T8;.0;T8_MAIN_SWORD;Fort Sterling;470944;;318360;;;2026-05-12T15:40:00;0001-01-01T00:00:00;2026-05-12T16:05:00;;899999;470944;489971;;
12/05/2026 17:50:23;armas;Espada Larga;T8;.1;T8_MAIN_SWORD@1;;;;947375;;;;0001-01-01T00:00:00;2026-05-12T16:05:00;;;;;;
12/05/2026 17:50:23;armas;Espada Larga;T8;.2;T8_MAIN_SWORD@2;Bridgewatch;2995000;;803374;;;2026-05-11T21:00:00;0001-01-01T00:00:00;2026-05-12T16:05:00;2995000;;5100212;;;
12/05/2026 17:50:23;armas;Espada Larga;T8;.3;T8_MAIN_SWORD@3;;;;5275158;;;;0001-01-01T00:00:00;2026-05-12T16:05:00;;;;;;
12/05/2026 17:50:23;armas;Espadas Duplas;T5;.0;T5_2H_DUALSWORD;Lymhurst;23990;;28440;;;2026-05-12T01:50:00;0001-01-01T00:00:00;2026-05-12T15:25:00;;;27699;23990;32299;
12/05/2026 17:50:23;armas;Espadas Duplas;T5;.1;T5_2H_DUALSWORD@1;Caerleon;47999;;40416;;;2026-05-12T15:05:00;0001-01-01T00:00:00;2026-05-12T15:25:00;;47999;;55679;;
12/05/2026 17:50:23;armas;Espadas Duplas;T5;.2;T5_2H_DUALSWORD@2;Caerleon;151872;;126300;;;2026-05-12T15:20:00;0001-01-01T00:00:00;2026-05-12T15:25:00;;151872;;;;
12/05/2026 17:50:23;armas;Espadas Duplas;T5;.3;T5_2H_DUALSWORD@3;Caerleon;624980;;520459;;;2026-05-12T17:40:00;0001-01-01T00:00:00;2026-05-12T15:45:00;;624980;;;;
12/05/2026 17:50:23;armas;Espadas Duplas;T6;.0;T6_2H_DUALSWORD;Caerleon;76398;;65676;;;2026-05-12T19:45:00;0001-01-01T00:00:00;2026-05-12T16:05:00;;76398;90137;;;
12/05/2026 17:50:23;armas;Espadas Duplas;T6;.1;T6_2H_DUALSWORD@1;Fort Sterling;200769;;2526;;;2026-05-12T15:20:00;0001-01-01T00:00:00;2026-05-12T16:05:00;;229983;200769;;;
12/05/2026 17:50:23;armas;Espadas Duplas;T6;.2;T6_2H_DUALSWORD@2;Lymhurst;589984;;621519;;;2026-05-11T22:00:00;0001-01-01T00:00:00;2026-05-12T16:05:00;;;;589984;;
12/05/2026 17:50:23;armas;Espadas Duplas;T6;.3;T6_2H_DUALSWORD@3;;;;282968;;;;0001-01-01T00:00:00;2026-05-12T16:05:00;;;;;;
12/05/2026 17:50:23;armas;Espadas Duplas;T7;.0;T7_2H_DUALSWORD;Fort Sterling;299999;;207132;;;2026-05-12T15:15:00;0001-01-01T00:00:00;2026-05-12T16:05:00;359985;385666;299999;;;397995
12/05/2026 17:50:23;armas;Espadas Duplas;T7;.1;T7_2H_DUALSWORD@1;Thetford;728999;798999;717526;70000;9,60;2026-05-11T23:20:00;2026-05-12T04:30:00;2026-05-12T16:05:00;749988;;;;;728999
12/05/2026 17:50:23;armas;Espadas Duplas;T7;.2;T7_2H_DUALSWORD@2;Fort Sterling;1899992;2144437;192014;244445;12,87;2026-05-12T15:15:00;2026-05-12T02:50:00;2026-05-12T16:05:00;;;1899992;;;
12/05/2026 17:50:23;armas;Espadas Duplas;T7;.3;T7_2H_DUALSWORD@3;;;;3617769;;;;0001-01-01T00:00:00;2026-05-12T16:00:00;;;;;;
12/05/2026 17:50:23;armas;Espadas Duplas;T8;.0;T8_2H_DUALSWORD;;;;429505;;;;0001-01-01T00:00:00;2026-05-12T16:05:00;;;;;;
12/05/2026 17:50:23;armas;Espadas Duplas;T8;.1;T8_2H_DUALSWORD@1;;;;262756;;;;0001-01-01T00:00:00;2026-05-12T16:05:00;;;;;;
12/05/2026 17:50:23;armas;Espadas Duplas;T8;.2;T8_2H_DUALSWORD@2;;;;444642;;;;0001-01-01T00:00:00;2026-05-12T16:05:00;;;;;;
12/05/2026 17:50:23;armas;Espadas Duplas;T8;.3;T8_2H_DUALSWORD@3;;;;363807;;;;0001-01-01T00:00:00;2026-05-12T16:00:00;;;;;;
12/05/2026 17:50:23;armas;Garras do;T5;.0;T5_2H_CLAWPAIR;Bridgewatch;19895;34449;13904;14554;73,15;2026-05-12T00:15:00;2026-05-12T16:25:00;2026-05-12T15:20:00;19895;;;21952;;
12/05/2026 17:50:23;armas;Garras do;T5;.1;T5_2H_CLAWPAIR@1;Caerleon;124998;;55572;;;2026-05-12T15:20:00;0001-01-01T00:00:00;2026-05-12T15:25:00;;124998;;;;
12/05/2026 17:50:23;armas;Garras do;T5;.2;T5_2H_CLAWPAIR@2;Thetford;112999;;149034;;;2026-05-11T22:50:00;0001-01-01T00:00:00;2026-05-12T15:40:00;119999;;;;;112999
12/05/2026 17:50:23;armas;Garras do;T5;.3;T5_2H_CLAWPAIR@3;;;;358763;;;;0001-01-01T00:00:00;2026-05-12T15:20:00;;;;;;
12/05/2026 17:50:23;armas;Garras do;T6;.0;T6_2H_CLAWPAIR;Bridgewatch;53993;;66939;;;2026-05-12T00:15:00;0001-01-01T00:00:00;2026-05-12T16:05:00;53993;111101;64977;;;
12/05/2026 17:50:23;armas;Garras do;T6;.1;T6_2H_CLAWPAIR@1;Fort Sterling;134000;;121248;;;2026-05-12T03:10:00;0001-01-01T00:00:00;2026-05-12T16:05:00;135998;;134000;;;
12/05/2026 17:50:23;armas;Garras do;T6;.2;T6_2H_CLAWPAIR@2;Fort Sterling;559469;;181908;;;2026-05-12T15:25:00;0001-01-01T00:00:00;2026-05-12T16:05:00;590973;;559469;;;599999
12/05/2026 17:50:23;armas;Garras do;T6;.3;T6_2H_CLAWPAIR@3;Fort Sterling;1626977;;1667490;;;2026-05-12T15:25:00;0001-01-01T00:00:00;2026-05-12T16:05:00;;;1626977;;;
12/05/2026 17:50:23;armas;Garras do;T7;.0;T7_2H_CLAWPAIR;Fort Sterling;198963;;260178;;;2026-05-12T19:55:00;0001-01-01T00:00:00;2026-05-12T16:05:00;;399997;198963;;;
12/05/2026 17:50:23;armas;Garras do;T7;.1;T7_2H_CLAWPAIR@1;Fort Sterling;649943;;591201;;;2026-05-12T15:15:00;0001-01-01T00:00:00;2026-05-12T16:05:00;;;649943;;;
12/05/2026 17:50:23;armas;Garras do;T7;.2;T7_2H_CLAWPAIR@2;Lymhurst;1699985;;525512;;;2026-05-11T21:40:00;0001-01-01T00:00:00;2026-05-12T16:05:00;1789998;;1759995;1699985;;
12/05/2026 17:50:23;armas;Garras do;T7;.3;T7_2H_CLAWPAIR@3;Fort Sterling;4170000;;323376;;;2026-05-12T15:15:00;0001-01-01T00:00:00;2026-05-12T16:00:00;;;4170000;;;
12/05/2026 17:50:23;armas;Garras do;T8;.0;T8_2H_CLAWPAIR;;;;434558;;;;0001-01-01T00:00:00;2026-05-12T16:05:00;;;;;;
12/05/2026 17:50:23;armas;Garras do;T8;.1;T8_2H_CLAWPAIR@1;Fort Sterling;1788886;;232438;;;2026-05-12T15:15:00;0001-01-01T00:00:00;2026-05-12T16:05:00;;;1788886;;;
12/05/2026 17:50:23;armas;Garras do;T8;.2;T8_2H_CLAWPAIR@2;;;;505275;;;;0001-01-01T00:00:00;2026-05-12T16:05:00;;;;;;
12/05/2026 17:50:23;armas;Garras do;T8;.3;T8_2H_CLAWPAIR@3;;;;7397409;;;;0001-01-01T00:00:00;2026-05-12T16:00:00;;;;;;
12/05/2026 17:50:23;armas;Lança do;T5;.0;T5_MAIN_SPEAR;Caerleon;13986;20399;19434;6413;45,85;2026-05-12T11:55:00;2026-05-12T16:25:00;2026-05-12T15:10:00;;13986;;;;
12/05/2026 17:50:23;armas;Lança do;T5;.1;T5_MAIN_SPEAR@1;Caerleon;37776;;16099;;;2026-05-12T15:05:00;0001-01-01T00:00:00;2026-05-12T15:25:00;;37776;;;;
12/05/2026 17:50:23;armas;Lança do;T5;.2;T5_MAIN_SPEAR@2;;;;53060;;;;0001-01-01T00:00:00;2026-05-12T15:10:00;;;;;;
12/05/2026 17:50:23;armas;Lança do;T5;.3;T5_MAIN_SPEAR@3;Caerleon;499990;;269090;;;2026-05-12T01:10:00;0001-01-01T00:00:00;2026-05-12T15:25:00;;499990;;;;
12/05/2026 17:50:23;armas;Lança do;T6;.0;T6_MAIN_SPEAR;Lymhurst;34996;;22728;;;2026-05-12T01:50:00;0001-01-01T00:00:00;2026-05-12T16:05:00;;54978;38971;34996;;
12/05/2026 17:50:23;armas;Lança do;T6;.1;T6_MAIN_SPEAR@1;Fort Sterling;110946;;24635;;;2026-05-12T15:25:00;0001-01-01T00:00:00;2026-05-12T16:05:00;;;110946;;;
12/05/2026 17:50:23;armas;Lança do;T6;.2;T6_MAIN_SPEAR@2;Fort Sterling;313000;;30320;;;2026-05-12T15:25:00;0001-01-01T00:00:00;2026-05-12T16:05:00;;490984;313000;;;
12/05/2026 17:50:23;armas;Lança do;T6;.3;T6_MAIN_SPEAR@3;;;;1008007;;;;0001-01-01T00:00:00;2026-05-12T16:05:00;;;;;;
12/05/2026 17:50:23;armas;Lança do;T7;.0;T7_MAIN_SPEAR;Lymhurst;149181;;195185;;;2026-05-12T01:50:00;0001-01-01T00:00:00;2026-05-12T16:00:00;;;153997;149181;;
12/05/2026 17:50:23;armas;Lança do;T7;.1;T7_MAIN_SPEAR@1;;;410654;212240;;;;2026-05-12T05:00:00;2026-05-12T16:05:00;;;;;;
12/05/2026 17:50:23;armas;Lança do;T7;.2;T7_MAIN_SPEAR@2;Fort Sterling;1398998;;113685;;;2026-05-12T15:15:00;0001-01-01T00:00:00;2026-05-12T16:05:00;;;1398998;;;
12/05/2026 17:50:23;armas;Lança do;T7;.3;T7_MAIN_SPEAR@3;;;;4562558;;;;0001-01-01T00:00:00;2026-05-12T16:00:00;;;;;;
12/05/2026 17:50:23;armas;Lança do;T8;.0;T8_MAIN_SPEAR;Fort Sterling;519990;;79590;;;2026-05-12T15:40:00;0001-01-01T00:00:00;2026-05-12T16:05:00;;;519990;;;
12/05/2026 17:50:23;armas;Lança do;T8;.1;T8_MAIN_SPEAR@1;Fort Sterling;1099999;;954954;;;2026-05-12T15:15:00;0001-01-01T00:00:00;2026-05-12T16:05:00;;;1099999;;;
12/05/2026 17:50:23;armas;Lança do;T8;.2;T8_MAIN_SPEAR@2;;;;257686;;;;0001-01-01T00:00:00;2026-05-12T16:05:00;;;;;;
12/05/2026 17:50:23;armas;Lança do;T8;.3;T8_MAIN_SPEAR@3;;;;5426743;;;;0001-01-01T00:00:00;2026-05-12T16:00:00;;;;;;
12/05/2026 17:50:23;armas;Luvas de Lutador;T5;.0;T5_2H_KNUCKLES_SET1;Fort Sterling;25000;47299;8848;22299;89,20;2026-05-12T00:40:00;2026-05-12T17:40:00;2026-05-12T17:40:00;;49959;25000;;;39924
12/05/2026 17:50:23;armas;Luvas de Lutador;T5;.1;T5_2H_KNUCKLES_SET1@1;;;85900;27786;;;;2026-05-12T08:20:00;2026-05-12T15:25:00;;;;;;
12/05/2026 17:50:23;armas;Luvas de Lutador;T5;.2;T5_2H_KNUCKLES_SET1@2;Martlock;139970;;108618;;;2026-05-12T16:40:00;0001-01-01T00:00:00;2026-05-12T15:40:00;;214998;144900;;139970;
12/05/2026 17:50:23;armas;Luvas de Lutador;T5;.3;T5_2H_KNUCKLES_SET1@3;Caerleon;800000;;80848;;;2026-05-12T17:40:00;0001-01-01T00:00:00;2026-05-12T15:25:00;;800000;;;;
12/05/2026 17:50:23;armas;Luvas de Lutador;T6;.0;T6_2H_KNUCKLES_SET1;Thetford;73298;94738;69465;21440;29,25;2026-05-12T04:35:00;2026-05-12T17:40:00;2026-05-12T17:40:00;;133921;80964;;;73298
12/05/2026 17:50:23;armas;Luvas de Lutador;T6;.1;T6_2H_KNUCKLES_SET1@1;Fort Sterling;159981;212427;121248;52446;32,78;2026-05-12T15:25:00;2026-05-12T08:50:00;2026-05-12T16:05:00;;224978;159981;;;
12/05/2026 17:50:23;armas;Luvas de Lutador;T6;.2;T6_2H_KNUCKLES_SET1@2;Fort Sterling;467998;622207;161696;154209;32,95;2026-05-12T15:25:00;2026-05-12T08:50:00;2026-05-12T16:05:00;;614996;467998;;;
12/05/2026 17:50:23;armas;Luvas de Lutador;T6;.3;T6_2H_KNUCKLES_SET1@3;Lymhurst;1499998;;788268;;;2026-05-12T13:35:00;0001-01-01T00:00:00;2026-05-12T16:05:00;;;;1499998;;
12/05/2026 17:50:23;armas;Luvas de Lutador;T7;.0;T7_2H_KNUCKLES_SET1;Lymhurst;264994;355615;280386;90621;34,20;2026-05-12T01:45:00;2026-05-12T17:40:00;2026-05-12T17:40:00;;398999;274996;264994;;271994
12/05/2026 17:50:23;armas;Luvas de Lutador;T7;.1;T7_2H_KNUCKLES_SET1@1;Fort Sterling;580999;;535618;;;2026-05-12T15:15:00;0001-01-01T00:00:00;2026-05-12T16:05:00;;;580999;;;669965
12/05/2026 17:50:23;armas;Luvas de Lutador;T7;.2;T7_2H_KNUCKLES_SET1@2;Fort Sterling;1680000;;636678;;;2026-05-12T15:15:00;0001-01-01T00:00:00;2026-05-12T16:05:00;;;1680000;1690976;;
12/05/2026 17:50:23;armas;Luvas de Lutador;T7;.3;T7_2H_KNUCKLES_SET1@3;Lymhurst;5000000;;4365576;;;2026-05-12T17:00:00;0001-01-01T00:00:00;2026-05-12T16:00:00;;;;5000000;;
12/05/2026 17:50:23;armas;Luvas de Lutador;T8;.0;T8_2H_KNUCKLES_SET1;Fort Sterling;535951;647948;126325;111997;20,90;2026-05-12T15:15:00;2026-05-12T17:40:00;2026-05-12T17:40:00;;;535951;597998;;
12/05/2026 17:50:23;armas;Luvas de Lutador;T8;.1;T8_2H_KNUCKLES_SET1@1;Fort Sterling;1649994;1919999;990388;270005;16,36;2026-05-12T15:15:00;2026-05-12T08:20:00;2026-05-12T16:05:00;;;1649994;1799987;;
12/05/2026 17:50:23;armas;Luvas de Lutador;T8;.2;T8_2H_KNUCKLES_SET1@2;Fort Sterling;4999997;;2182788;;;2026-05-12T15:15:00;0001-01-01T00:00:00;2026-05-12T16:00:00;;;4999997;;;
12/05/2026 17:50:23;armas;Luvas de Lutador;T8;.3;T8_2H_KNUCKLES_SET1@3;;;;10307865;;;;0001-01-01T00:00:00;2026-05-12T16:05:00;;;;;;
12/05/2026 17:50:23;armas;Machado de Guerra;T5;.0;T5_MAIN_AXE;Thetford;8499;;14220;;;2026-05-12T14:45:00;0001-01-01T00:00:00;2026-05-12T15:25:00;10988;11110;9587;;;8499
12/05/2026 17:50:23;armas;Machado de Guerra;T5;.1;T5_MAIN_AXE@1;Caerleon;30974;;25569;;;2026-05-12T15:05:00;0001-01-01T00:00:00;2026-05-12T15:25:00;36489;30974;;;;
12/05/2026 17:50:23;armas;Machado de Guerra;T5;.2;T5_MAIN_AXE@2;Caerleon;96970;;96645;;;2026-05-12T15:05:00;0001-01-01T00:00:00;2026-05-12T15:40:00;109998;96970;;;;
12/05/2026 17:50:23;armas;Machado de Guerra;T5;.3;T5_MAIN_AXE@3;Thetford;411993;;41690;;;2026-05-11T22:55:00;0001-01-01T00:00:00;2026-05-12T15:25:00;;509690;;;;411993
12/05/2026 17:50:23;armas;Machado de Guerra;T6;.0;T6_MAIN_AXE;Fort Sterling;32989;36933;32198;3944;11,96;2026-05-12T15:25:00;2026-05-12T14:55:00;2026-05-12T16:05:00;;39982;32989;35970;;39991
12/05/2026 17:50:23;armas;Machado de Guerra;T6;.1;T6_MAIN_AXE@1;Fort Sterling;107973;;87170;;;2026-05-12T03:10:00;0001-01-01T00:00:00;2026-05-12T16:05:00;;;107973;;;
12/05/2026 17:50:23;armas;Machado de Guerra;T6;.2;T6_MAIN_AXE@2;Fort Sterling;359988;;295620;;;2026-05-12T15:25:00;0001-01-01T00:00:00;2026-05-12T16:05:00;;499869;359988;;;
12/05/2026 17:50:23;armas;Machado de Guerra;T6;.3;T6_MAIN_AXE@3;Thetford;1090000;;1023165;;;2026-05-11T23:05:00;0001-01-01T00:00:00;2026-05-12T16:00:00;;1268997;;;;1090000
12/05/2026 17:50:23;armas;Machado de Guerra;T7;.0;T7_MAIN_AXE;Lymhurst;137998;;147810;;;2026-05-12T01:45:00;0001-01-01T00:00:00;2026-05-12T16:05:00;;;149694;137998;139992;
12/05/2026 17:50:23;armas;Machado de Guerra;T7;.1;T7_MAIN_AXE@1;Fort Sterling;474982;;394160;;;2026-05-12T15:15:00;0001-01-01T00:00:00;2026-05-12T16:05:00;;;474982;;;
12/05/2026 17:50:23;armas;Machado de Guerra;T7;.2;T7_MAIN_AXE@2;Fort Sterling;1299997;;1182324;;;2026-05-12T15:15:00;0001-01-01T00:00:00;2026-05-12T16:05:00;;;1299997;;;
12/05/2026 17:50:23;armas;Machado de Guerra;T7;.3;T7_MAIN_AXE@3;;;;530530;;;;0001-01-01T00:00:00;2026-05-12T16:00:00;;;;;;
12/05/2026 17:50:23;armas;Machado de Guerra;T8;.0;T8_MAIN_AXE;Lymhurst;361967;;109910;;;2026-05-12T01:45:00;0001-01-01T00:00:00;2026-05-12T16:05:00;;488488;;361967;;
12/05/2026 17:50:23;armas;Machado de Guerra;T8;.1;T8_MAIN_AXE@1;Fort Sterling;999998;;212212;;;2026-05-12T15:15:00;0001-01-01T00:00:00;2026-05-12T16:05:00;;1169990;999998;;;
12/05/2026 17:50:23;armas;Machado de Guerra;T8;.2;T8_MAIN_AXE@2;Bridgewatch;3999999;;2516228;;;2026-05-12T15:40:00;0001-01-01T00:00:00;2026-05-12T16:00:00;3999999;;;;;
12/05/2026 17:50:23;armas;Machado de Guerra;T8;.3;T8_MAIN_AXE@3;;;;394121;;;;0001-01-01T00:00:00;2026-05-12T16:00:00;;;;;;
12/05/2026 17:50:23;armas;Machadão;T5;.0;T5_2H_AXE;Bridgewatch;14998;28993;12008;13995;93,31;2026-05-12T11:40:00;2026-05-12T17:40:00;2026-05-12T17:40:00;14998;23593;18799;18672;;
12/05/2026 17:50:23;armas;Machadão;T5;.1;T5_2H_AXE@1;Lymhurst;38955;160875;26523;121920;312,98;2026-05-12T19:40:00;2026-05-11T22:10:00;2026-05-12T15:25:00;55540;70894;;38955;;
12/05/2026 17:50:23;armas;Machadão;T5;.2;T5_2H_AXE@2;;;;68202;;;;0001-01-01T00:00:00;2026-05-12T15:40:00;;;;;;
12/05/2026 17:50:23;armas;Machadão;T5;.3;T5_2H_AXE@3;Bridgewatch;497980;;25265;;;2026-05-12T11:40:00;0001-01-01T00:00:00;2026-05-12T15:25:00;497980;;;;;
12/05/2026 17:50:23;armas;Machadão;T6;.0;T6_2H_AXE;Fort Sterling;46964;62374;6315;15410;32,81;2026-05-12T15:25:00;2026-05-12T17:45:00;2026-05-12T17:45:00;;;46964;48697;;
12/05/2026 17:50:23;armas;Machadão;T6;.1;T6_2H_AXE@1;Fort Sterling;109992;126000;63150;16008;14,55;2026-05-12T15:25:00;2026-05-12T03:10:00;2026-05-12T16:05:00;;179996;109992;;;
12/05/2026 17:50:23;armas;Machadão;T6;.2;T6_2H_AXE@2;Thetford;428981;;500247;;;2026-05-12T02:10:00;0001-01-01T00:00:00;2026-05-12T16:05:00;;;;;;428981
12/05/2026 17:50:23;armas;Machadão;T6;.3;T6_2H_AXE@3;Fort Sterling;1400000;;576042;;;2026-05-12T15:25:00;0001-01-01T00:00:00;2026-05-12T16:05:00;;;1400000;;;
12/05/2026 17:50:23;armas;Machadão;T7;.0;T7_2H_AXE;Fort Sterling;169499;214995;2526;45496;26,84;2026-05-12T15:15:00;2026-05-12T17:45:00;2026-05-12T17:45:00;;;169499;;199953;
12/05/2026 17:50:23;armas;Machadão;T7;.1;T7_2H_AXE@1;Fort Sterling;378983;;343604;;;2026-05-12T15:15:00;0001-01-01T00:00:00;2026-05-12T16:05:00;429970;;378983;;;
12/05/2026 17:50:23;armas;Machadão;T7;.2;T7_2H_AXE@2;Fort Sterling;1599997;;515406;;;2026-05-12T15:15:00;0001-01-01T00:00:00;2026-05-12T16:05:00;;;1599997;;;
12/05/2026 17:50:23;armas;Machadão;T7;.3;T7_2H_AXE@3;Martlock;5000000;;4082622;;;2026-05-11T23:10:00;0001-01-01T00:00:00;2026-05-12T16:05:00;;;;;5000000;
12/05/2026 17:50:23;armas;Machadão;T8;.0;T8_2H_AXE;Fort Sterling;439929;609992;161696;170063;38,66;2026-05-12T15:40:00;2026-05-12T17:45:00;2026-05-12T17:45:00;;;439929;;;
12/05/2026 17:50:23;armas;Machadão;T8;.1;T8_2H_AXE@1;Fort Sterling;1599996;;1293568;;;2026-05-12T15:15:00;0001-01-01T00:00:00;2026-05-12T16:05:00;1999999;;1599996;;;
12/05/2026 17:50:23;armas;Machadão;T8;.2;T8_2H_AXE@2;Bridgewatch;5199999;;4709163;;;2026-05-12T02:10:00;0001-01-01T00:00:00;2026-05-12T16:05:00;5199999;;;;;
12/05/2026 17:50:23;armas;Machadão;T8;.3;T8_2H_AXE@3;Fort Sterling;8888888;;8125023;;;2026-05-12T15:15:00;0001-01-01T00:00:00;2026-05-12T16:00:00;;;8888888;;;
12/05/2026 17:50:23;armas;Manoplas Cravadas;T5;.0;T5_2H_KNUCKLES_SET3;Martlock;20994;;13272;;;2026-05-12T16:40:00;0001-01-01T00:00:00;2026-05-12T15:25:00;;;;;20994;
12/05/2026 17:50:23;armas;Manoplas Cravadas;T5;.1;T5_2H_KNUCKLES_SET3@1;Martlock;35887;;20208;;;2026-05-12T16:40:00;0001-01-01T00:00:00;2026-05-12T15:10:00;;;;;35887;
12/05/2026 17:50:23;armas;Manoplas Cravadas;T5;.2;T5_2H_KNUCKLES_SET3@2;Martlock;109993;;151560;;;2026-05-12T16:40:00;0001-01-01T00:00:00;2026-05-12T15:40:00;;;;;109993;
12/05/2026 17:50:23;armas;Manoplas Cravadas;T5;.3;T5_2H_KNUCKLES_SET3@3;Thetford;569995;;692261;;;2026-05-11T23:15:00;0001-01-01T00:00:00;2026-05-12T15:25:00;;730989;;;;569995
12/05/2026 17:50:23;armas;Manoplas Cravadas;T6;.0;T6_2H_KNUCKLES_SET3;Fort Sterling;74926;98022;54309;23096;30,83;2026-05-12T15:25:00;2026-05-12T09:00:00;2026-05-12T16:05:00;;119981;74926;75951;;
12/05/2026 17:50:23;armas;Manoplas Cravadas;T6;.1;T6_2H_KNUCKLES_SET3@1;Fort Sterling;149981;211969;95988;61988;41,33;2026-05-12T15:25:00;2026-05-12T08:50:00;2026-05-12T16:05:00;;239984;149981;;;
12/05/2026 17:50:23;armas;Manoplas Cravadas;T6;.2;T6_2H_KNUCKLES_SET3@2;Fort Sterling;529998;712044;171802;182046;34,35;2026-05-12T15:25:00;2026-05-12T09:00:00;2026-05-12T16:05:00;549993;;529998;;;
12/05/2026 17:50:23;armas;Manoplas Cravadas;T6;.3;T6_2H_KNUCKLES_SET3@3;;;;606360;;;;0001-01-01T00:00:00;2026-05-12T16:05:00;;;;;;
12/05/2026 17:50:23;armas;Manoplas Cravadas;T7;.0;T7_2H_KNUCKLES_SET3;Lymhurst;277771;;295542;;;2026-05-12T01:45:00;0001-01-01T00:00:00;2026-05-12T16:05:00;;500000;290950;277771;;
12/05/2026 17:50:23;armas;Manoplas Cravadas;T7;.1;T7_2H_KNUCKLES_SET3@1;Lymhurst;567990;;505300;;;2026-05-12T00:25:00;0001-01-01T00:00:00;2026-05-12T16:05:00;;;;567990;;
12/05/2026 17:50:23;armas;Manoplas Cravadas;T7;.2;T7_2H_KNUCKLES_SET3@2;Fort Sterling;1802211;;1394628;;;2026-05-12T15:15:00;0001-01-01T00:00:00;2026-05-12T16:05:00;;1999999;1802211;1999985;;
12/05/2026 17:50:23;armas;Manoplas Cravadas;T7;.3;T7_2H_KNUCKLES_SET3@3;;;;4931484;;;;0001-01-01T00:00:00;2026-05-12T16:00:00;;;;;;
12/05/2026 17:50:23;armas;Manoplas Cravadas;T8;.0;T8_2H_KNUCKLES_SET3;Lymhurst;565998;;35371;;;2026-05-12T01:45:00;0001-01-01T00:00:00;2026-05-12T16:05:00;;;589942;565998;;
12/05/2026 17:50:23;armas;Manoplas Cravadas;T8;.1;T8_2H_KNUCKLES_SET3@1;Fort Sterling;1789983;;242544;;;2026-05-12T15:15:00;0001-01-01T00:00:00;2026-05-12T16:05:00;;;1789983;;;
12/05/2026 17:50:23;armas;Manoplas Cravadas;T8;.2;T8_2H_KNUCKLES_SET3@2;Caerleon;8000000;;5275071;;;2026-05-11T21:25:00;0001-01-01T00:00:00;2026-05-12T19:05:00;;8000000;;;;
12/05/2026 17:50:23;armas;Manoplas Cravadas;T8;.3;T8_2H_KNUCKLES_SET3@3;;;;6346411;;;;0001-01-01T00:00:00;2026-05-12T16:00:00;;;;;;
12/05/2026 17:50:23;armas;Martelo Elevado;T5;.0;T5_2H_HAMMER;Thetford;18972;;32864;;;2026-05-12T14:50:00;0001-01-01T00:00:00;2026-05-12T15:40:00;;49998;;;;18972
12/05/2026 17:50:23;armas;Martelo Elevado;T5;.1;T5_2H_HAMMER@1;Caerleon;65989;;55572;;;2026-05-12T15:20:00;0001-01-01T00:00:00;2026-05-12T15:25:00;;65989;;;;
12/05/2026 17:50:23;armas;Martelo Elevado;T5;.2;T5_2H_HAMMER@2;;;;171768;;;;0001-01-01T00:00:00;2026-05-12T15:40:00;;;;;;
12/05/2026 17:50:23;armas;Martelo Elevado;T5;.3;T5_2H_HAMMER@3;;;;156643;;;;0001-01-01T00:00:00;2026-05-12T15:25:00;;;;;;
12/05/2026 17:50:23;armas;Martelo Elevado;T6;.0;T6_2H_HAMMER;Fort Sterling;55516;59991;2526;4475;8,06;2026-05-12T15:25:00;2026-05-12T15:20:00;2026-05-12T16:05:00;;59990;55516;;;
12/05/2026 17:50:23;armas;Martelo Elevado;T6;.1;T6_2H_HAMMER@1;Fort Sterling;131988;;174294;;;2026-05-12T03:10:00;0001-01-01T00:00:00;2026-05-12T16:05:00;;149998;131988;;;
12/05/2026 17:50:23;armas;Martelo Elevado;T6;.2;T6_2H_HAMMER@2;Fort Sterling;458921;;227385;;;2026-05-12T15:25:00;0001-01-01T00:00:00;2026-05-12T16:05:00;;;458921;;;
12/05/2026 17:50:23;armas;Martelo Elevado;T6;.3;T6_2H_HAMMER@3;Fort Sterling;1299985;1657972;1505794;357987;27,54;2026-05-12T15:25:00;2026-05-12T02:50:00;2026-05-12T16:05:00;;1950000;1299985;;;
12/05/2026 17:50:23;armas;Martelo Elevado;T7;.0;T7_2H_HAMMER;Fort Sterling;190987;;161664;;;2026-05-12T15:15:00;0001-01-01T00:00:00;2026-05-12T16:05:00;;;190987;;;
12/05/2026 17:50:23;armas;Martelo Elevado;T7;.1;T7_2H_HAMMER@1;Fort Sterling;429961;;525512;;;2026-05-12T15:35:00;0001-01-01T00:00:00;2026-05-12T16:05:00;;959988;429961;;;
12/05/2026 17:50:23;armas;Martelo Elevado;T7;.2;T7_2H_HAMMER@2;Fort Sterling;1449999;;1344098;;;2026-05-12T15:15:00;0001-01-01T00:00:00;2026-05-12T16:05:00;;;1449999;;;
12/05/2026 17:50:23;armas;Martelo Elevado;T7;.3;T7_2H_HAMMER@3;;;;4567686;;;;0001-01-01T00:00:00;2026-05-12T16:00:00;;;;;;
12/05/2026 17:50:23;armas;Martelo Elevado;T8;.0;T8_2H_HAMMER;Bridgewatch;499981;;399187;;;2026-05-11T21:00:00;0001-01-01T00:00:00;2026-05-12T16:05:00;499981;;562920;598000;;
12/05/2026 17:50:23;armas;Martelo Elevado;T8;.1;T8_2H_HAMMER@1;Fort Sterling;1396597;;161696;;;2026-05-12T15:15:00;0001-01-01T00:00:00;2026-05-12T16:00:00;;;1396597;;;
12/05/2026 17:50:23;armas;Martelo Elevado;T8;.2;T8_2H_HAMMER@2;Fort Sterling;5999995;;1293504;;;2026-05-12T15:15:00;0001-01-01T00:00:00;2026-05-12T16:05:00;;;5999995;;;
12/05/2026 17:50:23;armas;Martelo Elevado;T8;.3;T8_2H_HAMMER@3;;;;525499;;;;0001-01-01T00:00:00;2026-05-12T16:00:00;;;;;;
12/05/2026 17:50:23;armas;Martelo de Batalha;T5;.0;T5_2H_POLEHAMMER;;;;27176;;;;0001-01-01T00:00:00;2026-05-12T15:25:00;;;;;;
12/05/2026 17:50:23;armas;Martelo de Batalha;T5;.1;T5_2H_POLEHAMMER@1;Caerleon;49992;;13893;;;2026-05-12T15:20:00;0001-01-01T00:00:00;2026-05-12T15:10:00;;49992;;;;
12/05/2026 17:50:23;armas;Martelo de Batalha;T5;.2;T5_2H_POLEHAMMER@2;;;;181872;;;;0001-01-01T00:00:00;2026-05-12T15:25:00;;;;;;
12/05/2026 17:50:23;armas;Martelo de Batalha;T5;.3;T5_2H_POLEHAMMER@3;;;;550777;;;;0001-01-01T00:00:00;2026-05-12T15:45:00;;;;;;
12/05/2026 17:50:23;armas;Martelo de Batalha;T6;.0;T6_2H_POLEHAMMER;Fort Sterling;60824;;22734;;;2026-05-12T15:25:00;0001-01-01T00:00:00;2026-05-12T16:05:00;;74912;60824;;;
12/05/2026 17:50:23;armas;Martelo de Batalha;T6;.1;T6_2H_POLEHAMMER@1;Caerleon;149971;;101040;;;2026-05-12T15:20:00;0001-01-01T00:00:00;2026-05-12T16:05:00;;149971;190951;;;
12/05/2026 17:50:23;armas;Martelo de Batalha;T6;.2;T6_2H_POLEHAMMER@2;Fort Sterling;523998;;545724;;;2026-05-12T15:25:00;0001-01-01T00:00:00;2026-05-12T16:05:00;;699988;523998;;;
12/05/2026 17:50:23;armas;Martelo de Batalha;T6;.3;T6_2H_POLEHAMMER@3;Fort Sterling;1475551;;202120;;;2026-05-12T15:25:00;0001-01-01T00:00:00;2026-05-12T16:05:00;;;1475551;;;
12/05/2026 17:50:23;armas;Martelo de Batalha;T7;.0;T7_2H_POLEHAMMER;Fort Sterling;219865;;113670;;;2026-05-12T15:15:00;0001-01-01T00:00:00;2026-05-12T16:05:00;;238970;219865;;;
12/05/2026 17:50:23;armas;Martelo de Batalha;T7;.1;T7_2H_POLEHAMMER@1;Fort Sterling;559948;;192014;;;2026-05-12T15:35:00;0001-01-01T00:00:00;2026-05-12T16:05:00;;669999;559948;;;
12/05/2026 17:50:23;armas;Martelo de Batalha;T7;.2;T7_2H_POLEHAMMER@2;;;;1111660;;;;0001-01-01T00:00:00;2026-05-12T16:00:00;;;;;;
12/05/2026 17:50:23;armas;Martelo de Batalha;T7;.3;T7_2H_POLEHAMMER@3;Fort Sterling;6777761;;3718824;;;2026-05-12T15:15:00;0001-01-01T00:00:00;2026-05-12T16:00:00;;;6777761;;;
12/05/2026 17:50:23;armas;Martelo de Batalha;T8;.0;T8_2H_POLEHAMMER;Fort Sterling;549997;;186961;;;2026-05-12T15:15:00;0001-01-01T00:00:00;2026-05-12T16:05:00;;;549997;580784;;
12/05/2026 17:50:23;armas;Martelo de Batalha;T8;.1;T8_2H_POLEHAMMER@1;;;;565936;;;;0001-01-01T00:00:00;2026-05-12T16:05:00;;;;;;
12/05/2026 17:50:23;armas;Martelo de Batalha;T8;.2;T8_2H_POLEHAMMER@2;Fort Sterling;4999999;;1960467;;;2026-05-12T15:15:00;0001-01-01T00:00:00;2026-05-12T16:05:00;;;4999999;;;
12/05/2026 17:50:23;armas;Martelo de Batalha;T8;.3;T8_2H_POLEHAMMER@3;;;;1738189;;;;0001-01-01T00:00:00;2026-05-12T16:00:00;;;;;;
12/05/2026 17:50:23;armas;Martelo do;T5;.0;T5_MAIN_HAMMER;Martlock;10995;;8058;;;2026-05-12T13:45:00;0001-01-01T00:00:00;2026-05-12T15:10:00;;24934;18567;;10995;
12/05/2026 17:50:23;armas;Martelo do;T5;.1;T5_MAIN_HAMMER@1;Martlock;32972;;27463;;;2026-05-12T13:45:00;0001-01-01T00:00:00;2026-05-12T15:10:00;;34899;;;32972;
12/05/2026 17:50:23;armas;Martelo do;T5;.2;T5_MAIN_HAMMER@2;;;;145915;;;;0001-01-01T00:00:00;2026-05-12T15:10:00;;;;;;
12/05/2026 17:50:23;armas;Martelo do;T5;.3;T5_MAIN_HAMMER@3;;;;500280;;;;0001-01-01T00:00:00;2026-05-12T15:25:00;;;;;;
12/05/2026 17:50:23;armas;Martelo do;T6;.0;T6_MAIN_HAMMER;Lymhurst;28935;57480;25569;28545;98,65;2026-05-12T01:45:00;2026-05-12T06:40:00;2026-05-12T16:05:00;;40878;31991;28935;;
12/05/2026 17:50:23;armas;Martelo do;T6;.1;T6_MAIN_HAMMER@1;Fort Sterling;105421;189990;90960;84569;80,22;2026-05-12T15:25:00;2026-05-12T16:25:00;2026-05-12T16:05:00;;;105421;;;
12/05/2026 17:50:23;armas;Martelo do;T6;.2;T6_MAIN_HAMMER@2;Fort Sterling;410000;;189500;;;2026-05-12T15:25:00;0001-01-01T00:00:00;2026-05-12T16:05:00;;499898;410000;;;
12/05/2026 17:50:23;armas;Martelo do;T6;.3;T6_MAIN_HAMMER@3;;;;363792;;;;0001-01-01T00:00:00;2026-05-12T16:05:00;;;;;;
12/05/2026 17:50:23;armas;Martelo do;T7;.0;T7_MAIN_HAMMER;Fort Sterling;197752;244514;202765;46762;23,65;2026-05-12T15:15:00;2026-05-12T15:00:00;2026-05-12T16:05:00;;;197752;;;
12/05/2026 17:50:23;armas;Martelo do;T7;.1;T7_MAIN_HAMMER@1;Fort Sterling;425265;;394160;;;2026-05-12T15:35:00;0001-01-01T00:00:00;2026-05-12T16:05:00;;;425265;;;
12/05/2026 17:50:23;armas;Martelo do;T7;.2;T7_MAIN_HAMMER@2;;;;1053481;;;;0001-01-01T00:00:00;2026-05-12T16:05:00;;;;;;
12/05/2026 17:50:23;armas;Martelo do;T7;.3;T7_MAIN_HAMMER@3;;;;3865290;;;;0001-01-01T00:00:00;2026-05-12T16:00:00;;;;;;
12/05/2026 17:50:23;armas;Martelo do;T8;.0;T8_MAIN_HAMMER;Fort Sterling;499982;;246350;;;2026-05-12T15:40:00;0001-01-01T00:00:00;2026-05-12T16:05:00;;;499982;;;
12/05/2026 17:50:23;armas;Martelo do;T8;.1;T8_MAIN_HAMMER@1;;;;1326325;;;;0001-01-01T00:00:00;2026-05-12T16:05:00;;;;;;
12/05/2026 17:50:23;armas;Martelo do;T8;.2;T8_MAIN_HAMMER@2;;;;682110;;;;0001-01-01T00:00:00;2026-05-12T16:05:00;;;;;;
12/05/2026 17:50:23;armas;Martelo do;T8;.3;T8_MAIN_HAMMER@3;Fort Sterling;7500000;;8185590;;;2026-05-12T15:15:00;0001-01-01T00:00:00;2026-05-12T16:00:00;;;7500000;;;
12/05/2026 17:50:23;armas;Montante;T5;.0;T5_2H_CLAYMORE;Thetford;48998;;20856;;;2026-05-11T22:10:00;0001-01-01T00:00:00;2026-05-12T15:25:00;;;;;;48998
12/05/2026 17:50:23;armas;Montante;T5;.1;T5_2H_CLAYMORE@1;Thetford;55983;;74517;;;2026-05-11T22:10:00;0001-01-01T00:00:00;2026-05-12T15:25:00;;;;;;55983
12/05/2026 17:50:23;armas;Montante;T5;.2;T5_2H_CLAYMORE@2;;;;118722;;;;0001-01-01T00:00:00;2026-05-12T15:25:00;;;;;;
12/05/2026 17:50:23;armas;Montante;T5;.3;T5_2H_CLAYMORE@3;;;;419399;;;;0001-01-01T00:00:00;2026-05-12T15:25:00;;;;;;
12/05/2026 17:50:23;armas;Montante;T6;.0;T6_2H_CLAYMORE;Lymhurst;69987;;69465;;;2026-05-12T13:15:00;0001-01-01T00:00:00;2026-05-12T16:05:00;;144981;69995;69987;;
12/05/2026 17:50:23;armas;Montante;T6;.1;T6_2H_CLAYMORE@1;Fort Sterling;149878;;5052;;;2026-05-12T15:20:00;0001-01-01T00:00:00;2026-05-12T16:05:00;;161295;149878;;;194954
12/05/2026 17:50:23;armas;Montante;T6;.2;T6_2H_CLAYMORE@2;Fort Sterling;488998;;5053;;;2026-05-12T15:20:00;0001-01-01T00:00:00;2026-05-12T16:05:00;;609996;488998;;;
12/05/2026 17:50:23;armas;Montante;T6;.3;T6_2H_CLAYMORE@3;Fort Sterling;1490000;;1172296;;;2026-05-12T15:20:00;0001-01-01T00:00:00;2026-05-12T16:05:00;;;1490000;;;
12/05/2026 17:50:23;armas;Montante;T7;.0;T7_2H_CLAYMORE;Fort Sterling;190987;;106092;;;2026-05-12T15:15:00;0001-01-01T00:00:00;2026-05-12T16:05:00;;200000;190987;;;
12/05/2026 17:50:23;armas;Montante;T7;.1;T7_2H_CLAYMORE@1;Fort Sterling;494994;616666;570989;121672;24,58;2026-05-12T15:15:00;2026-05-11T21:40:00;2026-05-12T16:05:00;;;494994;;;
12/05/2026 17:50:23;armas;Montante;T7;.2;T7_2H_CLAYMORE@2;Fort Sterling;1699995;;1424946;;;2026-05-12T15:15:00;0001-01-01T00:00:00;2026-05-12T16:05:00;;;1699995;;;
12/05/2026 17:50:23;armas;Montante;T7;.3;T7_2H_CLAYMORE@3;;;;5052750;;;;0001-01-01T00:00:00;2026-05-12T16:05:00;;;;;;
12/05/2026 17:50:23;armas;Montante;T8;.0;T8_2H_CLAYMORE;Thetford;520000;;192014;;;2026-05-11T22:10:00;0001-01-01T00:00:00;2026-05-12T16:05:00;;;538877;;;520000
12/05/2026 17:50:23;armas;Montante;T8;.1;T8_2H_CLAYMORE@1;Fort Sterling;1789987;2195998;404240;406011;22,68;2026-05-12T15:15:00;2026-05-12T13:45:00;2026-05-12T16:05:00;;;1789987;;;
12/05/2026 17:50:23;armas;Montante;T8;.2;T8_2H_CLAYMORE@2;Thetford;9998772;;5376126;;;2026-05-11T22:10:00;0001-01-01T00:00:00;2026-05-12T19:05:00;;;;;;9998772
12/05/2026 17:50:23;armas;Montante;T8;.3;T8_2H_CLAYMORE@3;;;;12935360;;;;0001-01-01T00:00:00;2026-05-12T16:05:00;;;;;;
12/05/2026 17:50:23;armas;Par de Adagas;T5;.0;T5_2H_DAGGERPAIR;;;30589;29072;;;;2026-05-12T16:25:00;2026-05-12T15:25:00;;;;;;
12/05/2026 17:50:23;armas;Par de Adagas;T5;.1;T5_2H_DAGGERPAIR@1;Caerleon;95622;;56835;;;2026-05-12T15:20:00;0001-01-01T00:00:00;2026-05-12T15:25:00;;95622;;;;
12/05/2026 17:50:23;armas;Par de Adagas;T5;.2;T5_2H_DAGGERPAIR@2;;;;161664;;;;0001-01-01T00:00:00;2026-05-12T15:40:00;;;;;;
12/05/2026 17:50:23;armas;Par de Adagas;T5;.3;T5_2H_DAGGERPAIR@3;;;;90954;;;;0001-01-01T00:00:00;2026-05-12T15:20:00;;;;;;
12/05/2026 17:50:23;armas;Par de Adagas;T6;.0;T6_2H_DAGGERPAIR;Lymhurst;56400;84244;17682;27844;49,37;2026-05-12T13:15:00;2026-05-12T01:55:00;2026-05-12T16:05:00;;109992;60975;56400;;
12/05/2026 17:50:23;armas;Par de Adagas;T6;.1;T6_2H_DAGGERPAIR@1;Fort Sterling;159500;;20208;;;2026-05-12T15:25:00;0001-01-01T00:00:00;2026-05-12T16:05:00;;210970;159500;;;
12/05/2026 17:50:23;armas;Par de Adagas;T6;.2;T6_2H_DAGGERPAIR@2;Thetford;599990;;101060;;;2026-05-11T23:00:00;0001-01-01T00:00:00;2026-05-12T16:05:00;;;619946;632896;;599990
12/05/2026 17:50:23;armas;Par de Adagas;T6;.3;T6_2H_DAGGERPAIR@3;Fort Sterling;1848992;;1505794;;;2026-05-12T15:25:00;0001-01-01T00:00:00;2026-05-12T16:05:00;;;1848992;;;
12/05/2026 17:50:23;armas;Par de Adagas;T7;.0;T7_2H_DAGGERPAIR;Fort Sterling;210900;;35364;;;2026-05-12T15:40:00;0001-01-01T00:00:00;2026-05-12T16:05:00;;299989;210900;;;220000
12/05/2026 17:50:23;armas;Par de Adagas;T7;.1;T7_2H_DAGGERPAIR@1;Fort Sterling;649898;;535618;;;2026-05-12T15:15:00;0001-01-01T00:00:00;2026-05-12T16:05:00;;;649898;;;
12/05/2026 17:50:23;armas;Par de Adagas;T7;.2;T7_2H_DAGGERPAIR@2;Fort Sterling;1890977;;838798;;;2026-05-12T15:15:00;0001-01-01T00:00:00;2026-05-12T16:00:00;;;1890977;;;
12/05/2026 17:50:23;armas;Par de Adagas;T7;.3;T7_2H_DAGGERPAIR@3;;;;4102833;;;;0001-01-01T00:00:00;2026-05-12T16:00:00;;;;;;
12/05/2026 17:50:23;armas;Par de Adagas;T8;.0;T8_2H_DAGGERPAIR;Fort Sterling;699930;;25265;;;2026-05-12T15:40:00;0001-01-01T00:00:00;2026-05-12T16:05:00;;;699930;;;699981
12/05/2026 17:50:23;armas;Par de Adagas;T8;.1;T8_2H_DAGGERPAIR@1;;;;171802;;;;0001-01-01T00:00:00;2026-05-12T16:05:00;;;;;;
12/05/2026 17:50:23;armas;Par de Adagas;T8;.2;T8_2H_DAGGERPAIR@2;;;;1131816;;;;0001-01-01T00:00:00;2026-05-12T16:05:00;;;;;;
12/05/2026 17:50:23;armas;Par de Adagas;T8;.3;T8_2H_DAGGERPAIR@3;Lymhurst;14599989;;12329015;;;2026-05-12T18:15:00;0001-01-01T00:00:00;2026-05-12T16:05:00;;;;14599989;;
12/05/2026 17:50:23;armas;Pique;T5;.0;T5_2H_SPEAR;Bridgewatch;19789;32458;31600;12669;64,02;2026-05-12T19:25:00;2026-05-12T17:40:00;2026-05-12T17:40:00;19789;;;;;
12/05/2026 17:50:23;armas;Pique;T5;.1;T5_2H_SPEAR@1;Caerleon;59658;55288;54309;-4370;-7,33;2026-05-12T15:20:00;2026-05-12T17:35:00;2026-05-12T17:35:00;;59658;;;;
12/05/2026 17:50:23;armas;Pique;T5;.2;T5_2H_SPEAR@2;;;;32838;;;;0001-01-01T00:00:00;2026-05-12T15:25:00;;;;;;
12/05/2026 17:50:23;armas;Pique;T5;.3;T5_2H_SPEAR@3;;;;131378;;;;0001-01-01T00:00:00;2026-05-12T15:25:00;;;;;;
12/05/2026 17:50:23;armas;Pique;T6;.0;T6_2H_SPEAR;Fort Sterling;52990;69999;61887;17009;32,10;2026-05-12T15:20:00;2026-05-12T17:40:00;2026-05-12T17:40:00;;74968;52990;;;
12/05/2026 17:50:23;armas;Pique;T6;.1;T6_2H_SPEAR@1;Fort Sterling;105000;;121248;;;2026-05-12T15:25:00;0001-01-01T00:00:00;2026-05-12T16:05:00;;129980;105000;;;
12/05/2026 17:50:23;armas;Pique;T6;.2;T6_2H_SPEAR@2;Fort Sterling;369996;;495194;;;2026-05-12T15:25:00;0001-01-01T00:00:00;2026-05-12T16:05:00;;598880;369996;;;
12/05/2026 17:50:23;armas;Pique;T6;.3;T6_2H_SPEAR@3;Fort Sterling;1499993;;1000494;;;2026-05-12T15:25:00;0001-01-01T00:00:00;2026-05-12T16:05:00;;;1499993;;;
12/05/2026 17:50:23;armas;Pique;T7;.0;T7_2H_SPEAR;Lymhurst;149998;322000;121248;172002;114,67;2026-05-12T01:50:00;2026-05-12T17:40:00;2026-05-12T17:40:00;;;179997;149998;;
12/05/2026 17:50:23;armas;Pique;T7;.1;T7_2H_SPEAR@1;Fort Sterling;399980;554986;192014;155006;38,75;2026-05-12T15:15:00;2026-05-12T17:35:00;2026-05-12T17:35:00;;;399980;;;
12/05/2026 17:50:23;armas;Pique;T7;.2;T7_2H_SPEAR@2;Fort Sterling;1199999;;30318;;;2026-05-12T03:05:00;0001-01-01T00:00:00;2026-05-12T17:30:00;;;1199999;;;
12/05/2026 17:50:23;armas;Pique;T7;.3;T7_2H_SPEAR@3;Fort Sterling;9997769;;60633;;;2026-05-12T15:15:00;0001-01-01T00:00:00;2026-05-12T17:30:00;;;9997769;;;
12/05/2026 17:50:23;armas;Pique;T8;.0;T8_2H_SPEAR;Lymhurst;650000;768048;90954;118048;18,16;2026-05-12T01:50:00;2026-05-12T17:40:00;2026-05-12T17:40:00;;1499999;677999;650000;;
12/05/2026 17:50:23;armas;Pique;T8;.1;T8_2H_SPEAR@1;Fort Sterling;1299992;1556115;1273356;256123;19,70;2026-05-12T03:00:00;2026-05-12T17:40:00;2026-05-12T17:40:00;;;1299992;;;
12/05/2026 17:50:23;armas;Pique;T8;.2;T8_2H_SPEAR@2;Fort Sterling;3600000;;4224099;;;2026-05-12T15:15:00;0001-01-01T00:00:00;2026-05-12T16:00:00;;;3600000;5208329;;
12/05/2026 17:50:23;armas;Pique;T8;.3;T8_2H_SPEAR@3;;;;80846;;;;0001-01-01T00:00:00;2026-05-12T16:00:00;;;;;;
12/05/2026 17:50:23;armas;Tocha do;T5;.0;T5_OFF_TORCH;Caerleon;5692;;158;;;2026-05-11T22:35:00;0001-01-01T00:00:00;2026-05-11T21:50:00;;5692;;;;
12/05/2026 17:50:23;armas;Tocha do;T5;.1;T5_OFF_TORCH@1;Caerleon;90000;;;;;2026-05-12T04:50:00;0001-01-01T00:00:00;0001-01-01T00:00:00;;90000;;;;
12/05/2026 17:50:23;armas;Tocha do;T5;.2;T5_OFF_TORCH@2;Caerleon;79988;;32232;;;2026-05-11T21:25:00;0001-01-01T00:00:00;2026-05-11T21:30:00;;79988;;;;
12/05/2026 17:50:23;armas;Tocha do;T5;.3;T5_OFF_TORCH@3;;;176998;23997;;;;2026-05-12T16:25:00;2026-05-12T10:40:00;;;;;;
12/05/2026 17:50:23;armas;Tocha do;T6;.0;T6_OFF_TORCH;Caerleon;11103;19999;15168;8896;80,12;2026-05-12T10:40:00;2026-05-12T12:45:00;2026-05-12T10:40:00;;11103;;;;
12/05/2026 17:50:23;armas;Tocha do;T6;.1;T6_OFF_TORCH@1;Caerleon;59963;;33496;;;2026-05-12T10:40:00;0001-01-01T00:00:00;2026-05-12T10:40:00;;59963;;;;
12/05/2026 17:50:23;armas;Tocha do;T6;.2;T6_OFF_TORCH@2;;;;108618;;;;0001-01-01T00:00:00;2026-05-12T10:40:00;;;;;;
12/05/2026 17:50:23;armas;Tocha do;T6;.3;T6_OFF_TORCH@3;Thetford;319965;;214710;;;2026-05-11T23:05:00;0001-01-01T00:00:00;2026-05-12T10:40:00;;400990;;;;319965
12/05/2026 17:50:23;armas;Tocha do;T7;.0;T7_OFF_TORCH;Bridgewatch;46980;;4424;;;2026-05-12T17:25:00;0001-01-01T00:00:00;2026-05-12T10:40:00;46980;89997;;;;
12/05/2026 17:50:23;armas;Tocha do;T7;.1;T7_OFF_TORCH@1;;;;68202;;;;0001-01-01T00:00:00;2026-05-12T10:40:00;;;;;;
12/05/2026 17:50:23;armas;Tocha do;T7;.2;T7_OFF_TORCH@2;Caerleon;439980;;356166;;;2026-05-12T10:40:00;0001-01-01T00:00:00;2026-05-12T10:40:00;;439980;;;;
12/05/2026 17:50:23;armas;Tocha do;T7;.3;T7_OFF_TORCH@3;;;;737738;;;;0001-01-01T00:00:00;2026-05-12T10:40:00;;;;;;
12/05/2026 17:50:23;armas;Tocha do;T8;.0;T8_OFF_TORCH;Caerleon;199999;178885;1263;-21114;-10,56;2026-05-12T10:40:00;2026-05-12T09:35:00;2026-05-12T10:40:00;;199999;;;;
12/05/2026 17:50:23;armas;Tocha do;T8;.1;T8_OFF_TORCH@1;Caerleon;299978;;209658;;;2026-05-12T10:40:00;0001-01-01T00:00:00;2026-05-12T10:40:00;;299978;;;;
12/05/2026 17:50:23;armas;Tocha do;T8;.2;T8_OFF_TORCH@2;;;;308233;;;;0001-01-01T00:00:00;2026-05-12T10:40:00;;;;;;
12/05/2026 17:50:23;armas;Tocha do;T8;.3;T8_OFF_TORCH@3;;;;1869610;;;;0001-01-01T00:00:00;2026-05-12T10:40:00;;;;;;
12/05/2026 17:50:23;armas;Tomo de Feitiços;T5;.0;T5_OFF_BOOK;Fort Sterling;3787;7968;632;4181;110,40;2026-05-12T03:40:00;2026-05-12T16:25:00;2026-05-12T12:20:00;;8873;3787;;;
12/05/2026 17:50:23;armas;Tomo de Feitiços;T5;.1;T5_OFF_BOOK@1;Caerleon;29493;;39816;;;2026-05-12T12:20:00;0001-01-01T00:00:00;2026-05-12T12:20:00;;29493;;;;
12/05/2026 17:50:23;armas;Tomo de Feitiços;T5;.2;T5_OFF_BOOK@2;Caerleon;1000000;;;;;2026-05-12T06:25:00;0001-01-01T00:00:00;0001-01-01T00:00:00;;1000000;;;;
12/05/2026 17:50:23;armas;Tomo de Feitiços;T5;.3;T5_OFF_BOOK@3;Caerleon;209999;;200817;;;2026-05-12T10:40:00;0001-01-01T00:00:00;2026-05-12T10:40:00;;209999;;;;
12/05/2026 17:50:23;armas;Tomo de Feitiços;T6;.0;T6_OFF_BOOK;Fort Sterling;17995;29991;1896;11996;66,66;2026-05-12T04:05:00;2026-05-12T16:25:00;2026-05-12T12:20:00;18991;20085;17995;;;
12/05/2026 17:50:23;armas;Tomo de Feitiços;T6;.1;T6_OFF_BOOK@1;Bridgewatch;20281;;15800;;;2026-05-11T22:40:00;0001-01-01T00:00:00;2026-05-12T12:20:00;20281;38959;;;;
12/05/2026 17:50:23;armas;Tomo de Feitiços;T6;.2;T6_OFF_BOOK@2;;;;31575;;;;0001-01-01T00:00:00;2026-05-12T10:40:00;;;;;;
12/05/2026 17:50:23;armas;Tomo de Feitiços;T6;.3;T6_OFF_BOOK@3;Fort Sterling;303996;;343536;;;2026-05-11T21:45:00;0001-01-01T00:00:00;2026-05-12T10:40:00;;;303996;;;
12/05/2026 17:50:23;armas;Tomo de Feitiços;T7;.0;T7_OFF_BOOK;Caerleon;67466;;32864;;;2026-05-12T10:40:00;0001-01-01T00:00:00;2026-05-12T12:20:00;;67466;;;;
12/05/2026 17:50:23;armas;Tomo de Feitiços;T7;.1;T7_OFF_BOOK@1;Caerleon;124995;;70728;;;2026-05-12T10:40:00;0001-01-01T00:00:00;2026-05-12T12:20:00;;124995;;;;
12/05/2026 17:50:23;armas;Tomo de Feitiços;T7;.2;T7_OFF_BOOK@2;;;;133878;;;;0001-01-01T00:00:00;2026-05-12T10:40:00;;;;;;
12/05/2026 17:50:23;armas;Tomo de Feitiços;T7;.3;T7_OFF_BOOK@3;;;;1045971;;;;0001-01-01T00:00:00;2026-05-12T12:20:00;;;;;;
12/05/2026 17:50:23;armas;Tomo de Feitiços;T8;.0;T8_OFF_BOOK;Caerleon;144999;;104829;;;2026-05-12T15:05:00;0001-01-01T00:00:00;2026-05-12T10:40:00;;144999;;;;
12/05/2026 17:50:23;armas;Tomo de Feitiços;T8;.1;T8_OFF_BOOK@1;Caerleon;499000;;343536;;;2026-05-12T15:05:00;0001-01-01T00:00:00;2026-05-12T10:40:00;;499000;;;;
12/05/2026 17:50:23;armas;Tomo de Feitiços;T8;.2;T8_OFF_BOOK@2;;;;409293;;;;0001-01-01T00:00:00;2026-05-12T10:40:00;;;;;;
12/05/2026 17:50:23;armas;Tomo de Feitiços;T8;.3;T8_OFF_BOOK@3;;;;444664;;;;0001-01-01T00:00:00;2026-05-12T10:40:00;;;;;;
